,ORDERNUMBER,QUANTITYORDERED,PRICEEACH,ORDERLINENUMBER,SALES,DAYS_SINCE_LASTORDER,STATUS,PRODUCTLINE,MSRP,PRODUCTCODE,CUSTOMERNAME,PHONE,ADDRESSLINE1,CITY,POSTALCODE,COUNTRY,CONTACTLASTNAME,CONTACTFIRSTNAME,DEALSIZE,DAY,MONTH,YEAR
0,10107,30,95.7,2,2871.0,828,Shipped,Motorcycles,95,S10_1678,Land of Toys Inc.,2125557818,897 Long Airport Avenue,NYC,10022,USA,Yu,Kwai,Small,24,2,2018
1,10121,34,81.35,5,2765.9,757,Shipped,Motorcycles,95,S10_1678,Reims Collectables,26.47.1555,59 rue de l'Abbaye,Reims,51100,France,Henriot,Paul,Small,7,5,2018
2,10134,41,94.74,2,3884.34,703,Shipped,Motorcycles,95,S10_1678,Lyon Souveniers,+33 1 46 62 7555,27 rue du Colonel Pierre Avia,Paris,75508,France,Da Cunha,Daniel,Medium,1,7,2018
3,10145,45,83.26,6,3746.7,649,Shipped,Motorcycles,95,S10_1678,Toys4GrownUps.com,6265557265,78934 Hillside Dr.,Pasadena,90003,USA,Young,Julie,Medium,25,8,2018
4,10168,36,96.66,1,3479.76,586,Shipped,Motorcycles,95,S10_1678,Technics Stores Inc.,6505556809,9408 Furth Circle,Burlingame,94217,USA,Hirano,Juri,Medium,28,10,2018
5,10180,29,86.13,9,2497.77,573,Shipped,Motorcycles,95,S10_1678,Daedalus Designs Imports,20.16.1555,"184, chausse de Tournai",Lille,59000,France,Rance,Martine,Small,11,11,2018
6,10188,48,114.84,1,5512.32,567,Shipped,Motorcycles,95,S10_1678,Herkku Gifts,+47 2267 3215,"Drammen 121, PR 744 Sentrum",Bergen,N 5804,Norway,Oeztan,Veysel,Medium,18,11,2018
7,10211,41,114.84,14,4708.44,510,Shipped,Motorcycles,95,S10_1678,Auto Canal Petit,(1) 47.55.6555,"25, rue Lauriston",Paris,75016,France,Perrier,Dominique,Medium,15,1,2019
8,10223,37,107.18,1,3965.66,475,Shipped,Motorcycles,95,S10_1678,"Australian Collectors, Co.",03 9520 4555,636 St Kilda Road,Melbourne,3004,Australia,Ferguson,Peter,Medium,20,2,2019
9,10237,23,101.44,7,2333.12,432,Shipped,Motorcycles,95,S10_1678,Vitachrome Inc.,2125551500,2678 Kingston Rd.,NYC,10022,USA,Frick,Michael,Small,5,4,2019
10,10251,28,113.88,2,3188.64,390,Shipped,Motorcycles,95,S10_1678,Tekni Collectables Inc.,2015559350,7476 Moss Rd.,Newark,94019,USA,Brown,William,Medium,18,5,2019
11,10263,34,108.14,2,3676.76,350,Shipped,Motorcycles,95,S10_1678,Gift Depot Inc.,2035552570,25593 South Bay Ln.,Bridgewater,97562,USA,King,Julie,Medium,28,6,2019
12,10275,45,92.83,1,4177.35,326,Shipped,Motorcycles,95,S10_1678,La Rochelle Gifts,40.67.8555,"67, rue des Cinquante Otages",Nantes,44000,France,Labrune,Janine,Medium,23,7,2019
13,10285,36,113.88,6,4099.68,292,Shipped,Motorcycles,95,S10_1678,Marta's Replicas Co.,6175558555,39323 Spinnaker Dr.,Cambridge,51247,USA,Hernandez,Marta,Medium,27,8,2019
14,10299,23,112.93,9,2597.39,259,Shipped,Motorcycles,95,S10_1678,"Toys of Finland, Co.",90-224 8555,Keskuskatu 45,Helsinki,21240,Finland,Karttunen,Matti,Small,30,9,2019
15,10309,41,107.18,5,4394.38,245,Shipped,Motorcycles,95,S10_1678,Baane Mini Imports,07-98 9555,Erling Skakkes gate 78,Stavern,4110,Norway,Bergulfsen,Jonas,Medium,15,10,2019
16,10318,46,94.74,1,4358.04,228,Shipped,Motorcycles,95,S10_1678,Diecast Classics Inc.,2155551555,7586 Pompton St.,Allentown,70267,USA,Yu,Kyung,Medium,2,11,2019
17,10329,42,104.67,1,4396.14,216,Shipped,Motorcycles,95,S10_1678,Land of Toys Inc.,2125557818,897 Long Airport Avenue,NYC,10022,USA,Yu,Kwai,Medium,15,11,2019
18,10341,41,188.73,9,7737.93,208,Shipped,Motorcycles,95,S10_1678,Salzburg Collectables,6562-9555,Geislweg 14,Salzburg,5020,Austria,Pipps,Georg,Large,24,11,2019
19,10361,20,72.55,13,1451.0,186,Shipped,Motorcycles,95,S10_1678,Souveniers And Things Co.,+61 2 9495 8555,"Monitor Money Building, 815 Pacific Hwy",Chatswood,2067,Australia,Huxley,Adrian,Small,17,12,2019
20,10375,21,34.91,12,733.11,139,Shipped,Motorcycles,95,S10_1678,La Rochelle Gifts,40.67.8555,"67, rue des Cinquante Otages",Nantes,44000,France,Labrune,Janine,Small,3,2,2020
21,10388,42,76.36,4,3207.12,111,Shipped,Motorcycles,95,S10_1678,FunGiftIdeas.com,5085552555,1785 First Street,New Bedford,50553,USA,Benitez,Violeta,Medium,3,3,2020
22,10403,24,101.44,7,2434.56,76,Shipped,Motorcycles,95,S10_1678,"UK Collectables, Ltd.",(171) 555-2282,Berkeley Gardens 12  Brewery,Liverpool,WX1 6LT,UK,Devon,Elizabeth,Small,8,4,2020
23,10417,66,113.88,2,7516.08,42,Disputed,Motorcycles,95,S10_1678,Euro Shopping Channel,(91) 555 94 44,"C/ Moralzarzal, 86",Madrid,28034,Spain,Freyre,Diego,Large,13,5,2020
24,10103,26,207.87,11,5404.62,878,Shipped,Classic Cars,214,S10_1949,Baane Mini Imports,07-98 9555,Erling Skakkes gate 78,Stavern,4110,Norway,Bergulfsen,Jonas,Medium,29,1,2018
25,10112,29,248.59,1,7209.11,825,Shipped,Classic Cars,214,S10_1949,"Volvo Model Replicas, Co",0921-12 3555,Berguvsvgen  8,Lule,S-958 22,Sweden,Berglund,Christina,Large,24,3,2018
26,10126,38,192.87,11,7329.06,761,Shipped,Classic Cars,214,S10_1949,"Corrida Auto Replicas, Ltd",(91) 555 22 82,"C/ Araquil, 67",Madrid,28023,Spain,Sommer,Mart¡n,Large,28,5,2018
27,10140,37,199.3,11,7374.1,705,Shipped,Classic Cars,214,S10_1949,Technics Stores Inc.,6505556809,9408 Furth Circle,Burlingame,94217,USA,Hirano,Juri,Large,24,7,2018
28,10150,45,244.3,8,10993.5,649,Shipped,Classic Cars,214,S10_1949,"Dragon Souveniers, Ltd.",+65 221 7555,"Bronz Sok., Bronz Apt. 3/6 Tesvikiye",Singapore,79903,Singapore,Natividad,Eric,Large,19,9,2018
29,10163,21,231.44,1,4860.24,619,Shipped,Classic Cars,214,S10_1949,Classic Legends Inc.,2125558493,5905 Pompton St.,NYC,10022,USA,Hernandez,Maria,Medium,20,10,2018
30,10174,34,235.73,4,8014.82,603,Shipped,Classic Cars,214,S10_1949,"Australian Gift Network, Co",61-7-3844-6555,31 Duncan St. West End,South Brisbane,4101,Australia,Calaghan,Tony,Large,6,11,2018
31,10183,23,233.59,8,5372.57,597,Shipped,Classic Cars,214,S10_1949,"Classic Gift Ideas, Inc",2155554695,782 First Street,Philadelphia,71270,USA,Cervantes,Francisca,Medium,13,11,2018
32,10194,42,173.58,11,7290.36,586,Shipped,Classic Cars,214,S10_1949,"Saveley & Henriot, Co.",78.32.5555,"2, rue du Commerce",Lyon,69004,France,Saveley,Mary,Large,25,11,2018
33,10206,47,192.87,6,9064.89,577,Shipped,Classic Cars,214,S10_1949,Canadian Gift Exchange Network,(604) 555-3392,1900 Oak St.,Vancouver,V3F 2K1,Canada,Tannamuri,Yoshi,Large,5,12,2018
34,10215,35,173.58,3,6075.3,523,Shipped,Classic Cars,214,S10_1949,West Coast Collectables Co.,3105553722,3675 Furth Circle,Burbank,94019,USA,Thompson,Steve,Medium,29,1,2019
35,10228,29,222.87,2,6463.23,484,Shipped,Classic Cars,214,S10_1949,Cambridge Collectables Co.,6175555555,4658 Baden Av.,Cambridge,51247,USA,Tseng,Kyung,Medium,10,3,2019
36,10245,34,180.01,9,6120.34,430,Shipped,Classic Cars,214,S10_1949,Super Scale Inc.,2035559545,567 North Pendale Street,New Haven,97823,USA,Murphy,Leslie,Medium,4,5,2019
37,10258,32,240.02,6,7680.64,389,Shipped,Classic Cars,214,S10_1949,"Tokyo Collectables, Ltd",+81 3 3584 0555,2-2-8 Roppongi,Minato-ku,106-0032,Japan,Shimamura,Akiko,Large,15,6,2019
38,10270,21,233.59,9,4905.39,356,Shipped,Classic Cars,214,S10_1949,Souveniers And Things Co.,+61 2 9495 8555,"Monitor Money Building, 815 Pacific Hwy",Chatswood,2067,Australia,Huxley,Adrian,Medium,19,7,2019
39,10280,34,235.73,2,8014.82,328,Shipped,Classic Cars,214,S10_1949,Amica Models & Co.,011-4988555,Via Monte Bianco 34,Torino,10100,Italy,Accorti,Paolo,Large,17,8,2019
40,10291,37,192.87,11,7136.19,307,Shipped,Classic Cars,214,S10_1949,Scandinavian Gift Ideas,0695-34 6555,?kergatan 24,Boras,S-844 67,Sweden,Larsson,Maria,Large,8,9,2019
41,10304,47,216.44,6,10172.7,275,Shipped,Classic Cars,214,S10_1949,Auto Assoc. & Cie.,30.59.8555,"67, avenue de l'Europe",Versailles,78000,France,Tonini,Daniel,Large,11,10,2019
42,10312,48,242.16,3,11623.7,266,Shipped,Classic Cars,214,S10_1949,Mini Gifts Distributors Ltd.,4155551450,5677 Strong St.,San Rafael,97562,USA,Nelson,Valarie,Large,21,10,2019
43,10322,40,150.01,1,6000.4,253,Shipped,Classic Cars,214,S10_1949,Online Diecast Creations Co.,6035558647,2304 Long Airport Avenue,Nashua,62005,USA,Young,Valarie,Medium,4,11,2019
44,10347,30,131.49,1,3944.7,229,Shipped,Classic Cars,214,S10_1949,"Australian Collectors, Co.",03 9520 4555,636 St Kilda Road,Melbourne,3004,Australia,Ferguson,Peter,Medium,29,11,2019
45,10357,32,177.87,10,5691.84,219,Shipped,Classic Cars,214,S10_1949,Mini Gifts Distributors Ltd.,4155551450,5677 Strong St.,San Rafael,97562,USA,Nelson,Valarie,Medium,10,12,2019
46,10369,41,110.12,2,4514.92,179,Shipped,Classic Cars,214,S10_1949,Collectables For Less Inc.,6175558555,7825 Douglas Av.,Brickhaven,58339,USA,Nelson,Allen,Medium,20,1,2020
47,10391,24,100.69,4,2416.56,131,Shipped,Classic Cars,214,S10_1949,"Anna's Decorations, Ltd",02 9936 8555,201 Miller Street,North Sydney,2060,Australia,O'Hara,Anna,Small,9,3,2020
48,10411,23,180.01,9,4140.23,79,Shipped,Classic Cars,214,S10_1949,Quebec Home Shopping Network,(514) 555-8054,43 rue St. Laurent,Montreal,H1J 1C3,Canada,Fresnisre,Jean,Medium,1,5,2020
49,10424,50,240.02,6,12001.0,50,In Process,Classic Cars,214,S10_1949,Euro Shopping Channel,(91) 555 94 44,"C/ Moralzarzal, 86",Madrid,28034,Spain,Freyre,Diego,Large,31,5,2020
50,10107,39,99.91,5,3896.49,878,Shipped,Motorcycles,118,S10_2016,Land of Toys Inc.,2125557818,897 Long Airport Avenue,NYC,10022,USA,Yu,Kwai,Medium,24,2,2018
51,10120,29,96.34,3,2793.86,815,Shipped,Motorcycles,118,S10_2016,"Australian Collectors, Co.",03 9520 4555,636 St Kilda Road,Melbourne,3004,Australia,Ferguson,Peter,Small,29,4,2018
52,10134,27,122.51,5,3307.77,753,Shipped,Motorcycles,118,S10_2016,Lyon Souveniers,+33 1 46 62 7555,27 rue du Colonel Pierre Avia,Paris,75508,France,Da Cunha,Daniel,Medium,1,7,2018
53,10145,37,140.35,9,5192.95,699,Shipped,Motorcycles,118,S10_2016,Toys4GrownUps.com,6265557265,78934 Hillside Dr.,Pasadena,90003,USA,Young,Julie,Medium,25,8,2018
54,10168,27,135.59,4,3660.93,636,Shipped,Motorcycles,118,S10_2016,Technics Stores Inc.,6505556809,9408 Furth Circle,Burlingame,94217,USA,Hirano,Juri,Medium,28,10,2018
55,10180,42,111.8,12,4695.6,623,Shipped,Motorcycles,118,S10_2016,Daedalus Designs Imports,20.16.1555,"184, chausse de Tournai",Lille,59000,France,Rance,Martine,Medium,11,11,2018
56,10188,38,96.34,4,3660.92,617,Shipped,Motorcycles,118,S10_2016,Herkku Gifts,+47 2267 3215,"Drammen 121, PR 744 Sentrum",Bergen,N 5804,Norway,Oeztan,Veysel,Medium,18,11,2018
57,10210,23,130.83,2,3009.09,563,Shipped,Motorcycles,118,S10_2016,Osaka Souveniers Co.,+81 06 6342 5555,"Dojima Avanza 4F, 1-6-20 Dojima, Kita-ku",Osaka,530-0003,Japan,Kentary,Mory,Medium,12,1,2019
58,10223,47,115.37,4,5422.39,525,Shipped,Motorcycles,118,S10_2016,"Australian Collectors, Co.",03 9520 4555,636 St Kilda Road,Melbourne,3004,Australia,Ferguson,Peter,Medium,20,2,2019
59,10236,22,129.64,1,2852.08,484,Shipped,Motorcycles,118,S10_2016,Motor Mint Distributors Inc.,2155559857,11328 Douglas Av.,Philadelphia,71270,USA,Hernandez,Rosa,Small,3,4,2019
60,10251,44,130.83,5,5756.52,440,Shipped,Motorcycles,118,S10_2016,Tekni Collectables Inc.,2015559350,7476 Moss Rd.,Newark,94019,USA,Brown,William,Medium,18,5,2019
61,10263,40,111.8,5,4472.0,400,Shipped,Motorcycles,118,S10_2016,Gift Depot Inc.,2035552570,25593 South Bay Ln.,Bridgewater,97562,USA,King,Julie,Medium,28,6,2019
62,10275,22,132.02,4,2904.44,376,Shipped,Motorcycles,118,S10_2016,La Rochelle Gifts,40.67.8555,"67, rue des Cinquante Otages",Nantes,44000,France,Labrune,Janine,Small,23,7,2019
63,10285,47,137.97,9,6484.59,342,Shipped,Motorcycles,118,S10_2016,Marta's Replicas Co.,6175558555,39323 Spinnaker Dr.,Cambridge,51247,USA,Hernandez,Marta,Medium,27,8,2019
64,10298,39,96.34,1,3757.26,312,Shipped,Motorcycles,118,S10_2016,Atelier graphique,40.32.2555,"54, rue Royale",Nantes,44000,France,Schmitt,Carine,Medium,27,9,2019
65,10308,34,118.94,2,4043.96,295,Shipped,Motorcycles,118,S10_2016,Mini Classics,9145554562,3758 North Pendale Street,White Plains,24067,USA,Frick,Steve,Medium,15,10,2019
66,10318,45,123.7,4,5566.5,278,Shipped,Motorcycles,118,S10_2016,Diecast Classics Inc.,2155551555,7586 Pompton St.,Allentown,70267,USA,Yu,Kyung,Medium,2,11,2019
67,10329,20,158.8,2,3176.0,266,Shipped,Motorcycles,118,S10_2016,Land of Toys Inc.,2125557818,897 Long Airport Avenue,NYC,10022,USA,Yu,Kwai,Medium,15,11,2019
68,10339,40,68.92,4,2756.8,259,Shipped,Motorcycles,118,S10_2016,"Tokyo Collectables, Ltd",+81 3 3584 0555,2-2-8 Roppongi,Minato-ku,106-0032,Japan,Shimamura,Akiko,Small,23,11,2019
69,10361,26,51.15,8,1329.9,236,Shipped,Motorcycles,118,S10_2016,Souveniers And Things Co.,+61 2 9495 8555,"Monitor Money Building, 815 Pacific Hwy",Chatswood,2067,Australia,Huxley,Adrian,Small,17,12,2019
70,10374,39,135.59,5,5288.01,190,Shipped,Motorcycles,118,S10_2016,"Australian Gift Network, Co",61-7-3844-6555,31 Duncan St. West End,South Brisbane,4101,Australia,Calaghan,Tony,Medium,2,2,2020
71,10388,50,44.51,5,2225.5,161,Shipped,Motorcycles,118,S10_2016,FunGiftIdeas.com,5085552555,1785 First Street,New Bedford,50553,USA,Benitez,Violeta,Small,3,3,2020
72,10402,45,129.64,1,5833.8,127,Shipped,Motorcycles,118,S10_2016,Auto Canal Petit,(1) 47.55.6555,"25, rue Lauriston",Paris,75016,France,Perrier,Dominique,Medium,7,4,2020
73,10417,45,130.83,5,5887.35,92,Disputed,Motorcycles,118,S10_2016,Euro Shopping Channel,(91) 555 94 44,"C/ Moralzarzal, 86",Madrid,28034,Spain,Freyre,Diego,Medium,13,5,2020
74,10107,27,224.65,4,6065.55,902,Shipped,Motorcycles,193,S10_4698,Land of Toys Inc.,2125557818,897 Long Airport Avenue,NYC,10022,USA,Yu,Kwai,Medium,24,2,2018
75,10120,46,201.41,2,9264.86,839,Shipped,Motorcycles,193,S10_4698,"Australian Collectors, Co.",03 9520 4555,636 St Kilda Road,Melbourne,3004,Australia,Ferguson,Peter,Large,29,4,2018
76,10134,31,226.58,4,7023.98,777,Shipped,Motorcycles,193,S10_4698,Lyon Souveniers,+33 1 46 62 7555,27 rue du Colonel Pierre Avia,Paris,75508,France,Da Cunha,Daniel,Large,1,7,2018
77,10145,33,156.86,8,5176.38,723,Shipped,Motorcycles,193,S10_4698,Toys4GrownUps.com,6265557265,78934 Hillside Dr.,Pasadena,90003,USA,Young,Julie,Medium,25,8,2018
78,10168,20,209.15,3,4183.0,660,Shipped,Motorcycles,193,S10_4698,Technics Stores Inc.,6505556809,9408 Furth Circle,Burlingame,94217,USA,Hirano,Juri,Medium,28,10,2018
79,10180,41,216.9,11,8892.9,647,Shipped,Motorcycles,193,S10_4698,Daedalus Designs Imports,20.16.1555,"184, chausse de Tournai",Lille,59000,France,Rance,Martine,Large,11,11,2018
80,10188,45,193.66,3,8714.7,641,Shipped,Motorcycles,193,S10_4698,Herkku Gifts,+47 2267 3215,"Drammen 121, PR 744 Sentrum",Bergen,N 5804,Norway,Oeztan,Veysel,Large,18,11,2018
81,10210,34,180.1,1,6123.4,587,Shipped,Motorcycles,193,S10_4698,Osaka Souveniers Co.,+81 06 6342 5555,"Dojima Avanza 4F, 1-6-20 Dojima, Kita-ku",Osaka,530-0003,Japan,Kentary,Mory,Medium,12,1,2019
82,10223,49,199.47,3,9774.03,549,Shipped,Motorcycles,193,S10_4698,"Australian Collectors, Co.",03 9520 4555,636 St Kilda Road,Melbourne,3004,Australia,Ferguson,Peter,Large,20,2,2019
83,10237,39,180.1,9,7023.9,506,Shipped,Motorcycles,193,S10_4698,Vitachrome Inc.,2125551500,2678 Kingston Rd.,NYC,10022,USA,Frick,Michael,Large,5,4,2019
84,10251,43,164.61,4,7078.23,464,Shipped,Motorcycles,193,S10_4698,Tekni Collectables Inc.,2015559350,7476 Moss Rd.,Newark,94019,USA,Brown,William,Large,18,5,2019
85,10263,41,203.34,4,8336.94,424,Shipped,Motorcycles,193,S10_4698,Gift Depot Inc.,2035552570,25593 South Bay Ln.,Bridgewater,97562,USA,King,Julie,Large,28,6,2019
86,10275,36,191.72,3,6901.92,400,Shipped,Motorcycles,193,S10_4698,La Rochelle Gifts,40.67.8555,"67, rue des Cinquante Otages",Nantes,44000,France,Labrune,Janine,Medium,23,7,2019
87,10285,27,201.41,8,5438.07,366,Shipped,Motorcycles,193,S10_4698,Marta's Replicas Co.,6175558555,39323 Spinnaker Dr.,Cambridge,51247,USA,Hernandez,Marta,Medium,27,8,2019
88,10299,29,230.46,11,6683.34,333,Shipped,Motorcycles,193,S10_4698,"Toys of Finland, Co.",90-224 8555,Keskuskatu 45,Helsinki,21240,Finland,Karttunen,Matti,Medium,30,9,2019
89,10308,20,228.52,1,4570.4,319,Shipped,Motorcycles,193,S10_4698,Mini Classics,9145554562,3758 North Pendale Street,White Plains,24067,USA,Frick,Steve,Medium,15,10,2019
90,10318,37,207.22,3,7667.14,302,Shipped,Motorcycles,193,S10_4698,Diecast Classics Inc.,2155551555,7586 Pompton St.,Allentown,70267,USA,Yu,Kyung,Large,2,11,2019
91,10329,26,225.7,3,5868.2,290,Shipped,Motorcycles,193,S10_4698,Land of Toys Inc.,2125557818,897 Long Airport Avenue,NYC,10022,USA,Yu,Kwai,Medium,15,11,2019
92,10339,39,76.67,3,2990.13,283,Shipped,Motorcycles,193,S10_4698,"Tokyo Collectables, Ltd",+81 3 3584 0555,2-2-8 Roppongi,Minato-ku,106-0032,Japan,Shimamura,Akiko,Small,23,11,2019
93,10362,22,166.55,4,3664.1,241,Shipped,Motorcycles,193,S10_4698,Technics Stores Inc.,6505556809,9408 Furth Circle,Burlingame,94217,USA,Hirano,Juri,Medium,5,1,2020
94,10374,22,174.29,1,3834.38,214,Shipped,Motorcycles,193,S10_4698,"Australian Gift Network, Co",61-7-3844-6555,31 Duncan St. West End,South Brisbane,4101,Australia,Calaghan,Tony,Medium,2,2,2020
95,10388,21,86.77,7,1822.17,185,Shipped,Motorcycles,193,S10_4698,FunGiftIdeas.com,5085552555,1785 First Street,New Bedford,50553,USA,Benitez,Violeta,Small,3,3,2020
96,10403,66,180.1,9,11886.6,150,Shipped,Motorcycles,193,S10_4698,"UK Collectables, Ltd.",(171) 555-2282,Berkeley Gardens 12  Brewery,Liverpool,WX1 6LT,UK,Devon,Elizabeth,Large,8,4,2020
97,10417,56,164.61,4,9218.16,116,Disputed,Motorcycles,193,S10_4698,Euro Shopping Channel,(91) 555 94 44,"C/ Moralzarzal, 86",Madrid,28034,Spain,Freyre,Diego,Large,13,5,2020
98,10105,50,144.16,2,7208.0,939,Shipped,Classic Cars,136,S10_4757,Danish Wholesale Imports,31 12 3555,Vinb'ltet 34,Kobenhavn,1734,Denmark,Petersen,Jytte,Large,11,2,2018
99,10119,46,108.8,11,5004.8,864,Shipped,Classic Cars,136,S10_4757,Salzburg Collectables,6562-9555,Geislweg 14,Salzburg,5020,Austria,Pipps,Georg,Medium,28,4,2018
100,10129,33,133.28,2,4398.24,820,Shipped,Classic Cars,136,S10_4757,"Stylish Desk Decors, Co.",(171) 555-0297,35 King George,London,WX3 6FW,UK,Brown,Ann,Medium,12,6,2018
101,10143,49,114.24,15,5597.76,762,Shipped,Classic Cars,136,S10_4757,Mini Creations Ltd.,5085559555,4575 Hillside Dr.,New Bedford,50553,USA,Tam,Wing C,Medium,10,8,2018
102,10155,32,141.44,13,4526.08,706,Shipped,Classic Cars,136,S10_4757,"Toys of Finland, Co.",90-224 8555,Keskuskatu 45,Helsinki,21240,Finland,Karttunen,Matti,Medium,6,10,2018
103,10167,44,134.64,9,5924.16,690,Cancelled,Classic Cars,136,S10_4757,Scandinavian Gift Ideas,0695-34 6555,?kergatan 24,Boras,S-844 67,Sweden,Larsson,Maria,Medium,23,10,2018
104,10178,24,145.52,12,3492.48,675,Shipped,Classic Cars,136,S10_4757,Alpha Cognac,61.77.6555,1 rue Alsace-Lorraine,Toulouse,31000,France,Roulet,Annette,Medium,8,11,2018
105,10186,26,148.24,9,3854.24,670,Shipped,Classic Cars,136,S10_4757,"Double Decker Gift Stores, Ltd",(171) 555-7555,120 Hanover Sq.,London,WA1 1DP,UK,Hardy,Thomas,Medium,14,11,2018
106,10197,45,118.32,6,5324.4,659,Shipped,Classic Cars,136,S10_4757,Enaco Distributors,(93) 203 4555,"Rambla de Catalu¤a, 23",Barcelona,8022,Spain,Saavedra,Eduardo,Medium,26,11,2018
107,10222,49,122.4,12,5997.6,575,Shipped,Classic Cars,136,S10_4757,Collectable Mini Designs Co.,7605558146,361 Furth Circle,San Diego,91217,USA,Thompson,Valarie,Medium,19,2,2019
108,10248,20,145.52,3,2910.4,499,Cancelled,Classic Cars,136,S10_4757,Land of Toys Inc.,2125557818,897 Long Airport Avenue,NYC,10022,USA,Yu,Kwai,Small,7,5,2019
109,10261,27,125.12,1,3378.24,459,Shipped,Classic Cars,136,S10_4757,Quebec Home Shopping Network,(514) 555-8054,43 rue St. Laurent,Montreal,H1J 1C3,Canada,Fresnisre,Jean,Medium,17,6,2019
110,10273,30,116.96,4,3508.8,426,Shipped,Classic Cars,136,S10_4757,Petit Auto,(02) 5554 67,Rue Joseph-Bens 532,Bruxelles,B-1180,Belgium,Dewey,Catherine,Medium,21,7,2019
111,10283,25,119.68,6,2992.0,397,Shipped,Classic Cars,136,S10_4757,"Royal Canadian Collectables, Ltd.",(604) 555-4555,23 Tsawassen Blvd.,Tsawassen,T2F 8M4,Canada,Lincoln,Elizabeth,Small,20,8,2019
112,10295,24,142.8,1,3427.2,377,Shipped,Classic Cars,136,S10_4757,Gifts4AllAges.com,6175559555,8616 Spinnaker Dr.,Boston,51003,USA,Yoshido,Juri,Medium,10,9,2019
113,10307,22,122.4,9,2692.8,344,Shipped,Classic Cars,136,S10_4757,"Classic Gift Ideas, Inc",2155554695,782 First Street,Philadelphia,71270,USA,Cervantes,Francisca,Small,14,10,2019
114,10316,33,125.12,17,4128.96,327,Shipped,Classic Cars,136,S10_4757,giftsbymail.co.uk,(198) 555-8888,Garden House Crowther Way,Cowes,PO31 7PJ,UK,Bennett,Helen,Medium,1,11,2019
115,10325,47,64.93,6,3051.71,324,Shipped,Classic Cars,136,S10_4757,Baane Mini Imports,07-98 9555,Erling Skakkes gate 78,Stavern,4110,Norway,Bergulfsen,Jonas,Medium,5,11,2019
116,10337,25,48.05,8,1201.25,309,Shipped,Classic Cars,136,S10_4757,Classic Legends Inc.,2125558493,5905 Pompton St.,NYC,10022,USA,Hernandez,Maria,Small,21,11,2019
117,10350,26,75.47,5,1962.22,299,Shipped,Classic Cars,136,S10_4757,Euro Shopping Channel,(91) 555 94 44,"C/ Moralzarzal, 86",Madrid,28034,Spain,Freyre,Diego,Small,2,12,2019
118,10359,48,54.68,6,2624.64,287,Shipped,Classic Cars,136,S10_4757,Reims Collectables,26.47.1555,59 rue de l'Abbaye,Reims,51100,France,Henriot,Paul,Small,15,12,2019
119,10373,39,103.75,3,4046.25,241,Shipped,Classic Cars,136,S10_4757,"Oulu Toy Supplies, Inc.",981-443655,Torikatu 38,Oulu,90110,Finland,Koskitalo,Pirkko,Medium,31,1,2020
120,10395,32,105.33,2,3370.56,196,Shipped,Classic Cars,136,S10_4757,Lyon Souveniers,+33 1 46 62 7555,27 rue du Colonel Pierre Avia,Paris,75508,France,Da Cunha,Daniel,Medium,17,3,2020
121,10400,64,150.96,9,9661.44,182,Shipped,Classic Cars,136,S10_4757,The Sharp Gifts Warehouse,4085553659,3086 Ingle Ln.,San Jose,94217,USA,Frick,Sue,Large,1,4,2020
122,10414,19,145.52,3,2764.88,148,On Hold,Classic Cars,136,S10_4757,Gifts4AllAges.com,6175559555,8616 Spinnaker Dr.,Boston,51003,USA,Yoshido,Juri,Small,6,5,2020
123,10103,42,128.53,4,5398.26,977,Shipped,Classic Cars,147,S10_4962,Baane Mini Imports,07-98 9555,Erling Skakkes gate 78,Stavern,4110,Norway,Bergulfsen,Jonas,Medium,29,1,2018
124,10114,31,138.88,8,4305.28,916,Shipped,Classic Cars,147,S10_4962,"La Corne D'abondance, Co.",(1) 42.34.2555,"265, boulevard Charonne",Paris,75012,France,Bertrand,Marie,Medium,1,4,2018
125,10126,22,152.17,4,3347.74,860,Shipped,Classic Cars,147,S10_4962,"Corrida Auto Replicas, Ltd",(91) 555 22 82,"C/ Araquil, 67",Madrid,28023,Spain,Sommer,Mart¡n,Medium,28,5,2018
126,10140,26,122.62,4,3188.12,804,Shipped,Classic Cars,147,S10_4962,Technics Stores Inc.,6505556809,9408 Furth Circle,Burlingame,94217,USA,Hirano,Juri,Medium,24,7,2018
127,10150,20,159.56,1,3191.2,748,Shipped,Classic Cars,147,S10_4962,"Dragon Souveniers, Ltd.",+65 221 7555,"Bronz Sok., Bronz Apt. 3/6 Tesvikiye",Singapore,79903,Singapore,Natividad,Eric,Medium,19,9,2018
128,10164,21,168.42,2,3536.82,717,Resolved,Classic Cars,147,S10_4962,Mini Auto Werke,7675-3555,Kirchgasse 6,Graz,8010,Austria,Mendel,Roland,Medium,21,10,2018
129,10175,33,162.51,9,5362.83,702,Shipped,Classic Cars,147,S10_4962,"Stylish Desk Decors, Co.",(171) 555-0297,35 King George,London,WX3 6FW,UK,Brown,Ann,Medium,6,11,2018
130,10183,28,122.62,1,3433.36,696,Shipped,Classic Cars,147,S10_4962,"Classic Gift Ideas, Inc",2155554695,782 First Street,Philadelphia,71270,USA,Cervantes,Francisca,Medium,13,11,2018
131,10194,26,163.99,4,4263.74,685,Shipped,Classic Cars,147,S10_4962,"Saveley & Henriot, Co.",78.32.5555,"2, rue du Commerce",Lyon,69004,France,Saveley,Mary,Medium,25,11,2018
132,10207,31,131.49,15,4076.19,672,Shipped,Classic Cars,147,S10_4962,Diecast Collectables,6175552555,6251 Ingle Ln.,Boston,51003,USA,Franco,Valarie,Medium,9,12,2018
133,10217,48,146.26,4,7020.48,616,Shipped,Classic Cars,147,S10_4962,Handji Gifts& Co,+65 224 1555,Village Close - 106 Linden Road Sandown,Singapore,69045,Singapore,Victorino,Wendy,Large,4,2,2019
134,10229,50,128.53,9,6426.5,582,Shipped,Classic Cars,147,S10_4962,Mini Gifts Distributors Ltd.,4155551450,5677 Strong St.,San Rafael,97562,USA,Nelson,Valarie,Medium,11,3,2019
135,10245,28,163.99,2,4591.72,529,Shipped,Classic Cars,147,S10_4962,Super Scale Inc.,2035559545,567 North Pendale Street,New Haven,97823,USA,Murphy,Leslie,Medium,4,5,2019
136,10259,26,155.13,12,4033.38,488,Shipped,Classic Cars,147,S10_4962,Handji Gifts& Co,+65 224 1555,Village Close - 106 Linden Road Sandown,Singapore,69045,Singapore,Victorino,Wendy,Medium,15,6,2019
137,10270,32,134.44,2,4302.08,455,Shipped,Classic Cars,147,S10_4962,Souveniers And Things Co.,+61 2 9495 8555,"Monitor Money Building, 815 Pacific Hwy",Chatswood,2067,Australia,Huxley,Adrian,Medium,19,7,2019
138,10281,44,159.56,9,7020.64,425,Shipped,Classic Cars,147,S10_4962,Diecast Classics Inc.,2155551555,7586 Pompton St.,Allentown,70267,USA,Yu,Kyung,Large,19,8,2019
139,10291,30,128.53,4,3855.9,406,Shipped,Classic Cars,147,S10_4962,Scandinavian Gift Ideas,0695-34 6555,?kergatan 24,Boras,S-844 67,Sweden,Larsson,Maria,Medium,8,9,2019
140,10305,38,175.81,13,6680.78,372,Shipped,Classic Cars,147,S10_4962,Marta's Replicas Co.,6175558555,39323 Spinnaker Dr.,Cambridge,51247,USA,Hernandez,Marta,Medium,13,10,2019
141,10313,40,166.95,7,6678.0,364,Shipped,Classic Cars,147,S10_4962,Canadian Gift Exchange Network,(604) 555-3392,1900 Oak St.,Vancouver,V3F 2K1,Canada,Tannamuri,Yoshi,Medium,22,10,2019
142,10322,46,61.99,8,2851.54,352,Shipped,Classic Cars,147,S10_4962,Online Diecast Creations Co.,6035558647,2304 Long Airport Avenue,Nashua,62005,USA,Young,Valarie,Small,4,11,2019
143,10334,26,122.62,2,3188.12,338,On Hold,Classic Cars,147,S10_4962,"Volvo Model Replicas, Co",0921-12 3555,Berguvsvgen  8,Lule,S-958 22,Sweden,Berglund,Christina,Medium,19,11,2019
144,10347,27,164.0,2,4428.0,329,Shipped,Classic Cars,147,S10_4962,"Australian Collectors, Co.",03 9520 4555,636 St Kilda Road,Melbourne,3004,Australia,Ferguson,Peter,Medium,29,11,2019
145,10357,43,134.44,9,5780.92,319,Shipped,Classic Cars,147,S10_4962,Mini Gifts Distributors Ltd.,4155551450,5677 Strong St.,San Rafael,97562,USA,Nelson,Valarie,Medium,10,12,2019
146,10370,35,65.63,4,2297.05,279,Shipped,Classic Cars,147,S10_4962,"Anna's Decorations, Ltd",02 9936 8555,201 Miller Street,North Sydney,2060,Australia,O'Hara,Anna,Small,20,1,2020
147,10391,37,46.9,7,1735.3,231,Shipped,Classic Cars,147,S10_4962,"Anna's Decorations, Ltd",02 9936 8555,201 Miller Street,North Sydney,2060,Australia,O'Hara,Anna,Small,9,3,2020
148,10411,27,163.99,2,4427.73,179,Shipped,Classic Cars,147,S10_4962,Quebec Home Shopping Network,(514) 555-8054,43 rue St. Laurent,Montreal,H1J 1C3,Canada,Fresnisre,Jean,Medium,1,5,2020
149,10425,38,155.13,12,5894.94,150,In Process,Classic Cars,147,S10_4962,La Rochelle Gifts,40.67.8555,"67, rue des Cinquante Otages",Nantes,44000,France,Labrune,Janine,Medium,31,5,2020
150,10108,33,159.55,6,5265.15,971,Shipped,Classic Cars,194,S12_1099,Cruz & Sons Co.,+63 2 555 3587,15 McCallum Street - NatWest Center #13-03,Makati City,1227 MM,Philippines,Cruz,Arnold,Medium,3,3,2018
151,10122,42,180.95,10,7599.9,906,Shipped,Classic Cars,194,S12_1099,Marseille Mini Autos,91.24.4555,"12, rue des Bouchers",Marseille,13008,France,Lebihan,Laurence,Large,8,5,2018
152,10135,42,190.68,7,8008.56,852,Shipped,Classic Cars,194,S12_1099,Mini Gifts Distributors Ltd.,4155551450,5677 Strong St.,San Rafael,97562,USA,Nelson,Valarie,Large,2,7,2018
153,10147,48,192.62,7,9245.76,788,Shipped,Classic Cars,194,S12_1099,Collectables For Less Inc.,6175558555,7825 Douglas Av.,Brickhaven,58339,USA,Nelson,Allen,Large,5,9,2018
154,10169,30,167.33,2,5019.9,729,Shipped,Classic Cars,194,S12_1099,"Anna's Decorations, Ltd",02 9936 8555,201 Miller Street,North Sydney,2060,Australia,O'Hara,Anna,Medium,4,11,2018
155,10181,27,200.41,14,5411.07,722,Shipped,Classic Cars,194,S12_1099,Herkku Gifts,+47 2267 3215,"Drammen 121, PR 744 Sentrum",Bergen,N 5804,Norway,Oeztan,Veysel,Medium,12,11,2018
156,10191,21,182.9,3,3840.9,715,Shipped,Classic Cars,194,S12_1099,"Toms Spezialitten, Ltd",0221-5554327,Mehrheimerstr. 369,Koln,50739,Germany,Pfalzheim,Henriette,Medium,20,11,2018
157,10203,20,196.52,8,3930.4,704,Shipped,Classic Cars,194,S12_1099,Euro Shopping Channel,(91) 555 94 44,"C/ Moralzarzal, 86",Madrid,28034,Spain,Freyre,Diego,Medium,2,12,2018
158,10211,41,182.9,2,7498.9,661,Shipped,Classic Cars,194,S12_1099,Auto Canal Petit,(1) 47.55.6555,"25, rue Lauriston",Paris,75016,France,Perrier,Dominique,Large,15,1,2019
159,10225,27,167.33,9,4517.91,624,Shipped,Classic Cars,194,S12_1099,"Vida Sport, Ltd",0897-034555,Grenzacherweg 237,Gensve,1203,Switzerland,Holz,Michael,Medium,22,2,2019
160,10238,28,206.24,3,5774.72,579,Shipped,Classic Cars,194,S12_1099,Danish Wholesale Imports,31 12 3555,Vinb'ltet 34,Kobenhavn,1734,Denmark,Petersen,Jytte,Medium,9,4,2019
161,10253,24,163.44,13,3922.56,527,Cancelled,Classic Cars,194,S12_1099,"UK Collectables, Ltd.",(171) 555-2282,Berkeley Gardens 12  Brewery,Liverpool,WX1 6LT,UK,Devon,Elizabeth,Medium,1,6,2019
162,10266,44,208.19,14,9160.36,493,Shipped,Classic Cars,194,S12_1099,L'ordine Souveniers,0522-556555,Strada Provinciale 124,Reggio Emilia,42100,Italy,Moroni,Maurizio,Large,6,7,2019
163,10276,50,192.62,3,9631.0,467,Shipped,Classic Cars,194,S12_1099,Online Mini Collectables,6175557555,7635 Spinnaker Dr.,Brickhaven,58339,USA,Barajas,Miguel,Large,2,8,2019
164,10287,21,163.44,12,3432.24,440,Shipped,Classic Cars,194,S12_1099,"Vida Sport, Ltd",0897-034555,Grenzacherweg 237,Gensve,1203,Switzerland,Holz,Michael,Medium,30,8,2019
165,10300,33,167.33,5,5521.89,771,Shipped,Classic Cars,194,S12_1099,"Blauer See Auto, Co.",+49 69 66 90 2555,Lyonerstr. 34,Frankfurt,60528,Germany,Keitel,Roland,Medium,4,10,2018
166,10310,33,210.14,10,6934.62,395,Shipped,Classic Cars,194,S12_1099,"Toms Spezialitten, Ltd",0221-5554327,Mehrheimerstr. 369,Koln,50739,Germany,Pfalzheim,Henriette,Medium,16,10,2019
167,10320,31,221.81,3,6876.11,378,Shipped,Classic Cars,194,S12_1099,"Volvo Model Replicas, Co",0921-12 3555,Berguvsvgen  8,Lule,S-958 22,Sweden,Berglund,Christina,Medium,3,11,2019
168,10329,41,71.47,5,2930.27,367,Shipped,Classic Cars,194,S12_1099,Land of Toys Inc.,2125557818,897 Long Airport Avenue,NYC,10022,USA,Yu,Kwai,Small,15,11,2019
169,10341,45,79.65,2,3584.25,359,Shipped,Classic Cars,194,S12_1099,Salzburg Collectables,6562-9555,Geislweg 14,Salzburg,5020,Austria,Pipps,Georg,Medium,24,11,2019
170,10363,33,85.39,3,2817.87,317,Shipped,Classic Cars,194,S12_1099,Suominen Souveniers,+358 9 8045 555,"Software Engineering Center, SEC Oy",Espoo,FIN-02271,Finland,Suominen,Kalle,Small,6,1,2020
171,10375,45,76.0,7,3420.0,290,Shipped,Classic Cars,194,S12_1099,La Rochelle Gifts,40.67.8555,"67, rue des Cinquante Otages",Nantes,44000,France,Labrune,Janine,Medium,3,2,2020
172,10389,26,99.04,4,2575.04,262,Shipped,Classic Cars,194,S12_1099,Scandinavian Gift Ideas,0695-34 6555,?kergatan 24,Boras,S-844 67,Sweden,Larsson,Maria,Small,3,3,2020
173,10419,12,163.44,13,1961.28,188,Shipped,Classic Cars,194,S12_1099,Salzburg Collectables,6562-9555,Geislweg 14,Salzburg,5020,Austria,Pipps,Georg,Small,17,5,2020
174,10105,41,211.96,15,8690.36,1015,Shipped,Classic Cars,207,S12_1108,Danish Wholesale Imports,31 12 3555,Vinb'ltet 34,Kobenhavn,1734,Denmark,Petersen,Jytte,Large,11,2,2018
175,10117,33,182.86,9,6034.38,952,Shipped,Classic Cars,207,S12_1108,"Dragon Souveniers, Ltd.",+65 221 7555,"Bronz Sok., Bronz Apt. 3/6 Tesvikiye",Singapore,79903,Singapore,Natividad,Eric,Medium,16,4,2018
176,10127,46,245.2,2,11279.2,905,Shipped,Classic Cars,207,S12_1108,Muscle Machine Inc,2125557413,4092 Furth Circle,NYC,10022,USA,Young,Jeff,Large,3,6,2018
177,10142,33,243.13,12,8023.29,840,Shipped,Classic Cars,207,S12_1108,Mini Gifts Distributors Ltd.,4155551450,5677 Strong St.,San Rafael,97562,USA,Nelson,Valarie,Large,8,8,2018
178,10153,20,245.2,11,4904.0,790,Shipped,Classic Cars,207,S12_1108,Euro Shopping Channel,(91) 555 94 44,"C/ Moralzarzal, 86",Madrid,28034,Spain,Freyre,Diego,Medium,28,9,2018
179,10165,44,195.33,3,8594.52,767,Shipped,Classic Cars,207,S12_1108,"Dragon Souveniers, Ltd.",+65 221 7555,"Bronz Sok., Bronz Apt. 3/6 Tesvikiye",Singapore,79903,Singapore,Natividad,Eric,Large,22,10,2018
180,10176,33,226.5,2,7474.5,753,Shipped,Classic Cars,207,S12_1108,L'ordine Souveniers,0522-556555,Strada Provinciale 124,Reggio Emilia,42100,Italy,Moroni,Maurizio,Large,6,11,2018
181,10185,21,184.94,13,3883.74,746,Shipped,Classic Cars,207,S12_1108,Mini Creations Ltd.,5085559555,4575 Hillside Dr.,New Bedford,50553,USA,Tam,Wing C,Medium,14,11,2018
182,10196,47,189.1,5,8887.7,735,Shipped,Classic Cars,207,S12_1108,Super Scale Inc.,2035559545,567 North Pendale Street,New Haven,97823,USA,Murphy,Leslie,Large,26,11,2018
183,10208,46,187.02,13,8602.92,699,Shipped,Classic Cars,207,S12_1108,"Saveley & Henriot, Co.",78.32.5555,"2, rue du Commerce",Lyon,69004,France,Saveley,Mary,Large,2,1,2019
184,10220,32,224.42,2,7181.44,659,Shipped,Classic Cars,207,S12_1108,"Clover Collections, Co.",+353 1862 1555,25 Maiden Lane,Dublin,2,Ireland,Cassidy,Dean,Large,12,2,2019
185,10231,42,199.49,2,8378.58,625,Shipped,Classic Cars,207,S12_1108,CAF Imports,+34 913 728 555,"Merchants House, 27-30 Merchant's Quay",Madrid,28023,Spain,Fernandez,Jesus,Large,19,3,2019
186,10247,44,241.05,2,10606.2,579,Shipped,Classic Cars,207,S12_1108,Suominen Souveniers,+358 9 8045 555,"Software Engineering Center, SEC Oy",Espoo,FIN-02271,Finland,Suominen,Kalle,Large,5,5,2019
187,10272,35,166.24,2,5818.4,504,Shipped,Classic Cars,207,S12_1108,Diecast Classics Inc.,2155551555,7586 Pompton St.,Allentown,70267,USA,Yu,Kyung,Medium,20,7,2019
188,10282,41,172.47,5,7071.27,474,Shipped,Classic Cars,207,S12_1108,Mini Gifts Distributors Ltd.,4155551450,5677 Strong St.,San Rafael,97562,USA,Nelson,Valarie,Large,20,8,2019
189,10293,46,182.86,8,8411.56,455,Shipped,Classic Cars,207,S12_1108,Amica Models & Co.,011-4988555,Via Monte Bianco 34,Torino,10100,Italy,Accorti,Paolo,Large,9,9,2019
190,10306,31,211.96,13,6570.76,421,Shipped,Classic Cars,207,S12_1108,"AV Stores, Co.",(171) 555-1555,Fauntleroy Circus,Manchester,EC2 5NT,UK,Ashworth,Victoria,Medium,14,10,2019
191,10314,38,209.88,5,7975.44,414,Shipped,Classic Cars,207,S12_1108,Heintze Collectables,86 21 3555,Smagsloget 45,Aaarhus,8200,Denmark,Ibsen,Palle,Large,22,10,2019
192,10325,42,64.0,8,2688.0,401,Shipped,Classic Cars,207,S12_1108,Baane Mini Imports,07-98 9555,Erling Skakkes gate 78,Stavern,4110,Norway,Bergulfsen,Jonas,Small,5,11,2019
193,10336,33,57.22,10,1888.26,387,Shipped,Classic Cars,207,S12_1108,"La Corne D'abondance, Co.",(1) 42.34.2555,"265, boulevard Charonne",Paris,75012,France,Bertrand,Marie,Small,20,11,2019
194,10348,48,52.36,8,2513.28,407,Shipped,Classic Cars,207,S12_1108,"Corrida Auto Replicas, Ltd",(91) 555 22 82,"C/ Araquil, 67",Madrid,28023,Spain,Sommer,Mart¡n,Small,1,11,2019
195,10359,42,113.44,8,4764.48,364,Shipped,Classic Cars,207,S12_1108,Reims Collectables,26.47.1555,59 rue de l'Abbaye,Reims,51100,France,Henriot,Paul,Medium,15,12,2019
196,10371,32,111.27,6,3560.64,326,Shipped,Classic Cars,207,S12_1108,Mini Gifts Distributors Ltd.,4155551450,5677 Strong St.,San Rafael,97562,USA,Nelson,Valarie,Medium,23,1,2020
197,10382,34,112.46,10,3823.64,302,Shipped,Classic Cars,207,S12_1108,Mini Gifts Distributors Ltd.,4155551450,5677 Strong St.,San Rafael,97562,USA,Nelson,Valarie,Medium,17,2,2020
198,10395,33,69.12,1,2280.96,274,Shipped,Classic Cars,207,S12_1108,Lyon Souveniers,+33 1 46 62 7555,27 rue du Colonel Pierre Avia,Paris,75508,France,Da Cunha,Daniel,Small,17,3,2020
199,10413,36,241.05,2,8677.8,226,Shipped,Classic Cars,207,S12_1108,Gift Depot Inc.,2035552570,25593 South Bay Ln.,Bridgewater,97562,USA,King,Julie,Large,5,5,2020
200,10103,27,125.74,8,3394.98,1054,Shipped,Trucks and Buses,136,S12_1666,Baane Mini Imports,07-98 9555,Erling Skakkes gate 78,Stavern,4110,Norway,Bergulfsen,Jonas,Medium,29,1,2018
201,10113,21,162.64,2,3415.44,999,Shipped,Trucks and Buses,136,S12_1666,Mini Gifts Distributors Ltd.,4155551450,5677 Strong St.,San Rafael,97562,USA,Nelson,Valarie,Medium,26,3,2018
202,10126,21,116.17,8,2439.57,937,Shipped,Trucks and Buses,136,S12_1666,"Corrida Auto Replicas, Ltd",(91) 555 22 82,"C/ Araquil, 67",Madrid,28023,Spain,Sommer,Mart¡n,Small,28,5,2018
203,10140,38,127.1,8,4829.8,881,Shipped,Trucks and Buses,136,S12_1666,Technics Stores Inc.,6505556809,9408 Furth Circle,Burlingame,94217,USA,Hirano,Juri,Medium,24,7,2018
204,10150,30,136.67,5,4100.1,825,Shipped,Trucks and Buses,136,S12_1666,"Dragon Souveniers, Ltd.",+65 221 7555,"Bronz Sok., Bronz Apt. 3/6 Tesvikiye",Singapore,79903,Singapore,Natividad,Eric,Medium,19,9,2018
205,10164,49,133.94,6,6563.06,794,Resolved,Trucks and Buses,136,S12_1666,Mini Auto Werke,7675-3555,Kirchgasse 6,Graz,8010,Austria,Mendel,Roland,Medium,21,10,2018
206,10174,43,158.54,1,6817.22,779,Shipped,Trucks and Buses,136,S12_1666,"Australian Gift Network, Co",61-7-3844-6555,31 Duncan St. West End,South Brisbane,4101,Australia,Calaghan,Tony,Medium,6,11,2018
207,10183,41,150.34,5,6163.94,773,Shipped,Trucks and Buses,136,S12_1666,"Classic Gift Ideas, Inc",2155554695,782 First Street,Philadelphia,71270,USA,Cervantes,Francisca,Medium,13,11,2018
208,10194,38,129.84,8,4933.92,762,Shipped,Trucks and Buses,136,S12_1666,"Saveley & Henriot, Co.",78.32.5555,"2, rue du Commerce",Lyon,69004,France,Saveley,Mary,Medium,25,11,2018
209,10206,28,144.87,3,4056.36,753,Shipped,Trucks and Buses,136,S12_1666,Canadian Gift Exchange Network,(604) 555-3392,1900 Oak St.,Vancouver,V3F 2K1,Canada,Tannamuri,Yoshi,Medium,5,12,2018
210,10216,43,133.94,1,5759.42,695,Shipped,Trucks and Buses,136,S12_1666,Auto Assoc. & Cie.,30.59.8555,"67, avenue de l'Europe",Versailles,78000,France,Tonini,Daniel,Medium,2,2,2019
211,10229,25,138.04,13,3451.0,659,Shipped,Trucks and Buses,136,S12_1666,Mini Gifts Distributors Ltd.,4155551450,5677 Strong St.,San Rafael,97562,USA,Nelson,Valarie,Medium,11,3,2019
212,10245,38,155.8,6,5920.4,606,Shipped,Trucks and Buses,136,S12_1666,Super Scale Inc.,2035559545,567 North Pendale Street,New Haven,97823,USA,Murphy,Leslie,Medium,4,5,2019
213,10258,41,162.64,3,6668.24,565,Shipped,Trucks and Buses,136,S12_1666,"Tokyo Collectables, Ltd",+81 3 3584 0555,2-2-8 Roppongi,Minato-ku,106-0032,Japan,Shimamura,Akiko,Medium,15,6,2019
214,10270,28,146.24,6,4094.72,532,Shipped,Trucks and Buses,136,S12_1666,Souveniers And Things Co.,+61 2 9495 8555,"Monitor Money Building, 815 Pacific Hwy",Chatswood,2067,Australia,Huxley,Adrian,Medium,19,7,2019
215,10281,25,117.54,13,2938.5,502,Shipped,Trucks and Buses,136,S12_1666,Diecast Classics Inc.,2155551555,7586 Pompton St.,Allentown,70267,USA,Yu,Kyung,Small,19,8,2019
216,10291,41,155.8,8,6387.8,483,Shipped,Trucks and Buses,136,S12_1666,Scandinavian Gift Ideas,0695-34 6555,?kergatan 24,Boras,S-844 67,Sweden,Larsson,Maria,Medium,8,9,2019
217,10304,39,164.0,3,6396.0,451,Shipped,Trucks and Buses,136,S12_1666,Auto Assoc. & Cie.,30.59.8555,"67, avenue de l'Europe",Versailles,78000,France,Tonini,Daniel,Medium,11,10,2019
218,10313,21,127.1,11,2669.1,441,Shipped,Trucks and Buses,136,S12_1666,Canadian Gift Exchange Network,(604) 555-3392,1900 Oak St.,Vancouver,V3F 2K1,Canada,Tannamuri,Yoshi,Small,22,10,2019
219,10322,27,177.19,9,4784.13,429,Shipped,Trucks and Buses,136,S12_1666,Online Diecast Creations Co.,6035558647,2304 Long Airport Avenue,Nashua,62005,USA,Young,Valarie,Medium,4,11,2019
220,10347,29,123.67,3,3586.43,405,Shipped,Trucks and Buses,136,S12_1666,"Australian Collectors, Co.",03 9520 4555,636 St Kilda Road,Melbourne,3004,Australia,Ferguson,Peter,Medium,29,11,2019
221,10357,49,121.64,8,5960.36,395,Shipped,Trucks and Buses,136,S12_1666,Mini Gifts Distributors Ltd.,4155551450,5677 Strong St.,San Rafael,97562,USA,Nelson,Valarie,Medium,10,12,2019
222,10370,49,172.86,8,8470.14,355,Shipped,Trucks and Buses,136,S12_1666,"Anna's Decorations, Ltd",02 9936 8555,201 Miller Street,North Sydney,2060,Australia,O'Hara,Anna,Large,20,1,2020
223,10391,39,63.2,9,2464.8,307,Shipped,Trucks and Buses,136,S12_1666,"Anna's Decorations, Ltd",02 9936 8555,201 Miller Street,North Sydney,2060,Australia,O'Hara,Anna,Small,9,3,2020
224,10411,40,155.8,6,6232.0,255,Shipped,Trucks and Buses,136,S12_1666,Quebec Home Shopping Network,(514) 555-8054,43 rue St. Laurent,Montreal,H1J 1C3,Canada,Fresnisre,Jean,Medium,1,5,2020
225,10424,49,162.64,3,7969.36,226,In Process,Trucks and Buses,136,S12_1666,Euro Shopping Channel,(91) 555 94 44,"C/ Moralzarzal, 86",Madrid,28034,Spain,Freyre,Diego,Large,31,5,2020
226,10107,21,144.6,1,3036.6,1054,Shipped,Motorcycles,150,S12_2823,Land of Toys Inc.,2125557818,897 Long Airport Avenue,NYC,10022,USA,Yu,Kwai,Medium,24,2,2018
227,10121,50,165.68,4,8284.0,983,Shipped,Motorcycles,150,S12_2823,Reims Collectables,26.47.1555,59 rue de l'Abbaye,Reims,51100,France,Henriot,Paul,Large,7,5,2018
228,10134,20,135.56,1,2711.2,929,Shipped,Motorcycles,150,S12_2823,Lyon Souveniers,+33 1 46 62 7555,27 rue du Colonel Pierre Avia,Paris,75508,France,Da Cunha,Daniel,Small,1,7,2018
229,10145,49,170.2,5,8339.8,875,Shipped,Motorcycles,150,S12_2823,Toys4GrownUps.com,6265557265,78934 Hillside Dr.,Pasadena,90003,USA,Young,Julie,Large,25,8,2018
230,10169,35,132.55,13,4639.25,805,Shipped,Motorcycles,150,S12_2823,"Anna's Decorations, Ltd",02 9936 8555,201 Miller Street,North Sydney,2060,Australia,O'Hara,Anna,Medium,4,11,2018
231,10180,40,168.69,8,6747.6,799,Shipped,Motorcycles,150,S12_2823,Daedalus Designs Imports,20.16.1555,"184, chausse de Tournai",Lille,59000,France,Rance,Martine,Medium,11,11,2018
232,10189,28,161.16,1,4512.48,793,Shipped,Motorcycles,150,S12_2823,Toys4GrownUps.com,6265557265,78934 Hillside Dr.,Pasadena,90003,USA,Young,Julie,Medium,18,11,2018
233,10211,36,132.55,13,4771.8,736,Shipped,Motorcycles,150,S12_2823,Auto Canal Petit,(1) 47.55.6555,"25, rue Lauriston",Paris,75016,France,Perrier,Dominique,Medium,15,1,2019
234,10224,43,141.58,6,6087.94,700,Shipped,Motorcycles,150,S12_2823,Daedalus Designs Imports,20.16.1555,"184, chausse de Tournai",Lille,59000,France,Rance,Martine,Medium,21,2,2019
235,10237,32,131.04,6,4193.28,658,Shipped,Motorcycles,150,S12_2823,Vitachrome Inc.,2125551500,2678 Kingston Rd.,NYC,10022,USA,Frick,Michael,Medium,5,4,2019
236,10251,46,164.18,1,7552.28,616,Shipped,Motorcycles,150,S12_2823,Tekni Collectables Inc.,2015559350,7476 Moss Rd.,Newark,94019,USA,Brown,William,Large,18,5,2019
237,10263,48,134.05,1,6434.4,576,Shipped,Motorcycles,150,S12_2823,Gift Depot Inc.,2035552570,25593 South Bay Ln.,Bridgewater,97562,USA,King,Julie,Medium,28,6,2019
238,10276,43,120.5,14,5181.5,542,Shipped,Motorcycles,150,S12_2823,Online Mini Collectables,6175557555,7635 Spinnaker Dr.,Brickhaven,58339,USA,Barajas,Miguel,Medium,2,8,2019
239,10285,49,140.08,5,6863.92,518,Shipped,Motorcycles,150,S12_2823,Marta's Replicas Co.,6175558555,39323 Spinnaker Dr.,Cambridge,51247,USA,Hernandez,Marta,Medium,27,8,2019
240,10299,24,173.21,8,4157.04,485,Shipped,Motorcycles,150,S12_2823,"Toys of Finland, Co.",90-224 8555,Keskuskatu 45,Helsinki,21240,Finland,Karttunen,Matti,Medium,30,9,2019
241,10309,26,179.24,4,4660.24,471,Shipped,Motorcycles,150,S12_2823,Baane Mini Imports,07-98 9555,Erling Skakkes gate 78,Stavern,4110,Norway,Bergulfsen,Jonas,Medium,15,10,2019
242,10319,30,137.06,9,4111.8,453,Shipped,Motorcycles,150,S12_2823,Microscale Inc.,2125551957,5290 North Pendale Street,NYC,10022,USA,Kuo,Kee,Medium,3,11,2019
243,10329,24,147.61,6,3542.64,442,Shipped,Motorcycles,150,S12_2823,Land of Toys Inc.,2125557818,897 Long Airport Avenue,NYC,10022,USA,Yu,Kwai,Medium,15,11,2019
244,10341,55,147.61,8,8118.55,434,Shipped,Motorcycles,150,S12_2823,Salzburg Collectables,6562-9555,Geislweg 14,Salzburg,5020,Austria,Pipps,Georg,Large,24,11,2019
245,10362,22,176.23,1,3877.06,393,Shipped,Motorcycles,150,S12_2823,Technics Stores Inc.,6505556809,9408 Furth Circle,Burlingame,94217,USA,Hirano,Juri,Medium,5,1,2020
246,10375,49,78.92,13,3867.08,365,Shipped,Motorcycles,150,S12_2823,La Rochelle Gifts,40.67.8555,"67, rue des Cinquante Otages",Nantes,44000,France,Labrune,Janine,Medium,3,2,2020
247,10388,44,135.26,6,5951.44,337,Shipped,Motorcycles,150,S12_2823,FunGiftIdeas.com,5085552555,1785 First Street,New Bedford,50553,USA,Benitez,Violeta,Medium,3,3,2020
248,10403,66,131.04,6,8648.64,302,Shipped,Motorcycles,150,S12_2823,"UK Collectables, Ltd.",(171) 555-2282,Berkeley Gardens 12  Brewery,Liverpool,WX1 6LT,UK,Devon,Elizabeth,Large,8,4,2020
249,10417,21,164.18,1,3447.78,268,Disputed,Motorcycles,150,S12_2823,Euro Shopping Channel,(91) 555 94 44,"C/ Moralzarzal, 86",Madrid,28034,Spain,Freyre,Diego,Medium,13,5,2020
250,10104,34,175.25,1,5958.5,1102,Shipped,Classic Cars,151,S12_3148,Euro Shopping Channel,(91) 555 94 44,"C/ Moralzarzal, 86",Madrid,28034,Spain,Freyre,Diego,Medium,31,1,2018
251,10117,43,137.48,10,5911.64,1028,Shipped,Classic Cars,151,S12_3148,"Dragon Souveniers, Ltd.",+65 221 7555,"Bronz Sok., Bronz Apt. 3/6 Tesvikiye",Singapore,79903,Singapore,Natividad,Eric,Medium,16,4,2018
252,10127,46,160.14,3,7366.44,981,Shipped,Classic Cars,151,S12_3148,Muscle Machine Inc,2125557413,4092 Furth Circle,NYC,10022,USA,Young,Jeff,Large,3,6,2018
253,10142,33,151.08,13,4985.64,916,Shipped,Classic Cars,151,S12_3148,Mini Gifts Distributors Ltd.,4155551450,5677 Strong St.,San Rafael,97562,USA,Nelson,Valarie,Medium,8,8,2018
254,10153,42,128.42,12,5393.64,866,Shipped,Classic Cars,151,S12_3148,Euro Shopping Channel,(91) 555 94 44,"C/ Moralzarzal, 86",Madrid,28034,Spain,Freyre,Diego,Medium,28,9,2018
255,10165,34,143.53,4,4880.02,843,Shipped,Classic Cars,151,S12_3148,"Dragon Souveniers, Ltd.",+65 221 7555,"Bronz Sok., Bronz Apt. 3/6 Tesvikiye",Singapore,79903,Singapore,Natividad,Eric,Medium,22,10,2018
256,10176,47,178.27,3,8378.69,829,Shipped,Classic Cars,151,S12_3148,L'ordine Souveniers,0522-556555,Strada Provinciale 124,Reggio Emilia,42100,Italy,Moroni,Maurizio,Large,6,11,2018
257,10185,33,122.37,14,4038.21,822,Shipped,Classic Cars,151,S12_3148,Mini Creations Ltd.,5085559555,4575 Hillside Dr.,New Bedford,50553,USA,Tam,Wing C,Medium,14,11,2018
258,10196,24,158.63,6,3807.12,811,Shipped,Classic Cars,151,S12_3148,Super Scale Inc.,2035559545,567 North Pendale Street,New Haven,97823,USA,Murphy,Leslie,Medium,26,11,2018
259,10208,26,120.86,14,3142.36,775,Shipped,Classic Cars,151,S12_3148,"Saveley & Henriot, Co.",78.32.5555,"2, rue du Commerce",Lyon,69004,France,Saveley,Mary,Medium,2,1,2019
260,10220,30,157.12,3,4713.6,735,Shipped,Classic Cars,151,S12_3148,"Clover Collections, Co.",+353 1862 1555,25 Maiden Lane,Dublin,2,Ireland,Cassidy,Dean,Medium,12,2,2019
261,10230,43,163.17,1,7016.31,705,Shipped,Classic Cars,151,S12_3148,"Blauer See Auto, Co.",+49 69 66 90 2555,Lyonerstr. 34,Frankfurt,60528,Germany,Keitel,Roland,Large,15,3,2019
262,10247,25,175.25,3,4381.25,655,Shipped,Classic Cars,151,S12_3148,Suominen Souveniers,+358 9 8045 555,"Software Engineering Center, SEC Oy",Espoo,FIN-02271,Finland,Suominen,Kalle,Medium,5,5,2019
263,10272,27,158.63,3,4283.01,580,Shipped,Classic Cars,151,S12_3148,Diecast Classics Inc.,2155551555,7586 Pompton St.,Allentown,70267,USA,Yu,Kyung,Medium,20,7,2019
264,10282,27,161.66,6,4364.82,550,Shipped,Classic Cars,151,S12_3148,Mini Gifts Distributors Ltd.,4155551450,5677 Strong St.,San Rafael,97562,USA,Nelson,Valarie,Medium,20,8,2019
265,10293,24,176.76,9,4242.24,531,Shipped,Classic Cars,151,S12_3148,Amica Models & Co.,011-4988555,Via Monte Bianco 34,Torino,10100,Italy,Accorti,Paolo,Medium,9,9,2019
266,10306,34,146.55,14,4982.7,497,Shipped,Classic Cars,151,S12_3148,"AV Stores, Co.",(171) 555-1555,Fauntleroy Circus,Manchester,EC2 5NT,UK,Ashworth,Victoria,Medium,14,10,2019
267,10314,46,138.99,6,6393.54,490,Shipped,Classic Cars,151,S12_3148,Heintze Collectables,86 21 3555,Smagsloget 45,Aaarhus,8200,Denmark,Ibsen,Palle,Medium,22,10,2019
268,10324,27,54.33,1,1466.91,477,Shipped,Classic Cars,151,S12_3148,Vitachrome Inc.,2125551500,2678 Kingston Rd.,NYC,10022,USA,Frick,Michael,Small,5,11,2019
269,10336,33,123.01,11,4059.33,463,Shipped,Classic Cars,151,S12_3148,"La Corne D'abondance, Co.",(1) 42.34.2555,"265, boulevard Charonne",Paris,75012,France,Bertrand,Marie,Medium,20,11,2019
270,10348,47,102.16,4,4801.52,483,Shipped,Classic Cars,151,S12_3148,"Corrida Auto Replicas, Ltd",(91) 555 22 82,"C/ Araquil, 67",Madrid,28023,Spain,Sommer,Mart¡n,Medium,1,11,2019
271,10358,49,55.34,5,2711.66,445,Shipped,Classic Cars,151,S12_3148,Euro Shopping Channel,(91) 555 94 44,"C/ Moralzarzal, 86",Madrid,28034,Spain,Freyre,Diego,Small,10,12,2019
272,10372,40,146.55,4,5862.0,399,Shipped,Classic Cars,151,S12_3148,"Tokyo Collectables, Ltd",+81 3 3584 0555,2-2-8 Roppongi,Minato-ku,106-0032,Japan,Shimamura,Akiko,Medium,26,1,2020
273,10382,37,110.05,11,4071.85,378,Shipped,Classic Cars,151,S12_3148,Mini Gifts Distributors Ltd.,4155551450,5677 Strong St.,San Rafael,97562,USA,Nelson,Valarie,Medium,17,2,2020
274,10413,47,175.25,3,8236.75,301,Shipped,Classic Cars,151,S12_3148,Gift Depot Inc.,2035552570,25593 South Bay Ln.,Bridgewater,97562,USA,King,Julie,Large,5,5,2020
275,10108,45,136.23,4,6130.35,1096,Shipped,Classic Cars,117,S12_3380,Cruz & Sons Co.,+63 2 555 3587,15 McCallum Street - NatWest Center #13-03,Makati City,1227 MM,Philippines,Cruz,Arnold,Medium,3,3,2018
276,10122,37,99.82,8,3693.34,1031,Shipped,Classic Cars,117,S12_3380,Marseille Mini Autos,91.24.4555,"12, rue des Bouchers",Marseille,13008,France,Lebihan,Laurence,Medium,8,5,2018
277,10135,48,125.66,5,6031.68,977,Shipped,Classic Cars,117,S12_3380,Mini Gifts Distributors Ltd.,4155551450,5677 Strong St.,San Rafael,97562,USA,Nelson,Valarie,Medium,2,7,2018
278,10147,31,112.74,5,3494.94,913,Shipped,Classic Cars,117,S12_3380,Collectables For Less Inc.,6175558555,7825 Douglas Av.,Brickhaven,58339,USA,Nelson,Allen,Medium,5,9,2018
279,10170,47,116.27,4,5464.69,854,Shipped,Classic Cars,117,S12_3380,Mini Auto Werke,7675-3555,Kirchgasse 6,Graz,8010,Austria,Mendel,Roland,Medium,4,11,2018
280,10181,28,102.17,12,2860.76,847,Shipped,Classic Cars,117,S12_3380,Herkku Gifts,+47 2267 3215,"Drammen 121, PR 744 Sentrum",Bergen,N 5804,Norway,Oeztan,Veysel,Small,12,11,2018
281,10191,40,139.75,1,5590.0,840,Shipped,Classic Cars,117,S12_3380,"Toms Spezialitten, Ltd",0221-5554327,Mehrheimerstr. 369,Koln,50739,Germany,Pfalzheim,Henriette,Medium,20,11,2018
282,10203,20,112.74,6,2254.8,829,Shipped,Classic Cars,117,S12_3380,Euro Shopping Channel,(91) 555 94 44,"C/ Moralzarzal, 86",Madrid,28034,Spain,Freyre,Diego,Small,2,12,2018
283,10212,39,126.84,16,4946.76,785,Shipped,Classic Cars,117,S12_3380,Euro Shopping Channel,(91) 555 94 44,"C/ Moralzarzal, 86",Madrid,28034,Spain,Freyre,Diego,Medium,16,1,2019
284,10225,25,99.82,7,2495.5,749,Shipped,Classic Cars,117,S12_3380,"Vida Sport, Ltd",0897-034555,Grenzacherweg 237,Gensve,1203,Switzerland,Holz,Michael,Small,22,2,2019
285,10238,29,109.22,1,3167.38,704,Shipped,Classic Cars,117,S12_3380,Danish Wholesale Imports,31 12 3555,Vinb'ltet 34,Kobenhavn,1734,Denmark,Petersen,Jytte,Medium,9,4,2019
286,10253,22,109.22,11,2402.84,652,Cancelled,Classic Cars,117,S12_3380,"UK Collectables, Ltd.",(171) 555-2282,Berkeley Gardens 12  Brewery,Liverpool,WX1 6LT,UK,Devon,Elizabeth,Small,1,6,2019
287,10266,22,111.57,12,2454.54,618,Shipped,Classic Cars,117,S12_3380,L'ordine Souveniers,0522-556555,Strada Provinciale 124,Reggio Emilia,42100,Italy,Moroni,Maurizio,Small,6,7,2019
288,10276,47,116.27,1,5464.69,592,Shipped,Classic Cars,117,S12_3380,Online Mini Collectables,6175557555,7635 Spinnaker Dr.,Brickhaven,58339,USA,Barajas,Miguel,Medium,2,8,2019
289,10287,45,105.7,10,4756.5,565,Shipped,Classic Cars,117,S12_3380,"Vida Sport, Ltd",0897-034555,Grenzacherweg 237,Gensve,1203,Switzerland,Holz,Michael,Medium,30,8,2019
290,10300,29,137.4,3,3984.6,896,Shipped,Classic Cars,117,S12_3380,"Blauer See Auto, Co.",+49 69 66 90 2555,Lyonerstr. 34,Frankfurt,60528,Germany,Keitel,Roland,Medium,4,10,2018
291,10310,24,129.18,8,3100.32,520,Shipped,Classic Cars,117,S12_3380,"Toms Spezialitten, Ltd",0221-5554327,Mehrheimerstr. 369,Koln,50739,Germany,Pfalzheim,Henriette,Medium,16,10,2019
292,10320,35,138.58,1,4850.3,503,Shipped,Classic Cars,117,S12_3380,"Volvo Model Replicas, Co",0921-12 3555,Berguvsvgen  8,Lule,S-958 22,Sweden,Berglund,Christina,Medium,3,11,2019
293,10329,46,83.63,13,3846.98,492,Shipped,Classic Cars,117,S12_3380,Land of Toys Inc.,2125557818,897 Long Airport Avenue,NYC,10022,USA,Yu,Kwai,Medium,15,11,2019
294,10341,44,95.93,1,4220.92,484,Shipped,Classic Cars,117,S12_3380,Salzburg Collectables,6562-9555,Geislweg 14,Salzburg,5020,Austria,Pipps,Georg,Medium,24,11,2019
295,10363,34,96.73,4,3288.82,442,Shipped,Classic Cars,117,S12_3380,Suominen Souveniers,+358 9 8045 555,"Software Engineering Center, SEC Oy",Espoo,FIN-02271,Finland,Suominen,Kalle,Medium,6,1,2020
296,10376,35,113.92,1,3987.2,410,Shipped,Classic Cars,117,S12_3380,Boards & Toys Co.,3105552373,4097 Douglas Av.,Glendale,92561,USA,Young,Leslie,Medium,8,2,2020
297,10389,25,72.38,6,1809.5,387,Shipped,Classic Cars,117,S12_3380,Scandinavian Gift Ideas,0695-34 6555,?kergatan 24,Boras,S-844 67,Sweden,Larsson,Maria,Small,3,3,2020
298,10419,10,109.22,11,1092.2,313,Shipped,Classic Cars,117,S12_3380,Salzburg Collectables,6562-9555,Geislweg 14,Salzburg,5020,Austria,Pipps,Georg,Small,17,5,2020
299,10105,29,157.45,14,4566.05,1140,Shipped,Classic Cars,173,S12_3891,Danish Wholesale Imports,31 12 3555,Vinb'ltet 34,Kobenhavn,1734,Denmark,Petersen,Jytte,Medium,11,2,2018
300,10117,39,152.26,8,5938.14,1077,Shipped,Classic Cars,173,S12_3891,"Dragon Souveniers, Ltd.",+65 221 7555,"Bronz Sok., Bronz Apt. 3/6 Tesvikiye",Singapore,79903,Singapore,Natividad,Eric,Medium,16,4,2018
301,10127,42,193.78,1,8138.76,1030,Shipped,Classic Cars,173,S12_3891,Muscle Machine Inc,2125557413,4092 Furth Circle,NYC,10022,USA,Young,Jeff,Large,3,6,2018
302,10142,46,205.89,11,9470.94,965,Shipped,Classic Cars,173,S12_3891,Mini Gifts Distributors Ltd.,4155551450,5677 Strong St.,San Rafael,97562,USA,Nelson,Valarie,Large,8,8,2018
303,10153,49,143.61,10,7036.89,915,Shipped,Classic Cars,173,S12_3891,Euro Shopping Channel,(91) 555 94 44,"C/ Moralzarzal, 86",Madrid,28034,Spain,Freyre,Diego,Large,28,9,2018
304,10165,27,205.89,2,5559.03,892,Shipped,Classic Cars,173,S12_3891,"Dragon Souveniers, Ltd.",+65 221 7555,"Bronz Sok., Bronz Apt. 3/6 Tesvikiye",Singapore,79903,Singapore,Natividad,Eric,Medium,22,10,2018
305,10176,50,157.45,1,7872.5,878,Shipped,Classic Cars,173,S12_3891,L'ordine Souveniers,0522-556555,Strada Provinciale 124,Reggio Emilia,42100,Italy,Moroni,Maurizio,Large,6,11,2018
306,10185,43,183.4,12,7886.2,871,Shipped,Classic Cars,173,S12_3891,Mini Creations Ltd.,5085559555,4575 Hillside Dr.,New Bedford,50553,USA,Tam,Wing C,Large,14,11,2018
307,10196,38,190.32,4,7232.16,860,Shipped,Classic Cars,173,S12_3891,Super Scale Inc.,2035559545,567 North Pendale Street,New Haven,97823,USA,Murphy,Leslie,Large,26,11,2018
308,10208,20,155.72,12,3114.4,824,Shipped,Classic Cars,173,S12_3891,"Saveley & Henriot, Co.",78.32.5555,"2, rue du Commerce",Lyon,69004,France,Saveley,Mary,Medium,2,1,2019
309,10220,27,186.86,1,5045.22,784,Shipped,Classic Cars,173,S12_3891,"Clover Collections, Co.",+353 1862 1555,25 Maiden Lane,Dublin,2,Ireland,Cassidy,Dean,Medium,12,2,2019
310,10231,49,141.88,1,6952.12,750,Shipped,Classic Cars,173,S12_3891,CAF Imports,+34 913 728 555,"Merchants House, 27-30 Merchant's Quay",Madrid,28023,Spain,Fernandez,Jesus,Medium,19,3,2019
311,10247,27,153.99,1,4157.73,704,Shipped,Classic Cars,173,S12_3891,Suominen Souveniers,+358 9 8045 555,"Software Engineering Center, SEC Oy",Espoo,FIN-02271,Finland,Suominen,Kalle,Medium,5,5,2019
312,10272,39,204.16,1,7962.24,629,Shipped,Classic Cars,173,S12_3891,Diecast Classics Inc.,2155551555,7586 Pompton St.,Allentown,70267,USA,Yu,Kyung,Large,20,7,2019
313,10282,24,157.45,4,3778.8,599,Shipped,Classic Cars,173,S12_3891,Mini Gifts Distributors Ltd.,4155551450,5677 Strong St.,San Rafael,97562,USA,Nelson,Valarie,Medium,20,8,2019
314,10293,45,183.4,7,8253.0,580,Shipped,Classic Cars,173,S12_3891,Amica Models & Co.,011-4988555,Via Monte Bianco 34,Torino,10100,Italy,Accorti,Paolo,Large,9,9,2019
315,10306,20,181.67,12,3633.4,546,Shipped,Classic Cars,173,S12_3891,"AV Stores, Co.",(171) 555-1555,Fauntleroy Circus,Manchester,EC2 5NT,UK,Ashworth,Victoria,Medium,14,10,2019
316,10314,36,192.05,4,6913.8,539,Shipped,Classic Cars,173,S12_3891,Heintze Collectables,86 21 3555,Smagsloget 45,Aaarhus,8200,Denmark,Ibsen,Palle,Medium,22,10,2019
317,10325,24,107.65,1,2583.6,526,Shipped,Classic Cars,173,S12_3891,Baane Mini Imports,07-98 9555,Erling Skakkes gate 78,Stavern,4110,Norway,Bergulfsen,Jonas,Small,5,11,2019
318,10336,49,63.38,1,3105.62,512,Shipped,Classic Cars,173,S12_3891,"La Corne D'abondance, Co.",(1) 42.34.2555,"265, boulevard Charonne",Paris,75012,France,Bertrand,Marie,Medium,20,11,2019
319,10349,26,169.56,10,4408.56,502,Shipped,Classic Cars,173,S12_3891,Muscle Machine Inc,2125557413,4092 Furth Circle,NYC,10022,USA,Young,Jeff,Medium,1,12,2019
320,10359,49,62.09,5,3042.41,489,Shipped,Classic Cars,173,S12_3891,Reims Collectables,26.47.1555,59 rue de l'Abbaye,Reims,51100,France,Henriot,Paul,Medium,15,12,2019
321,10372,34,174.75,1,5941.5,448,Shipped,Classic Cars,173,S12_3891,"Tokyo Collectables, Ltd",+81 3 3584 0555,2-2-8 Roppongi,Minato-ku,106-0032,Japan,Shimamura,Akiko,Medium,26,1,2020
322,10382,34,95.35,12,3241.9,427,Shipped,Classic Cars,173,S12_3891,Mini Gifts Distributors Ltd.,4155551450,5677 Strong St.,San Rafael,97562,USA,Nelson,Valarie,Medium,17,2,2020
323,10396,33,185.13,3,6109.29,393,Shipped,Classic Cars,173,S12_3891,Mini Gifts Distributors Ltd.,4155551450,5677 Strong St.,San Rafael,97562,USA,Nelson,Valarie,Medium,23,3,2020
324,10413,22,153.99,1,3387.78,351,Shipped,Classic Cars,173,S12_3891,Gift Depot Inc.,2035552570,25593 South Bay Ln.,Bridgewater,97562,USA,King,Julie,Medium,5,5,2020
325,10108,39,89.38,7,3485.82,1146,Shipped,Classic Cars,79,S12_3990,Cruz & Sons Co.,+63 2 555 3587,15 McCallum Street - NatWest Center #13-03,Makati City,1227 MM,Philippines,Cruz,Arnold,Medium,3,3,2018
326,10122,32,63.84,11,2042.88,1081,Shipped,Classic Cars,79,S12_3990,Marseille Mini Autos,91.24.4555,"12, rue des Bouchers",Marseille,13008,France,Lebihan,Laurence,Small,8,5,2018
327,10135,24,75.01,8,1800.24,1027,Shipped,Classic Cars,79,S12_3990,Mini Gifts Distributors Ltd.,4155551450,5677 Strong St.,San Rafael,97562,USA,Nelson,Valarie,Small,2,7,2018
328,10147,21,63.84,8,1340.64,963,Shipped,Classic Cars,79,S12_3990,Collectables For Less Inc.,6175558555,7825 Douglas Av.,Brickhaven,58339,USA,Nelson,Allen,Small,5,9,2018
329,10169,36,63.84,3,2298.24,904,Shipped,Classic Cars,79,S12_3990,"Anna's Decorations, Ltd",02 9936 8555,201 Miller Street,North Sydney,2060,Australia,O'Hara,Anna,Small,4,11,2018
330,10181,20,81.4,15,1628.0,897,Shipped,Classic Cars,79,S12_3990,Herkku Gifts,+47 2267 3215,"Drammen 121, PR 744 Sentrum",Bergen,N 5804,Norway,Oeztan,Veysel,Small,12,11,2018
331,10191,30,64.64,4,1939.2,890,Shipped,Classic Cars,79,S12_3990,"Toms Spezialitten, Ltd",0221-5554327,Mehrheimerstr. 369,Koln,50739,Germany,Pfalzheim,Henriette,Small,20,11,2018
332,10203,44,82.99,9,3651.56,879,Shipped,Classic Cars,79,S12_3990,Euro Shopping Channel,(91) 555 94 44,"C/ Moralzarzal, 86",Madrid,28034,Spain,Freyre,Diego,Medium,2,12,2018
333,10211,28,92.57,3,2591.96,836,Shipped,Classic Cars,79,S12_3990,Auto Canal Petit,(1) 47.55.6555,"25, rue Lauriston",Paris,75016,France,Perrier,Dominique,Small,15,1,2019
334,10225,37,77.41,10,2864.17,799,Shipped,Classic Cars,79,S12_3990,"Vida Sport, Ltd",0897-034555,Grenzacherweg 237,Gensve,1203,Switzerland,Holz,Michael,Small,22,2,2019
335,10238,20,74.21,4,1484.2,754,Shipped,Classic Cars,79,S12_3990,Danish Wholesale Imports,31 12 3555,Vinb'ltet 34,Kobenhavn,1734,Denmark,Petersen,Jytte,Small,9,4,2019
336,10253,25,90.17,14,2254.25,702,Cancelled,Classic Cars,79,S12_3990,"UK Collectables, Ltd.",(171) 555-2282,Berkeley Gardens 12  Brewery,Liverpool,WX1 6LT,UK,Devon,Elizabeth,Small,1,6,2019
337,10266,35,76.61,15,2681.35,668,Shipped,Classic Cars,79,S12_3990,L'ordine Souveniers,0522-556555,Strada Provinciale 124,Reggio Emilia,42100,Italy,Moroni,Maurizio,Small,6,7,2019
338,10276,38,83.79,4,3184.02,642,Shipped,Classic Cars,79,S12_3990,Online Mini Collectables,6175557555,7635 Spinnaker Dr.,Brickhaven,58339,USA,Barajas,Miguel,Medium,2,8,2019
339,10287,41,69.43,13,2846.63,615,Shipped,Classic Cars,79,S12_3990,"Vida Sport, Ltd",0897-034555,Grenzacherweg 237,Gensve,1203,Switzerland,Holz,Michael,Small,30,8,2019
340,10300,22,76.61,6,1685.42,946,Shipped,Classic Cars,79,S12_3990,"Blauer See Auto, Co.",+49 69 66 90 2555,Lyonerstr. 34,Frankfurt,60528,Germany,Keitel,Roland,Small,4,10,2018
341,10310,49,81.4,11,3988.6,570,Shipped,Classic Cars,79,S12_3990,"Toms Spezialitten, Ltd",0221-5554327,Mehrheimerstr. 369,Koln,50739,Germany,Pfalzheim,Henriette,Medium,16,10,2019
342,10320,38,73.42,4,2789.96,553,Shipped,Classic Cars,79,S12_3990,"Volvo Model Replicas, Co",0921-12 3555,Berguvsvgen  8,Lule,S-958 22,Sweden,Berglund,Christina,Small,3,11,2019
343,10329,33,109.32,14,3607.56,542,Shipped,Classic Cars,79,S12_3990,Land of Toys Inc.,2125557818,897 Long Airport Avenue,NYC,10022,USA,Yu,Kwai,Medium,15,11,2019
344,10341,36,93.56,10,3368.16,534,Shipped,Classic Cars,79,S12_3990,Salzburg Collectables,6562-9555,Geislweg 14,Salzburg,5020,Austria,Pipps,Georg,Medium,24,11,2019
345,10363,34,81.62,5,2775.08,492,Shipped,Classic Cars,79,S12_3990,Suominen Souveniers,+358 9 8045 555,"Software Engineering Center, SEC Oy",Espoo,FIN-02271,Finland,Suominen,Kalle,Small,6,1,2020
346,10377,24,67.83,5,1627.92,459,Shipped,Classic Cars,79,S12_3990,"Toys of Finland, Co.",90-224 8555,Keskuskatu 45,Helsinki,21240,Finland,Karttunen,Matti,Small,9,2,2020
347,10389,36,70.26,7,2529.36,437,Shipped,Classic Cars,79,S12_3990,Scandinavian Gift Ideas,0695-34 6555,?kergatan 24,Boras,S-844 67,Sweden,Larsson,Maria,Small,3,3,2020
348,10419,34,90.17,14,3065.78,363,Shipped,Classic Cars,79,S12_3990,Salzburg Collectables,6562-9555,Geislweg 14,Salzburg,5020,Austria,Pipps,Georg,Medium,17,5,2020
349,10104,41,112.58,9,4615.78,1201,Shipped,Trucks and Buses,118,S12_4473,Euro Shopping Channel,(91) 555 94 44,"C/ Moralzarzal, 86",Madrid,28034,Spain,Freyre,Diego,Medium,31,1,2018
350,10115,46,124.43,5,5723.78,1139,Shipped,Trucks and Buses,118,S12_4473,Classic Legends Inc.,2125558493,5905 Pompton St.,NYC,10022,USA,Hernandez,Maria,Medium,4,4,2018
351,10127,24,106.65,11,2559.6,1080,Shipped,Trucks and Buses,118,S12_4473,Muscle Machine Inc,2125557413,4092 Furth Circle,NYC,10022,USA,Young,Jeff,Small,3,6,2018
352,10141,21,101.91,5,2140.11,1022,Shipped,Trucks and Buses,118,S12_4473,Suominen Souveniers,+358 9 8045 555,"Software Engineering Center, SEC Oy",Espoo,FIN-02271,Finland,Suominen,Kalle,Small,1,8,2018
353,10151,24,138.65,3,3327.6,972,Shipped,Trucks and Buses,118,S12_4473,"Oulu Toy Supplies, Inc.",981-443655,Torikatu 38,Oulu,90110,Finland,Koskitalo,Pirkko,Medium,21,9,2018
354,10165,48,142.2,12,6825.6,942,Shipped,Trucks and Buses,118,S12_4473,"Dragon Souveniers, Ltd.",+65 221 7555,"Bronz Sok., Bronz Apt. 3/6 Tesvikiye",Singapore,79903,Singapore,Natividad,Eric,Medium,22,10,2018
355,10175,26,136.28,1,3543.28,928,Shipped,Trucks and Buses,118,S12_4473,"Stylish Desk Decors, Co.",(171) 555-0297,35 King George,London,WX3 6FW,UK,Brown,Ann,Medium,6,11,2018
356,10184,37,122.06,6,4516.22,921,Shipped,Trucks and Buses,118,S12_4473,"Iberia Gift Imports, Corp.",(95) 555 82 82,"C/ Romero, 33",Sevilla,41101,Spain,Roel,Jose Pedro,Medium,14,11,2018
357,10195,49,131.54,6,6445.46,911,Shipped,Trucks and Buses,118,S12_4473,Mini Classics,9145554562,3758 North Pendale Street,White Plains,24067,USA,Frick,Steve,Medium,25,11,2018
358,10207,34,99.54,7,3384.36,898,Shipped,Trucks and Buses,118,S12_4473,Diecast Collectables,6175552555,6251 Ingle Ln.,Boston,51003,USA,Franco,Valarie,Medium,9,12,2018
359,10219,48,101.91,2,4891.68,836,Shipped,Trucks and Buses,118,S12_4473,Signal Collectibles Ltd.,4155554312,2793 Furth Circle,Brisbane,94217,USA,Taylor,Sue,Medium,10,2,2019
360,10229,36,125.61,1,4521.96,808,Shipped,Trucks and Buses,118,S12_4473,Mini Gifts Distributors Ltd.,4155551450,5677 Strong St.,San Rafael,97562,USA,Nelson,Valarie,Medium,11,3,2019
361,10246,46,110.21,5,5069.66,754,Shipped,Trucks and Buses,118,S12_4473,Euro Shopping Channel,(91) 555 94 44,"C/ Moralzarzal, 86",Madrid,28034,Spain,Freyre,Diego,Medium,5,5,2019
362,10259,46,142.2,4,6541.2,714,Shipped,Trucks and Buses,118,S12_4473,Handji Gifts& Co,+65 224 1555,Village Close - 106 Linden Road Sandown,Singapore,69045,Singapore,Victorino,Wendy,Medium,15,6,2019
363,10271,31,97.17,5,3012.27,680,Shipped,Trucks and Buses,118,S12_4473,Mini Gifts Distributors Ltd.,4155551450,5677 Strong St.,San Rafael,97562,USA,Nelson,Valarie,Medium,20,7,2019
364,10281,41,127.98,1,5247.18,651,Shipped,Trucks and Buses,118,S12_4473,Diecast Classics Inc.,2155551555,7586 Pompton St.,Allentown,70267,USA,Yu,Kyung,Medium,19,8,2019
365,10292,21,105.47,8,2214.87,632,Shipped,Trucks and Buses,118,S12_4473,Land of Toys Inc.,2125557818,897 Long Airport Avenue,NYC,10022,USA,Yu,Kwai,Small,8,9,2019
366,10305,38,125.61,5,4773.18,598,Shipped,Trucks and Buses,118,S12_4473,Marta's Replicas Co.,6175558555,39323 Spinnaker Dr.,Cambridge,51247,USA,Hernandez,Marta,Medium,13,10,2019
367,10314,45,137.46,14,6185.7,590,Shipped,Trucks and Buses,118,S12_4473,Heintze Collectables,86 21 3555,Smagsloget 45,Aaarhus,8200,Denmark,Ibsen,Palle,Medium,22,10,2019
368,10324,26,58.38,7,1517.88,577,Shipped,Trucks and Buses,118,S12_4473,Vitachrome Inc.,2125551500,2678 Kingston Rd.,NYC,10022,USA,Frick,Michael,Small,5,11,2019
369,10336,38,167.7,3,6372.6,563,Shipped,Trucks and Buses,118,S12_4473,"La Corne D'abondance, Co.",(1) 42.34.2555,"265, boulevard Charonne",Paris,75012,France,Bertrand,Marie,Medium,20,11,2019
370,10349,48,109.02,9,5232.96,553,Shipped,Trucks and Buses,118,S12_4473,Muscle Machine Inc,2125557413,4092 Furth Circle,NYC,10022,USA,Young,Jeff,Medium,1,12,2019
371,10358,42,64.16,9,2694.72,545,Shipped,Trucks and Buses,118,S12_4473,Euro Shopping Channel,(91) 555 94 44,"C/ Moralzarzal, 86",Madrid,28034,Spain,Freyre,Diego,Small,10,12,2019
372,10371,49,35.71,4,1749.79,502,Shipped,Trucks and Buses,118,S12_4473,Mini Gifts Distributors Ltd.,4155551450,5677 Strong St.,San Rafael,97562,USA,Nelson,Valarie,Small,23,1,2020
373,10382,32,66.58,13,2130.56,478,Shipped,Trucks and Buses,118,S12_4473,Mini Gifts Distributors Ltd.,4155551450,5677 Strong St.,San Rafael,97562,USA,Nelson,Valarie,Small,17,2,2020
374,10412,54,110.21,5,5951.34,403,Shipped,Trucks and Buses,118,S12_4473,Euro Shopping Channel,(91) 555 94 44,"C/ Moralzarzal, 86",Madrid,28034,Spain,Freyre,Diego,Medium,3,5,2020
375,10425,33,142.2,4,4692.6,376,In Process,Trucks and Buses,118,S12_4473,La Rochelle Gifts,40.67.8555,"67, rue des Cinquante Otages",Nantes,44000,France,Labrune,Janine,Medium,31,5,2020
376,10108,36,103.64,3,3731.04,1197,Shipped,Classic Cars,115,S12_4675,Cruz & Sons Co.,+63 2 555 3587,15 McCallum Street - NatWest Center #13-03,Makati City,1227 MM,Philippines,Cruz,Arnold,Medium,3,3,2018
377,10122,20,107.1,7,2142.0,1132,Shipped,Classic Cars,115,S12_4675,Marseille Mini Autos,91.24.4555,"12, rue des Bouchers",Marseille,13008,France,Lebihan,Laurence,Small,8,5,2018
378,10135,29,97.89,4,2838.81,1078,Shipped,Classic Cars,115,S12_4675,Mini Gifts Distributors Ltd.,4155551450,5677 Strong St.,San Rafael,97562,USA,Nelson,Valarie,Small,2,7,2018
379,10147,33,97.89,4,3230.37,1014,Shipped,Classic Cars,115,S12_4675,Collectables For Less Inc.,6175558555,7825 Douglas Av.,Brickhaven,58339,USA,Nelson,Allen,Medium,5,9,2018
380,10170,41,107.1,3,4391.1,955,Shipped,Classic Cars,115,S12_4675,Mini Auto Werke,7675-3555,Kirchgasse 6,Graz,8010,Austria,Mendel,Roland,Medium,4,11,2018
381,10181,36,124.37,11,4477.32,948,Shipped,Classic Cars,115,S12_4675,Herkku Gifts,+47 2267 3215,"Drammen 121, PR 744 Sentrum",Bergen,N 5804,Norway,Oeztan,Veysel,Medium,12,11,2018
382,10192,27,131.28,16,3544.56,941,Shipped,Classic Cars,115,S12_4675,Online Diecast Creations Co.,6035558647,2304 Long Airport Avenue,Nashua,62005,USA,Young,Valarie,Medium,20,11,2018
383,10203,47,110.55,5,5195.85,930,Shipped,Classic Cars,115,S12_4675,Euro Shopping Channel,(91) 555 94 44,"C/ Moralzarzal, 86",Madrid,28034,Spain,Freyre,Diego,Medium,2,12,2018
384,10212,33,126.68,15,4180.44,886,Shipped,Classic Cars,115,S12_4675,Euro Shopping Channel,(91) 555 94 44,"C/ Moralzarzal, 86",Madrid,28034,Spain,Freyre,Diego,Medium,16,1,2019
385,10225,21,127.83,6,2684.43,850,Shipped,Classic Cars,115,S12_4675,"Vida Sport, Ltd",0897-034555,Grenzacherweg 237,Gensve,1203,Switzerland,Holz,Michael,Small,22,2,2019
386,10239,21,93.28,5,1958.88,802,Shipped,Classic Cars,115,S12_4675,"Oulu Toy Supplies, Inc.",981-443655,Torikatu 38,Oulu,90110,Finland,Koskitalo,Pirkko,Small,12,4,2019
387,10253,41,119.77,10,4910.57,753,Cancelled,Classic Cars,115,S12_4675,"UK Collectables, Ltd.",(171) 555-2282,Berkeley Gardens 12  Brewery,Liverpool,WX1 6LT,UK,Devon,Elizabeth,Medium,1,6,2019
388,10266,40,111.71,11,4468.4,719,Shipped,Classic Cars,115,S12_4675,L'ordine Souveniers,0522-556555,Strada Provinciale 124,Reggio Emilia,42100,Italy,Moroni,Maurizio,Medium,6,7,2019
389,10277,28,111.71,1,3127.88,691,Shipped,Classic Cars,115,S12_4675,"Dragon Souveniers, Ltd.",+65 221 7555,"Bronz Sok., Bronz Apt. 3/6 Tesvikiye",Singapore,79903,Singapore,Natividad,Eric,Medium,4,8,2019
390,10287,23,116.31,9,2675.13,666,Shipped,Classic Cars,115,S12_4675,"Vida Sport, Ltd",0897-034555,Grenzacherweg 237,Gensve,1203,Switzerland,Holz,Michael,Small,30,8,2019
391,10300,23,122.07,2,2807.61,997,Shipped,Classic Cars,115,S12_4675,"Blauer See Auto, Co.",+49 69 66 90 2555,Lyonerstr. 34,Frankfurt,60528,Germany,Keitel,Roland,Small,4,10,2018
392,10310,25,100.19,7,2504.75,621,Shipped,Classic Cars,115,S12_4675,"Toms Spezialitten, Ltd",0221-5554327,Mehrheimerstr. 369,Koln,50739,Germany,Pfalzheim,Henriette,Small,16,10,2019
393,10321,24,124.37,15,2984.88,603,Shipped,Classic Cars,115,S12_4675,FunGiftIdeas.com,5085552555,1785 First Street,New Bedford,50553,USA,Benitez,Violeta,Small,4,11,2019
394,10329,39,64.74,15,2524.86,593,Shipped,Classic Cars,115,S12_4675,Land of Toys Inc.,2125557818,897 Long Airport Avenue,NYC,10022,USA,Yu,Kwai,Small,15,11,2019
395,10341,55,75.2,7,4136.0,585,Shipped,Classic Cars,115,S12_4675,Salzburg Collectables,6562-9555,Geislweg 14,Salzburg,5020,Austria,Pipps,Georg,Medium,24,11,2019
396,10363,46,88.45,6,4068.7,543,Shipped,Classic Cars,115,S12_4675,Suominen Souveniers,+358 9 8045 555,"Software Engineering Center, SEC Oy",Espoo,FIN-02271,Finland,Suominen,Kalle,Medium,6,1,2020
397,10377,50,103.64,1,5182.0,510,Shipped,Classic Cars,115,S12_4675,"Toys of Finland, Co.",90-224 8555,Keskuskatu 45,Helsinki,21240,Finland,Karttunen,Matti,Medium,9,2,2020
398,10389,47,111.57,8,5243.79,488,Shipped,Classic Cars,115,S12_4675,Scandinavian Gift Ideas,0695-34 6555,?kergatan 24,Boras,S-844 67,Sweden,Larsson,Maria,Medium,3,3,2020
399,10405,97,93.28,5,9048.16,447,Shipped,Classic Cars,115,S12_4675,Mini Caravy,88.60.1555,"24, place Kluber",Strasbourg,67000,France,Citeaux,Frederique,Large,14,4,2020
400,10419,32,119.77,10,3832.64,415,Shipped,Classic Cars,115,S12_4675,Salzburg Collectables,6562-9555,Geislweg 14,Salzburg,5020,Austria,Pipps,Georg,Medium,17,5,2020
401,10103,35,112.0,10,3920.0,1255,Shipped,Trucks and Buses,116,S18_1097,Baane Mini Imports,07-98 9555,Erling Skakkes gate 78,Stavern,4110,Norway,Bergulfsen,Jonas,Medium,29,1,2018
402,10113,49,100.34,4,4916.66,1200,Shipped,Trucks and Buses,116,S18_1097,Mini Gifts Distributors Ltd.,4155551450,5677 Strong St.,San Rafael,97562,USA,Nelson,Valarie,Medium,26,3,2018
403,10126,38,101.5,10,3857.0,1138,Shipped,Trucks and Buses,116,S18_1097,"Corrida Auto Replicas, Ltd",(91) 555 22 82,"C/ Araquil, 67",Madrid,28023,Spain,Sommer,Mart¡n,Medium,28,5,2018
404,10140,32,130.67,10,4181.44,1082,Shipped,Trucks and Buses,116,S18_1097,Technics Stores Inc.,6505556809,9408 Furth Circle,Burlingame,94217,USA,Hirano,Juri,Medium,24,7,2018
405,10150,34,136.5,7,4641.0,1026,Shipped,Trucks and Buses,116,S18_1097,"Dragon Souveniers, Ltd.",+65 221 7555,"Bronz Sok., Bronz Apt. 3/6 Tesvikiye",Singapore,79903,Singapore,Natividad,Eric,Medium,19,9,2018
406,10164,36,99.17,8,3570.12,995,Resolved,Trucks and Buses,116,S18_1097,Mini Auto Werke,7675-3555,Kirchgasse 6,Graz,8010,Austria,Mendel,Roland,Medium,21,10,2018
407,10174,48,93.34,3,4480.32,980,Shipped,Trucks and Buses,116,S18_1097,"Australian Gift Network, Co",61-7-3844-6555,31 Duncan St. West End,South Brisbane,4101,Australia,Calaghan,Tony,Medium,6,11,2018
408,10183,21,96.84,7,2033.64,974,Shipped,Trucks and Buses,116,S18_1097,"Classic Gift Ideas, Inc",2155554695,782 First Street,Philadelphia,71270,USA,Cervantes,Francisca,Small,13,11,2018
409,10194,21,93.34,10,1960.14,963,Shipped,Trucks and Buses,116,S18_1097,"Saveley & Henriot, Co.",78.32.5555,"2, rue du Commerce",Lyon,69004,France,Saveley,Mary,Small,25,11,2018
410,10206,34,116.67,5,3966.78,954,Shipped,Trucks and Buses,116,S18_1097,Canadian Gift Exchange Network,(604) 555-3392,1900 Oak St.,Vancouver,V3F 2K1,Canada,Tannamuri,Yoshi,Medium,5,12,2018
411,10215,46,112.0,2,5152.0,900,Shipped,Trucks and Buses,116,S18_1097,West Coast Collectables Co.,3105553722,3675 Furth Circle,Burbank,94019,USA,Thompson,Steve,Medium,29,1,2019
412,10228,32,105.0,1,3360.0,861,Shipped,Trucks and Buses,116,S18_1097,Cambridge Collectables Co.,6175555555,4658 Baden Av.,Cambridge,51247,USA,Tseng,Kyung,Medium,10,3,2019
413,10245,29,119.0,8,3451.0,807,Shipped,Trucks and Buses,116,S18_1097,Super Scale Inc.,2035559545,567 North Pendale Street,New Haven,97823,USA,Murphy,Leslie,Medium,4,5,2019
414,10258,41,133.0,5,5453.0,766,Shipped,Trucks and Buses,116,S18_1097,"Tokyo Collectables, Ltd",+81 3 3584 0555,2-2-8 Roppongi,Minato-ku,106-0032,Japan,Shimamura,Akiko,Medium,15,6,2019
415,10270,43,96.84,8,4164.12,733,Shipped,Trucks and Buses,116,S18_1097,Souveniers And Things Co.,+61 2 9495 8555,"Monitor Money Building, 815 Pacific Hwy",Chatswood,2067,Australia,Huxley,Adrian,Medium,19,7,2019
416,10280,24,116.67,1,2800.08,705,Shipped,Trucks and Buses,116,S18_1097,Amica Models & Co.,011-4988555,Via Monte Bianco 34,Torino,10100,Italy,Accorti,Paolo,Small,17,8,2019
417,10291,41,114.34,10,4687.94,684,Shipped,Trucks and Buses,116,S18_1097,Scandinavian Gift Ideas,0695-34 6555,?kergatan 24,Boras,S-844 67,Sweden,Larsson,Maria,Medium,8,9,2019
418,10304,46,98.0,5,4508.0,652,Shipped,Trucks and Buses,116,S18_1097,Auto Assoc. & Cie.,30.59.8555,"67, avenue de l'Europe",Versailles,78000,France,Tonini,Daniel,Medium,11,10,2019
419,10312,32,130.67,2,4181.44,643,Shipped,Trucks and Buses,116,S18_1097,Mini Gifts Distributors Ltd.,4155551450,5677 Strong St.,San Rafael,97562,USA,Nelson,Valarie,Medium,21,10,2019
420,10322,22,102.32,10,2251.04,630,Shipped,Trucks and Buses,116,S18_1097,Online Diecast Creations Co.,6035558647,2304 Long Airport Avenue,Nashua,62005,USA,Young,Valarie,Small,4,11,2019
421,10347,42,49.6,5,2083.2,606,Shipped,Trucks and Buses,116,S18_1097,"Australian Collectors, Co.",03 9520 4555,636 St Kilda Road,Melbourne,3004,Australia,Ferguson,Peter,Small,29,11,2019
422,10357,39,98.0,1,3822.0,596,Shipped,Trucks and Buses,116,S18_1097,Mini Gifts Distributors Ltd.,4155551450,5677 Strong St.,San Rafael,97562,USA,Nelson,Valarie,Medium,10,12,2019
423,10370,27,144.87,1,3911.49,556,Shipped,Trucks and Buses,116,S18_1097,"Anna's Decorations, Ltd",02 9936 8555,201 Miller Street,North Sydney,2060,Australia,O'Hara,Anna,Medium,20,1,2020
424,10391,29,85.1,10,2467.9,508,Shipped,Trucks and Buses,116,S18_1097,"Anna's Decorations, Ltd",02 9936 8555,201 Miller Street,North Sydney,2060,Australia,O'Hara,Anna,Small,9,3,2020
425,10411,27,119.0,8,3213.0,456,Shipped,Trucks and Buses,116,S18_1097,Quebec Home Shopping Network,(514) 555-8054,43 rue St. Laurent,Montreal,H1J 1C3,Canada,Fresnisre,Jean,Medium,1,5,2020
426,10424,54,133.0,5,7182.0,427,In Process,Trucks and Buses,116,S18_1097,Euro Shopping Channel,(91) 555 94 44,"C/ Moralzarzal, 86",Madrid,28034,Spain,Freyre,Diego,Large,31,5,2020
427,10109,26,168.43,4,4379.18,1241,Shipped,Classic Cars,141,S18_1129,Motor Mint Distributors Inc.,2155559857,11328 Douglas Av.,Philadelphia,71270,USA,Hernandez,Rosa,Medium,10,3,2018
428,10122,34,147.2,2,5004.8,1183,Shipped,Classic Cars,141,S18_1129,Marseille Mini Autos,91.24.4555,"12, rue des Bouchers",Marseille,13008,France,Lebihan,Laurence,Medium,8,5,2018
429,10136,25,145.79,2,3644.75,1127,Shipped,Classic Cars,141,S18_1129,Alpha Cognac,61.77.6555,1 rue Alsace-Lorraine,Toulouse,31000,France,Roulet,Annette,Medium,4,7,2018
430,10148,23,117.48,13,2702.04,1059,Shipped,Classic Cars,141,S18_1129,"Anna's Decorations, Ltd",02 9936 8555,201 Miller Street,North Sydney,2060,Australia,O'Hara,Anna,Small,11,9,2018
431,10161,28,134.46,12,3764.88,1024,Shipped,Classic Cars,141,S18_1129,Heintze Collectables,86 21 3555,Smagsloget 45,Aaarhus,8200,Denmark,Ibsen,Palle,Medium,17,10,2018
432,10171,35,128.8,2,4508.0,1006,Shipped,Classic Cars,141,S18_1129,Quebec Home Shopping Network,(514) 555-8054,43 rue St. Laurent,Montreal,H1J 1C3,Canada,Fresnisre,Jean,Medium,5,11,2018
433,10181,44,123.14,6,5418.16,1000,Shipped,Classic Cars,141,S18_1129,Herkku Gifts,+47 2267 3215,"Drammen 121, PR 744 Sentrum",Bergen,N 5804,Norway,Oeztan,Veysel,Medium,12,11,2018
434,10192,22,150.03,11,3300.66,993,Shipped,Classic Cars,141,S18_1129,Online Diecast Creations Co.,6035558647,2304 Long Airport Avenue,Nashua,62005,USA,Young,Valarie,Medium,20,11,2018
435,10204,42,147.2,17,6182.4,982,Shipped,Classic Cars,141,S18_1129,Muscle Machine Inc,2125557413,4092 Furth Circle,NYC,10022,USA,Young,Jeff,Medium,2,12,2018
436,10212,29,144.37,10,4186.73,938,Shipped,Classic Cars,141,S18_1129,Euro Shopping Channel,(91) 555 94 44,"C/ Moralzarzal, 86",Madrid,28034,Spain,Freyre,Diego,Medium,16,1,2019
437,10225,32,141.54,1,4529.28,902,Shipped,Classic Cars,141,S18_1129,"Vida Sport, Ltd",0897-034555,Grenzacherweg 237,Gensve,1203,Switzerland,Holz,Michael,Medium,22,2,2019
438,10240,41,137.29,3,5628.89,853,Shipped,Classic Cars,141,S18_1129,Osaka Souveniers Co.,+81 06 6342 5555,"Dojima Avanza 4F, 1-6-20 Dojima, Kita-ku",Osaka,530-0003,Japan,Kentary,Mory,Medium,13,4,2019
439,10253,26,117.48,5,3054.48,805,Cancelled,Classic Cars,141,S18_1129,"UK Collectables, Ltd.",(171) 555-2282,Berkeley Gardens 12  Brewery,Liverpool,WX1 6LT,UK,Devon,Elizabeth,Medium,1,6,2019
440,10266,21,120.31,6,2526.51,771,Shipped,Classic Cars,141,S18_1129,L'ordine Souveniers,0522-556555,Strada Provinciale 124,Reggio Emilia,42100,Italy,Moroni,Maurizio,Small,6,7,2019
441,10278,34,137.29,6,4667.86,741,Shipped,Classic Cars,141,S18_1129,Signal Gift Stores,7025551838,8489 Strong St.,Las Vegas,83030,USA,King,Sue,Medium,6,8,2019
442,10287,41,158.52,4,6499.32,718,Shipped,Classic Cars,141,S18_1129,"Vida Sport, Ltd",0897-034555,Grenzacherweg 237,Gensve,1203,Switzerland,Holz,Michael,Medium,30,8,2019
443,10301,37,159.94,8,5917.78,1048,Shipped,Classic Cars,141,S18_1129,"Norway Gifts By Mail, Co.",+47 2212 1555,"Drammensveien 126 A, PB 744 Sentrum",Oslo,N 0106,Norway,Klaeboe,Jan,Medium,5,10,2018
444,10310,37,168.43,2,6231.91,673,Shipped,Classic Cars,141,S18_1129,"Toms Spezialitten, Ltd",0221-5554327,Mehrheimerstr. 369,Koln,50739,Germany,Pfalzheim,Henriette,Medium,16,10,2019
445,10321,41,141.54,10,5803.14,655,Shipped,Classic Cars,141,S18_1129,FunGiftIdeas.com,5085552555,1785 First Street,New Bedford,50553,USA,Benitez,Violeta,Medium,4,11,2019
446,10331,46,139.87,6,6434.02,643,Shipped,Classic Cars,141,S18_1129,Motor Mint Distributors Inc.,2155559857,11328 Douglas Av.,Philadelphia,71270,USA,Hernandez,Rosa,Medium,17,11,2019
447,10342,40,161.36,2,6454.4,637,Shipped,Classic Cars,141,S18_1129,"Australian Collectors, Co.",03 9520 4555,636 St Kilda Road,Melbourne,3004,Australia,Ferguson,Peter,Medium,24,11,2019
448,10356,43,97.6,8,4196.8,623,Shipped,Classic Cars,141,S18_1129,Lyon Souveniers,+33 1 46 62 7555,27 rue du Colonel Pierre Avia,Paris,75508,France,Da Cunha,Daniel,Medium,9,12,2019
449,10365,30,87.06,1,2611.8,595,Shipped,Classic Cars,141,S18_1129,Mini Creations Ltd.,5085559555,4575 Hillside Dr.,New Bedford,50553,USA,Tam,Wing C,Small,7,1,2020
450,10377,35,168.43,2,5895.05,563,Shipped,Classic Cars,141,S18_1129,"Toys of Finland, Co.",90-224 8555,Keskuskatu 45,Helsinki,21240,Finland,Karttunen,Matti,Medium,9,2,2020
451,10390,36,93.77,14,3375.72,540,Shipped,Classic Cars,141,S18_1129,Mini Gifts Distributors Ltd.,4155551450,5677 Strong St.,San Rafael,97562,USA,Nelson,Valarie,Medium,4,3,2020
452,10406,61,137.29,3,8374.69,499,Disputed,Classic Cars,141,S18_1129,Danish Wholesale Imports,31 12 3555,Vinb'ltet 34,Kobenhavn,1734,Denmark,Petersen,Jytte,Large,15,4,2020
453,10419,38,117.48,5,4464.24,468,Shipped,Classic Cars,141,S18_1129,Salzburg Collectables,6562-9555,Geislweg 14,Salzburg,5020,Austria,Pipps,Georg,Medium,17,5,2020
454,10102,39,123.29,2,4808.31,1327,Shipped,Vintage Cars,102,S18_1342,Vitachrome Inc.,2125551500,2678 Kingston Rd.,NYC,10022,USA,Frick,Michael,Medium,10,1,2018
455,10125,32,101.71,1,3254.72,1197,Shipped,Vintage Cars,102,S18_1342,"Australian Collectors, Co.",03 9520 4555,636 St Kilda Road,Melbourne,3004,Australia,Ferguson,Peter,Medium,21,5,2018
456,10139,31,102.74,7,3184.94,1142,Shipped,Vintage Cars,102,S18_1342,Souveniers And Things Co.,+61 2 9495 8555,"Monitor Money Building, 815 Pacific Hwy",Chatswood,2067,Australia,Huxley,Adrian,Medium,16,7,2018
457,10149,50,118.15,4,5907.5,1085,Shipped,Vintage Cars,102,S18_1342,Signal Collectibles Ltd.,4155554312,2793 Furth Circle,Brisbane,94217,USA,Taylor,Sue,Medium,12,9,2018
458,10173,43,117.12,6,5036.16,1032,Shipped,Vintage Cars,102,S18_1342,Rovelli Gifts,035-640555,Via Ludovico il Moro 22,Bergamo,24100,Italy,Rovelli,Giovanni,Medium,5,11,2018
459,10182,25,87.33,3,2183.25,1026,Shipped,Vintage Cars,102,S18_1342,Mini Gifts Distributors Ltd.,4155551450,5677 Strong St.,San Rafael,97562,USA,Nelson,Valarie,Small,12,11,2018
460,10193,28,110.96,7,3106.88,1018,Shipped,Vintage Cars,102,S18_1342,"Australian Collectables, Ltd",61-9-3844-6555,7 Allen Street,Glen Waverly,3150,Australia,Connery,Sean,Medium,21,11,2018
461,10205,36,103.77,2,3735.72,1007,Shipped,Vintage Cars,102,S18_1342,Euro Shopping Channel,(91) 555 94 44,"C/ Moralzarzal, 86",Madrid,28034,Spain,Freyre,Diego,Medium,3,12,2018
462,10215,27,89.38,10,2413.26,951,Shipped,Vintage Cars,102,S18_1342,West Coast Collectables Co.,3105553722,3675 Furth Circle,Burbank,94019,USA,Thompson,Steve,Small,29,1,2019
463,10227,25,118.15,3,2953.75,920,Shipped,Vintage Cars,102,S18_1342,"Saveley & Henriot, Co.",78.32.5555,"2, rue du Commerce",Lyon,69004,France,Saveley,Mary,Small,2,3,2019
464,10244,40,117.12,7,4684.8,863,Shipped,Vintage Cars,102,S18_1342,Euro Shopping Channel,(91) 555 94 44,"C/ Moralzarzal, 86",Madrid,28034,Spain,Freyre,Diego,Medium,29,4,2019
465,10256,34,95.55,2,3248.7,824,Shipped,Vintage Cars,102,S18_1342,Danish Wholesale Imports,31 12 3555,Vinb'ltet 34,Kobenhavn,1734,Denmark,Petersen,Jytte,Medium,8,6,2019
466,10280,50,104.79,9,5239.5,755,Shipped,Vintage Cars,102,S18_1342,Amica Models & Co.,011-4988555,Via Monte Bianco 34,Torino,10100,Italy,Accorti,Paolo,Medium,17,8,2019
467,10289,38,120.21,2,4567.98,739,Shipped,Vintage Cars,102,S18_1342,Herkku Gifts,+47 2267 3215,"Drammen 121, PR 744 Sentrum",Bergen,N 5804,Norway,Oeztan,Veysel,Medium,3,9,2019
468,10304,37,95.55,13,3535.35,702,Shipped,Vintage Cars,102,S18_1342,Auto Assoc. & Cie.,30.59.8555,"67, avenue de l'Europe",Versailles,78000,France,Tonini,Daniel,Medium,11,10,2019
469,10312,43,89.38,10,3843.34,693,Shipped,Vintage Cars,102,S18_1342,Mini Gifts Distributors Ltd.,4155551450,5677 Strong St.,San Rafael,97562,USA,Nelson,Valarie,Medium,21,10,2019
470,10322,43,86.3,14,3710.9,680,Shipped,Vintage Cars,102,S18_1342,Online Diecast Creations Co.,6035558647,2304 Long Airport Avenue,Nashua,62005,USA,Young,Valarie,Medium,4,11,2019
471,10332,46,95.13,15,4375.98,668,Shipped,Vintage Cars,102,S18_1342,"AV Stores, Co.",(171) 555-1555,Fauntleroy Circus,Manchester,EC2 5NT,UK,Ashworth,Victoria,Medium,17,11,2019
472,10346,42,36.11,3,1516.62,657,Shipped,Vintage Cars,102,S18_1342,Signal Gift Stores,7025551838,8489 Strong St.,Las Vegas,83030,USA,King,Sue,Small,29,11,2019
473,10356,50,50.18,9,2509.0,648,Shipped,Vintage Cars,102,S18_1342,Lyon Souveniers,+33 1 46 62 7555,27 rue du Colonel Pierre Avia,Paris,75508,France,Da Cunha,Daniel,Small,9,12,2019
474,10369,44,210.01,8,9240.44,607,Shipped,Vintage Cars,102,S18_1342,Collectables For Less Inc.,6175558555,7825 Douglas Av.,Brickhaven,58339,USA,Nelson,Allen,Large,20,1,2020
475,10380,27,93.16,13,2515.32,581,Shipped,Vintage Cars,102,S18_1342,Euro Shopping Channel,(91) 555 94 44,"C/ Moralzarzal, 86",Madrid,28034,Spain,Freyre,Diego,Small,16,2,2020
476,10391,35,158.54,2,5548.9,560,Shipped,Vintage Cars,102,S18_1342,"Anna's Decorations, Ltd",02 9936 8555,201 Miller Street,North Sydney,2060,Australia,O'Hara,Anna,Medium,9,3,2020
477,10422,51,95.55,2,4873.05,479,In Process,Vintage Cars,102,S18_1342,Diecast Classics Inc.,2155551555,7586 Pompton St.,Allentown,70267,USA,Yu,Kyung,Medium,30,5,2020
478,10102,41,50.14,1,2055.74,1351,Shipped,Vintage Cars,53,S18_1367,Vitachrome Inc.,2125551500,2678 Kingston Rd.,NYC,10022,USA,Frick,Michael,Small,10,1,2018
479,10126,42,54.99,17,2309.58,1214,Shipped,Vintage Cars,53,S18_1367,"Corrida Auto Replicas, Ltd",(91) 555 22 82,"C/ Araquil, 67",Madrid,28023,Spain,Sommer,Mart¡n,Small,28,5,2018
480,10139,49,43.13,6,2113.37,1166,Shipped,Vintage Cars,53,S18_1367,Souveniers And Things Co.,+61 2 9495 8555,"Monitor Money Building, 815 Pacific Hwy",Chatswood,2067,Australia,Huxley,Adrian,Small,16,7,2018
481,10149,30,58.22,3,1746.6,1109,Shipped,Vintage Cars,53,S18_1367,Signal Collectibles Ltd.,4155554312,2793 Furth Circle,Brisbane,94217,USA,Taylor,Sue,Small,12,9,2018
482,10173,48,44.21,5,2122.08,1056,Shipped,Vintage Cars,53,S18_1367,Rovelli Gifts,035-640555,Via Ludovico il Moro 22,Bergamo,24100,Italy,Rovelli,Giovanni,Small,5,11,2018
483,10182,32,54.45,2,1742.4,1050,Shipped,Vintage Cars,53,S18_1367,Mini Gifts Distributors Ltd.,4155551450,5677 Strong St.,San Rafael,97562,USA,Nelson,Valarie,Small,12,11,2018
484,10193,46,53.37,6,2455.02,1042,Shipped,Vintage Cars,53,S18_1367,"Australian Collectables, Ltd",61-9-3844-6555,7 Allen Street,Glen Waverly,3150,Australia,Connery,Sean,Small,21,11,2018
485,10205,48,63.61,1,3053.28,1031,Shipped,Vintage Cars,53,S18_1367,Euro Shopping Channel,(91) 555 94 44,"C/ Moralzarzal, 86",Madrid,28034,Spain,Freyre,Diego,Medium,3,12,2018
486,10215,33,43.13,9,1423.29,975,Shipped,Vintage Cars,53,S18_1367,West Coast Collectables Co.,3105553722,3675 Furth Circle,Burbank,94019,USA,Thompson,Steve,Small,29,1,2019
487,10227,31,48.52,2,1504.12,944,Shipped,Vintage Cars,53,S18_1367,"Saveley & Henriot, Co.",78.32.5555,"2, rue du Commerce",Lyon,69004,France,Saveley,Mary,Small,2,3,2019
488,10244,20,58.22,6,1164.4,887,Shipped,Vintage Cars,53,S18_1367,Euro Shopping Channel,(91) 555 94 44,"C/ Moralzarzal, 86",Madrid,28034,Spain,Freyre,Diego,Small,29,4,2019
489,10256,29,51.75,1,1500.75,848,Shipped,Vintage Cars,53,S18_1367,Danish Wholesale Imports,31 12 3555,Vinb'ltet 34,Kobenhavn,1734,Denmark,Petersen,Jytte,Small,8,6,2019
490,10280,27,57.68,8,1557.36,779,Shipped,Vintage Cars,53,S18_1367,Amica Models & Co.,011-4988555,Via Monte Bianco 34,Torino,10100,Italy,Accorti,Paolo,Small,17,8,2019
491,10289,24,56.07,1,1345.68,763,Shipped,Vintage Cars,53,S18_1367,Herkku Gifts,+47 2267 3215,"Drammen 121, PR 744 Sentrum",Bergen,N 5804,Norway,Oeztan,Veysel,Small,3,9,2019
492,10304,37,48.52,12,1795.24,726,Shipped,Vintage Cars,53,S18_1367,Auto Assoc. & Cie.,30.59.8555,"67, avenue de l'Europe",Versailles,78000,France,Tonini,Daniel,Small,11,10,2019
493,10312,25,44.21,9,1105.25,717,Shipped,Vintage Cars,53,S18_1367,Mini Gifts Distributors Ltd.,4155551450,5677 Strong St.,San Rafael,97562,USA,Nelson,Valarie,Small,21,10,2019
494,10322,41,57.68,5,2364.88,704,Shipped,Vintage Cars,53,S18_1367,Online Diecast Creations Co.,6035558647,2304 Long Airport Avenue,Nashua,62005,USA,Young,Valarie,Small,4,11,2019
495,10332,27,89.89,16,2427.03,692,Shipped,Vintage Cars,53,S18_1367,"AV Stores, Co.",(171) 555-1555,Fauntleroy Circus,Manchester,EC2 5NT,UK,Ashworth,Victoria,Small,17,11,2019
496,10347,21,58.95,7,1237.95,681,Shipped,Vintage Cars,53,S18_1367,"Australian Collectors, Co.",03 9520 4555,636 St Kilda Road,Melbourne,3004,Australia,Ferguson,Peter,Small,29,11,2019
497,10356,22,72.41,6,1593.02,672,Shipped,Vintage Cars,53,S18_1367,Lyon Souveniers,+33 1 46 62 7555,27 rue du Colonel Pierre Avia,Paris,75508,France,Da Cunha,Daniel,Small,9,12,2019
498,10369,32,98.63,7,3156.16,631,Shipped,Vintage Cars,53,S18_1367,Collectables For Less Inc.,6175558555,7825 Douglas Av.,Brickhaven,58339,USA,Nelson,Allen,Medium,20,1,2020
499,10391,42,119.0,3,4998.0,583,Shipped,Vintage Cars,53,S18_1367,"Anna's Decorations, Ltd",02 9936 8555,201 Miller Street,North Sydney,2060,Australia,O'Hara,Anna,Medium,9,3,2020
500,10422,25,51.75,1,1293.75,502,In Process,Vintage Cars,53,S18_1367,Diecast Classics Inc.,2155551555,7586 Pompton St.,Allentown,70267,USA,Yu,Kyung,Small,30,5,2020
501,10110,37,146.84,16,5433.08,1307,Shipped,Classic Cars,124,S18_1589,"AV Stores, Co.",(171) 555-1555,Fauntleroy Circus,Manchester,EC2 5NT,UK,Ashworth,Victoria,Medium,18,3,2018
502,10123,26,118.22,2,3073.72,1245,Shipped,Classic Cars,124,S18_1589,Atelier graphique,40.32.2555,"54, rue Royale",Nantes,44000,France,Schmitt,Carine,Medium,20,5,2018
503,10137,44,99.55,2,4380.2,1195,Shipped,Classic Cars,124,S18_1589,Reims Collectables,26.47.1555,59 rue de l'Abbaye,Reims,51100,France,Henriot,Paul,Medium,10,7,2018
504,10148,47,124.44,9,5848.68,1133,Shipped,Classic Cars,124,S18_1589,"Anna's Decorations, Ltd",02 9936 8555,201 Miller Street,North Sydney,2060,Australia,O'Hara,Anna,Medium,11,9,2018
505,10161,43,143.11,8,6153.73,1098,Shipped,Classic Cars,124,S18_1589,Heintze Collectables,86 21 3555,Smagsloget 45,Aaarhus,8200,Denmark,Ibsen,Palle,Medium,17,10,2018
506,10172,42,118.22,6,4965.24,1080,Shipped,Classic Cars,124,S18_1589,Gift Depot Inc.,2035552570,25593 South Bay Ln.,Bridgewater,97562,USA,King,Julie,Medium,5,11,2018
507,10181,42,129.42,2,5435.64,1074,Shipped,Classic Cars,124,S18_1589,Herkku Gifts,+47 2267 3215,"Drammen 121, PR 744 Sentrum",Bergen,N 5804,Norway,Oeztan,Veysel,Medium,12,11,2018
508,10192,29,146.84,7,4258.36,1067,Shipped,Classic Cars,124,S18_1589,Online Diecast Creations Co.,6035558647,2304 Long Airport Avenue,Nashua,62005,USA,Young,Valarie,Medium,20,11,2018
509,10204,40,100.8,13,4032.0,1056,Shipped,Classic Cars,124,S18_1589,Muscle Machine Inc,2125557413,4092 Furth Circle,NYC,10022,USA,Young,Jeff,Medium,2,12,2018
510,10212,38,118.22,6,4492.36,1012,Shipped,Classic Cars,124,S18_1589,Euro Shopping Channel,(91) 555 94 44,"C/ Moralzarzal, 86",Madrid,28034,Spain,Freyre,Diego,Medium,16,1,2019
511,10226,38,109.51,4,4161.38,972,Shipped,Classic Cars,124,S18_1589,Collectable Mini Designs Co.,7605558146,361 Furth Circle,San Diego,91217,USA,Thompson,Valarie,Medium,26,2,2019
512,10241,21,119.46,11,2508.66,927,Shipped,Classic Cars,124,S18_1589,Mini Caravy,88.60.1555,"24, place Kluber",Strasbourg,67000,France,Citeaux,Frederique,Small,13,4,2019
513,10253,24,140.62,1,3374.88,879,Cancelled,Classic Cars,124,S18_1589,"UK Collectables, Ltd.",(171) 555-2282,Berkeley Gardens 12  Brewery,Liverpool,WX1 6LT,UK,Devon,Elizabeth,Medium,1,6,2019
514,10266,36,144.35,2,5196.6,845,Shipped,Classic Cars,124,S18_1589,L'ordine Souveniers,0522-556555,Strada Provinciale 124,Reggio Emilia,42100,Italy,Moroni,Maurizio,Medium,6,7,2019
515,10278,23,113.24,2,2604.52,815,Shipped,Classic Cars,124,S18_1589,Signal Gift Stores,7025551838,8489 Strong St.,Las Vegas,83030,USA,King,Sue,Small,6,8,2019
516,10288,20,146.84,14,2936.8,790,Shipped,Classic Cars,124,S18_1589,Handji Gifts& Co,+65 224 1555,Village Close - 106 Linden Road Sandown,Singapore,69045,Singapore,Victorino,Wendy,Small,1,9,2019
517,10301,32,107.02,4,3424.64,1122,Shipped,Classic Cars,124,S18_1589,"Norway Gifts By Mail, Co.",+47 2212 1555,"Drammensveien 126 A, PB 744 Sentrum",Oslo,N 0106,Norway,Klaeboe,Jan,Medium,5,10,2018
518,10311,29,100.8,9,2923.2,747,Shipped,Classic Cars,124,S18_1589,Euro Shopping Channel,(91) 555 94 44,"C/ Moralzarzal, 86",Madrid,28034,Spain,Freyre,Diego,Small,16,10,2019
519,10321,44,102.04,6,4489.76,729,Shipped,Classic Cars,124,S18_1589,FunGiftIdeas.com,5085552555,1785 First Street,New Bedford,50553,USA,Benitez,Violeta,Medium,4,11,2019
520,10331,44,110.21,14,4849.24,717,Shipped,Classic Cars,124,S18_1589,Motor Mint Distributors Inc.,2155559857,11328 Douglas Av.,Philadelphia,71270,USA,Hernandez,Rosa,Medium,17,11,2019
521,10343,36,162.47,4,5848.92,711,Shipped,Classic Cars,124,S18_1589,Reims Collectables,26.47.1555,59 rue de l'Abbaye,Reims,51100,France,Henriot,Paul,Medium,24,11,2019
522,10367,49,56.3,1,2758.7,663,Resolved,Classic Cars,124,S18_1589,Toys4GrownUps.com,6265557265,78934 Hillside Dr.,Pasadena,90003,USA,Young,Julie,Small,12,1,2020
523,10378,34,42.64,5,1449.76,635,Shipped,Classic Cars,124,S18_1589,Euro Shopping Channel,(91) 555 94 44,"C/ Moralzarzal, 86",Madrid,28034,Spain,Freyre,Diego,Small,10,2,2020
524,10407,59,119.46,11,7048.14,564,On Hold,Classic Cars,124,S18_1589,The Sharp Gifts Warehouse,4085553659,3086 Ingle Ln.,San Jose,94217,USA,Frick,Sue,Large,22,4,2020
525,10419,37,140.62,1,5202.94,540,Shipped,Classic Cars,124,S18_1589,Salzburg Collectables,6562-9555,Geislweg 14,Salzburg,5020,Austria,Pipps,Georg,Medium,17,5,2020
526,10106,36,146.65,12,5279.4,1361,Shipped,Planes,157,S18_1662,Rovelli Gifts,035-640555,Via Ludovico il Moro 22,Bergamo,24100,Italy,Rovelli,Giovanni,Medium,17,2,2018
527,10119,43,160.84,3,6916.12,1292,Shipped,Planes,157,S18_1662,Salzburg Collectables,6562-9555,Geislweg 14,Salzburg,5020,Austria,Pipps,Georg,Medium,28,4,2018
528,10131,21,132.46,4,2781.66,1244,Shipped,Planes,157,S18_1662,Gift Ideas Corp.,2035554407,2440 Pompton St.,Glendale,97561,USA,Lewis,Dan,Small,16,6,2018
529,10143,32,164.0,7,5248.0,1190,Shipped,Planes,157,S18_1662,Mini Creations Ltd.,5085559555,4575 Hillside Dr.,New Bedford,50553,USA,Tam,Wing C,Medium,10,8,2018
530,10155,38,171.88,5,6531.44,1134,Shipped,Planes,157,S18_1662,"Toys of Finland, Co.",90-224 8555,Keskuskatu 45,Helsinki,21240,Finland,Karttunen,Matti,Medium,6,10,2018
531,10167,43,134.04,1,5763.72,1118,Cancelled,Planes,157,S18_1662,Scandinavian Gift Ideas,0695-34 6555,?kergatan 24,Boras,S-844 67,Sweden,Larsson,Maria,Medium,23,10,2018
532,10178,42,154.54,4,6490.68,1103,Shipped,Planes,157,S18_1662,Alpha Cognac,61.77.6555,1 rue Alsace-Lorraine,Toulouse,31000,France,Roulet,Annette,Medium,8,11,2018
533,10186,32,187.65,1,6004.8,1098,Shipped,Planes,157,S18_1662,"Double Decker Gift Stores, Ltd",(171) 555-7555,120 Hanover Sq.,London,WA1 1DP,UK,Hardy,Thomas,Medium,14,11,2018
534,10198,42,178.19,4,7483.98,1086,Shipped,Planes,157,S18_1662,Cruz & Sons Co.,+63 2 555 3587,15 McCallum Street - NatWest Center #13-03,Makati City,1227 MM,Philippines,Cruz,Arnold,Large,27,11,2018
535,10210,31,184.5,17,5719.5,1041,Shipped,Planes,157,S18_1662,Osaka Souveniers Co.,+81 06 6342 5555,"Dojima Avanza 4F, 1-6-20 Dojima, Kita-ku",Osaka,530-0003,Japan,Kentary,Mory,Medium,12,1,2019
536,10222,49,141.92,4,6954.08,1004,Shipped,Planes,157,S18_1662,Collectable Mini Designs Co.,7605558146,361 Furth Circle,San Diego,91217,USA,Thompson,Valarie,Medium,19,2,2019
537,10250,45,181.34,14,8160.3,924,Shipped,Planes,157,S18_1662,The Sharp Gifts Warehouse,4085553659,3086 Ingle Ln.,San Jose,94217,USA,Frick,Sue,Large,11,5,2019
538,10262,49,134.04,9,6567.96,881,Cancelled,Planes,157,S18_1662,Euro Shopping Channel,(91) 555 94 44,"C/ Moralzarzal, 86",Madrid,28034,Spain,Freyre,Diego,Medium,24,6,2019
539,10274,41,164.0,1,6724.0,855,Shipped,Planes,157,S18_1662,Collectables For Less Inc.,6175558555,7825 Douglas Av.,Brickhaven,58339,USA,Nelson,Allen,Medium,21,7,2019
540,10284,45,127.73,11,5747.85,825,Shipped,Planes,157,S18_1662,"Norway Gifts By Mail, Co.",+47 2212 1555,"Drammensveien 126 A, PB 744 Sentrum",Oslo,N 0106,Norway,Klaeboe,Jan,Medium,21,8,2019
541,10296,36,157.69,7,5676.84,801,Shipped,Planes,157,S18_1662,"Bavarian Collectables Imports, Co.",+49 89 61 08 9555,Hansastr. 15,Munich,80686,Germany,Donnermeyer,Michael,Medium,15,9,2019
542,10307,39,189.23,1,7379.97,773,Shipped,Planes,157,S18_1662,"Classic Gift Ideas, Inc",2155554695,782 First Street,Philadelphia,71270,USA,Cervantes,Francisca,Large,14,10,2019
543,10316,27,137.19,9,3704.13,756,Shipped,Planes,157,S18_1662,giftsbymail.co.uk,(198) 555-8888,Garden House Crowther Way,Cowes,PO31 7PJ,UK,Bennett,Helen,Medium,1,11,2019
544,10327,25,112.19,6,2804.75,748,Resolved,Planes,157,S18_1662,Danish Wholesale Imports,31 12 3555,Vinb'ltet 34,Kobenhavn,1734,Denmark,Petersen,Jytte,Small,10,11,2019
545,10338,41,137.19,1,5624.79,737,Shipped,Planes,157,S18_1662,Royale Belge,(071) 23 67 2555,"Boulevard Tirou, 255",Charleroi,B-6000,Belgium,Cartrain,Pascale,Medium,22,11,2019
546,10351,39,99.52,1,3881.28,727,Shipped,Planes,157,S18_1662,"Stylish Desk Decors, Co.",(171) 555-0297,35 King George,London,WX3 6FW,UK,Brown,Ann,Medium,3,12,2019
547,10373,28,57.55,4,1611.4,669,Shipped,Planes,157,S18_1662,"Oulu Toy Supplies, Inc.",981-443655,Torikatu 38,Oulu,90110,Finland,Koskitalo,Pirkko,Small,31,1,2020
548,10386,25,54.57,7,1364.25,640,Resolved,Planes,157,S18_1662,Euro Shopping Channel,(91) 555 94 44,"C/ Moralzarzal, 86",Madrid,28034,Spain,Freyre,Diego,Small,1,3,2020
549,10398,33,127.73,11,4215.09,612,Shipped,Planes,157,S18_1662,Reims Collectables,26.47.1555,59 rue de l'Abbaye,Reims,51100,France,Henriot,Paul,Medium,30,3,2020
550,10400,34,189.23,1,6433.82,611,Shipped,Planes,157,S18_1662,The Sharp Gifts Warehouse,4085553659,3086 Ingle Ln.,San Jose,94217,USA,Frick,Sue,Medium,1,4,2020
551,10416,24,181.34,14,4352.16,573,Shipped,Planes,157,S18_1662,L'ordine Souveniers,0522-556555,Strada Provinciale 124,Reggio Emilia,42100,Italy,Moroni,Maurizio,Medium,10,5,2020
552,10100,30,171.7,3,5151.0,1429,Shipped,Vintage Cars,170,S18_1749,Online Diecast Creations Co.,6035558647,2304 Long Airport Avenue,Nashua,62005,USA,Young,Valarie,Medium,6,1,2018
553,10110,42,144.5,7,6069.0,1359,Shipped,Vintage Cars,170,S18_1749,"AV Stores, Co.",(171) 555-1555,Fauntleroy Circus,Manchester,EC2 5NT,UK,Ashworth,Victoria,Medium,18,3,2018
554,10124,21,136.0,6,2856.0,1296,Shipped,Vintage Cars,170,S18_1749,Signal Gift Stores,7025551838,8489 Strong St.,Las Vegas,83030,USA,King,Sue,Small,21,5,2018
555,10149,34,158.1,11,5375.4,1183,Shipped,Vintage Cars,170,S18_1749,Signal Collectibles Ltd.,4155554312,2793 Furth Circle,Brisbane,94217,USA,Taylor,Sue,Medium,12,9,2018
556,10173,24,146.2,13,3508.8,1130,Shipped,Vintage Cars,170,S18_1749,Rovelli Gifts,035-640555,Via Ludovico il Moro 22,Bergamo,24100,Italy,Rovelli,Giovanni,Medium,5,11,2018
557,10182,44,171.7,10,7554.8,1124,Shipped,Vintage Cars,170,S18_1749,Mini Gifts Distributors Ltd.,4155551450,5677 Strong St.,San Rafael,97562,USA,Nelson,Valarie,Large,12,11,2018
558,10193,21,149.6,14,3141.6,1116,Shipped,Vintage Cars,170,S18_1749,"Australian Collectables, Ltd",61-9-3844-6555,7 Allen Street,Glen Waverly,3150,Australia,Connery,Sean,Medium,21,11,2018
559,10204,33,178.5,4,5890.5,1106,Shipped,Vintage Cars,170,S18_1749,Muscle Machine Inc,2125557413,4092 Furth Circle,NYC,10022,USA,Young,Jeff,Medium,2,12,2018
560,10214,30,198.9,7,5967.0,1052,Shipped,Vintage Cars,170,S18_1749,"Corrida Auto Replicas, Ltd",(91) 555 22 82,"C/ Araquil, 67",Madrid,28023,Spain,Sommer,Mart¡n,Medium,26,1,2019
561,10227,26,142.8,10,3712.8,1018,Shipped,Vintage Cars,170,S18_1749,"Saveley & Henriot, Co.",78.32.5555,"2, rue du Commerce",Lyon,69004,France,Saveley,Mary,Medium,2,3,2019
562,10241,41,185.3,2,7597.3,977,Shipped,Vintage Cars,170,S18_1749,Mini Caravy,88.60.1555,"24, place Kluber",Strasbourg,67000,France,Citeaux,Frederique,Large,13,4,2019
563,10280,26,141.1,16,3668.6,852,Shipped,Vintage Cars,170,S18_1749,Amica Models & Co.,011-4988555,Via Monte Bianco 34,Torino,10100,Italy,Accorti,Paolo,Medium,17,8,2019
564,10288,32,183.6,5,5875.2,838,Shipped,Vintage Cars,170,S18_1749,Handji Gifts& Co,+65 224 1555,Village Close - 106 Linden Road Sandown,Singapore,69045,Singapore,Victorino,Wendy,Medium,1,9,2019
565,10302,43,170.0,1,7310.0,1169,Shipped,Vintage Cars,170,S18_1749,"UK Collectables, Ltd.",(171) 555-2282,Berkeley Gardens 12  Brewery,Liverpool,WX1 6LT,UK,Devon,Elizabeth,Large,6,10,2018
566,10312,48,168.3,17,8078.4,790,Shipped,Vintage Cars,170,S18_1749,Mini Gifts Distributors Ltd.,4155551450,5677 Strong St.,San Rafael,97562,USA,Nelson,Valarie,Large,21,10,2019
567,10331,44,74.04,7,3257.76,764,Shipped,Vintage Cars,170,S18_1749,Motor Mint Distributors Inc.,2155559857,11328 Douglas Av.,Philadelphia,71270,USA,Hernandez,Rosa,Medium,17,11,2019
568,10344,45,170.0,1,7650.0,757,Shipped,Vintage Cars,170,S18_1749,Marseille Mini Autos,91.24.4555,"12, rue des Bouchers",Marseille,13008,France,Lebihan,Laurence,Large,25,11,2019
569,10367,37,127.13,3,4703.81,710,Resolved,Vintage Cars,170,S18_1749,Toys4GrownUps.com,6265557265,78934 Hillside Dr.,Pasadena,90003,USA,Young,Julie,Medium,12,1,2020
570,10379,39,138.45,2,5399.55,682,Shipped,Vintage Cars,170,S18_1749,Euro Shopping Channel,(91) 555 94 44,"C/ Moralzarzal, 86",Madrid,28034,Spain,Freyre,Diego,Medium,10,2,2020
571,10407,76,185.3,2,14082.8,611,On Hold,Vintage Cars,170,S18_1749,The Sharp Gifts Warehouse,4085553659,3086 Ingle Ln.,San Jose,94217,USA,Frick,Sue,Large,22,4,2020
572,10420,37,142.8,5,5283.6,575,In Process,Vintage Cars,170,S18_1749,Souveniers And Things Co.,+61 2 9495 8555,"Monitor Money Building, 815 Pacific Hwy",Chatswood,2067,Australia,Huxley,Adrian,Medium,29,5,2020
573,10108,38,82.39,2,3130.82,1394,Shipped,Classic Cars,77,S18_1889,Cruz & Sons Co.,+63 2 555 3587,15 McCallum Street - NatWest Center #13-03,Makati City,1227 MM,Philippines,Cruz,Arnold,Medium,3,3,2018
574,10122,43,72.38,6,3112.34,1329,Shipped,Classic Cars,77,S18_1889,Marseille Mini Autos,91.24.4555,"12, rue des Bouchers",Marseille,13008,France,Lebihan,Laurence,Medium,8,5,2018
575,10135,48,79.31,3,3806.88,1275,Shipped,Classic Cars,77,S18_1889,Mini Gifts Distributors Ltd.,4155551450,5677 Strong St.,San Rafael,97562,USA,Nelson,Valarie,Medium,2,7,2018
576,10147,26,82.39,3,2142.14,1211,Shipped,Classic Cars,77,S18_1889,Collectables For Less Inc.,6175558555,7825 Douglas Av.,Brickhaven,58339,USA,Nelson,Allen,Small,5,9,2018
577,10170,20,63.14,2,1262.8,1152,Shipped,Classic Cars,77,S18_1889,Mini Auto Werke,7675-3555,Kirchgasse 6,Graz,8010,Austria,Mendel,Roland,Small,4,11,2018
578,10181,22,73.92,10,1626.24,1145,Shipped,Classic Cars,77,S18_1889,Herkku Gifts,+47 2267 3215,"Drammen 121, PR 744 Sentrum",Bergen,N 5804,Norway,Oeztan,Veysel,Small,12,11,2018
579,10192,45,90.86,15,4088.7,1138,Shipped,Classic Cars,77,S18_1889,Online Diecast Creations Co.,6035558647,2304 Long Airport Avenue,Nashua,62005,USA,Young,Valarie,Medium,20,11,2018
580,10203,45,85.47,4,3846.15,1127,Shipped,Classic Cars,77,S18_1889,Euro Shopping Channel,(91) 555 94 44,"C/ Moralzarzal, 86",Madrid,28034,Spain,Freyre,Diego,Medium,2,12,2018
581,10212,20,66.99,14,1339.8,1083,Shipped,Classic Cars,77,S18_1889,Euro Shopping Channel,(91) 555 94 44,"C/ Moralzarzal, 86",Madrid,28034,Spain,Freyre,Diego,Small,16,1,2019
582,10225,47,64.68,5,3039.96,1047,Shipped,Classic Cars,77,S18_1889,"Vida Sport, Ltd",0897-034555,Grenzacherweg 237,Gensve,1203,Switzerland,Holz,Michael,Medium,22,2,2019
583,10239,46,73.92,4,3400.32,999,Shipped,Classic Cars,77,S18_1889,"Oulu Toy Supplies, Inc.",981-443655,Torikatu 38,Oulu,90110,Finland,Koskitalo,Pirkko,Medium,12,4,2019
584,10253,23,83.93,9,1930.39,950,Cancelled,Classic Cars,77,S18_1889,"UK Collectables, Ltd.",(171) 555-2282,Berkeley Gardens 12  Brewery,Liverpool,WX1 6LT,UK,Devon,Elizabeth,Small,1,6,2019
585,10266,33,74.69,10,2464.77,916,Shipped,Classic Cars,77,S18_1889,L'ordine Souveniers,0522-556555,Strada Provinciale 124,Reggio Emilia,42100,Italy,Moroni,Maurizio,Small,6,7,2019
586,10278,29,90.86,10,2634.94,886,Shipped,Classic Cars,77,S18_1889,Signal Gift Stores,7025551838,8489 Strong St.,Las Vegas,83030,USA,King,Sue,Small,6,8,2019
587,10287,44,82.39,8,3625.16,863,Shipped,Classic Cars,77,S18_1889,"Vida Sport, Ltd",0897-034555,Grenzacherweg 237,Gensve,1203,Switzerland,Holz,Michael,Medium,30,8,2019
588,10300,41,92.4,1,3788.4,1194,Shipped,Classic Cars,77,S18_1889,"Blauer See Auto, Co.",+49 69 66 90 2555,Lyonerstr. 34,Frankfurt,60528,Germany,Keitel,Roland,Medium,4,10,2018
589,10310,20,91.63,6,1832.6,818,Shipped,Classic Cars,77,S18_1889,"Toms Spezialitten, Ltd",0221-5554327,Mehrheimerstr. 369,Koln,50739,Germany,Pfalzheim,Henriette,Small,16,10,2019
590,10321,37,78.54,14,2905.98,800,Shipped,Classic Cars,77,S18_1889,FunGiftIdeas.com,5085552555,1785 First Street,New Bedford,50553,USA,Benitez,Violeta,Small,4,11,2019
591,10329,29,101.89,9,2954.81,790,Shipped,Classic Cars,77,S18_1889,Land of Toys Inc.,2125557818,897 Long Airport Avenue,NYC,10022,USA,Yu,Kwai,Small,15,11,2019
592,10342,55,65.45,1,3599.75,782,Shipped,Classic Cars,77,S18_1889,"Australian Collectors, Co.",03 9520 4555,636 St Kilda Road,Melbourne,3004,Australia,Ferguson,Peter,Medium,24,11,2019
593,10363,22,167.57,7,3686.54,740,Shipped,Classic Cars,77,S18_1889,Suominen Souveniers,+358 9 8045 555,"Software Engineering Center, SEC Oy",Espoo,FIN-02271,Finland,Suominen,Kalle,Medium,6,1,2020
594,10377,31,67.76,4,2100.56,707,Shipped,Classic Cars,77,S18_1889,"Toys of Finland, Co.",90-224 8555,Keskuskatu 45,Helsinki,21240,Finland,Karttunen,Matti,Small,9,2,2020
595,10389,49,79.22,3,3881.78,685,Shipped,Classic Cars,77,S18_1889,Scandinavian Gift Ideas,0695-34 6555,?kergatan 24,Boras,S-844 67,Sweden,Larsson,Maria,Medium,3,3,2020
596,10405,61,73.92,4,4509.12,644,Shipped,Classic Cars,77,S18_1889,Mini Caravy,88.60.1555,"24, place Kluber",Strasbourg,67000,France,Citeaux,Frederique,Medium,14,4,2020
597,10419,39,83.93,9,3273.27,612,Shipped,Classic Cars,77,S18_1889,Salzburg Collectables,6562-9555,Geislweg 14,Salzburg,5020,Austria,Pipps,Georg,Medium,17,5,2020
598,10109,38,116.65,3,4432.7,1412,Shipped,Classic Cars,142,S18_1984,Motor Mint Distributors Inc.,2155559857,11328 Douglas Av.,Philadelphia,71270,USA,Hernandez,Rosa,Medium,10,3,2018
599,10122,31,132.29,1,4100.99,1354,Shipped,Classic Cars,142,S18_1984,Marseille Mini Autos,91.24.4555,"12, rue des Bouchers",Marseille,13008,France,Lebihan,Laurence,Medium,8,5,2018
600,10136,36,146.52,1,5274.72,1298,Shipped,Classic Cars,142,S18_1984,Alpha Cognac,61.77.6555,1 rue Alsace-Lorraine,Toulouse,31000,France,Roulet,Annette,Medium,4,7,2018
601,10148,25,169.28,12,4232.0,1230,Shipped,Classic Cars,142,S18_1984,"Anna's Decorations, Ltd",02 9936 8555,201 Miller Street,North Sydney,2060,Australia,O'Hara,Anna,Medium,11,9,2018
602,10161,48,128.03,11,6145.44,1195,Shipped,Classic Cars,142,S18_1984,Heintze Collectables,86 21 3555,Smagsloget 45,Aaarhus,8200,Denmark,Ibsen,Palle,Medium,17,10,2018
603,10171,35,133.72,1,4680.2,1177,Shipped,Classic Cars,142,S18_1984,Quebec Home Shopping Network,(514) 555-8054,43 rue St. Laurent,Montreal,H1J 1C3,Canada,Fresnisre,Jean,Medium,5,11,2018
604,10181,21,156.48,5,3286.08,1171,Shipped,Classic Cars,142,S18_1984,Herkku Gifts,+47 2267 3215,"Drammen 121, PR 744 Sentrum",Bergen,N 5804,Norway,Oeztan,Veysel,Medium,12,11,2018
605,10192,47,157.9,10,7421.3,1164,Shipped,Classic Cars,142,S18_1984,Online Diecast Creations Co.,6035558647,2304 Long Airport Avenue,Nashua,62005,USA,Young,Valarie,Large,20,11,2018
606,10204,38,169.28,16,6432.64,1153,Shipped,Classic Cars,142,S18_1984,Muscle Machine Inc,2125557413,4092 Furth Circle,NYC,10022,USA,Young,Jeff,Medium,2,12,2018
607,10212,41,118.07,9,4840.87,1109,Shipped,Classic Cars,142,S18_1984,Euro Shopping Channel,(91) 555 94 44,"C/ Moralzarzal, 86",Madrid,28034,Spain,Freyre,Diego,Medium,16,1,2019
608,10226,24,162.17,7,3892.08,1069,Shipped,Classic Cars,142,S18_1984,Collectable Mini Designs Co.,7605558146,361 Furth Circle,San Diego,91217,USA,Thompson,Valarie,Medium,26,2,2019
609,10240,37,149.36,2,5526.32,1024,Shipped,Classic Cars,142,S18_1984,Osaka Souveniers Co.,+81 06 6342 5555,"Dojima Avanza 4F, 1-6-20 Dojima, Kita-ku",Osaka,530-0003,Japan,Kentary,Mory,Medium,13,4,2019
610,10253,33,135.14,4,4459.62,976,Cancelled,Classic Cars,142,S18_1984,"UK Collectables, Ltd.",(171) 555-2282,Berkeley Gardens 12  Brewery,Liverpool,WX1 6LT,UK,Devon,Elizabeth,Medium,1,6,2019
611,10266,49,126.6,5,6203.4,942,Shipped,Classic Cars,142,S18_1984,L'ordine Souveniers,0522-556555,Strada Provinciale 124,Reggio Emilia,42100,Italy,Moroni,Maurizio,Medium,6,7,2019
612,10278,29,129.45,5,3754.05,912,Shipped,Classic Cars,142,S18_1984,Signal Gift Stores,7025551838,8489 Strong St.,Las Vegas,83030,USA,King,Sue,Medium,6,8,2019
613,10287,24,146.52,3,3516.48,889,Shipped,Classic Cars,142,S18_1984,"Vida Sport, Ltd",0897-034555,Grenzacherweg 237,Gensve,1203,Switzerland,Holz,Michael,Medium,30,8,2019
614,10301,47,159.32,7,7488.04,1219,Shipped,Classic Cars,142,S18_1984,"Norway Gifts By Mail, Co.",+47 2212 1555,"Drammensveien 126 A, PB 744 Sentrum",Oslo,N 0106,Norway,Klaeboe,Jan,Large,5,10,2018
615,10310,24,143.67,1,3448.08,844,Shipped,Classic Cars,142,S18_1984,"Toms Spezialitten, Ltd",0221-5554327,Mehrheimerstr. 369,Koln,50739,Germany,Pfalzheim,Henriette,Medium,16,10,2019
616,10321,25,149.36,9,3734.0,826,Shipped,Classic Cars,142,S18_1984,FunGiftIdeas.com,5085552555,1785 First Street,New Bedford,50553,USA,Benitez,Violeta,Medium,4,11,2019
617,10331,30,32.47,8,974.1,814,Shipped,Classic Cars,142,S18_1984,Motor Mint Distributors Inc.,2155559857,11328 Douglas Av.,Philadelphia,71270,USA,Hernandez,Rosa,Small,17,11,2019
618,10342,22,143.67,3,3160.74,808,Shipped,Classic Cars,142,S18_1984,"Australian Collectors, Co.",03 9520 4555,636 St Kilda Road,Melbourne,3004,Australia,Ferguson,Peter,Medium,24,11,2019
619,10356,27,64.69,2,1746.63,794,Shipped,Classic Cars,142,S18_1984,Lyon Souveniers,+33 1 46 62 7555,27 rue du Colonel Pierre Avia,Paris,75508,France,Da Cunha,Daniel,Small,9,12,2019
620,10366,34,123.76,3,4207.84,763,Shipped,Classic Cars,142,S18_1984,Royale Belge,(071) 23 67 2555,"Boulevard Tirou, 255",Charleroi,B-6000,Belgium,Cartrain,Pascale,Medium,10,1,2020
621,10377,36,120.91,6,4352.76,734,Shipped,Classic Cars,142,S18_1984,"Toys of Finland, Co.",90-224 8555,Keskuskatu 45,Helsinki,21240,Finland,Karttunen,Matti,Medium,9,2,2020
622,10390,34,43.05,15,1463.7,711,Shipped,Classic Cars,142,S18_1984,Mini Gifts Distributors Ltd.,4155551450,5677 Strong St.,San Rafael,97562,USA,Nelson,Valarie,Small,4,3,2020
623,10406,48,149.36,2,7169.28,670,Disputed,Classic Cars,142,S18_1984,Danish Wholesale Imports,31 12 3555,Vinb'ltet 34,Kobenhavn,1734,Denmark,Petersen,Jytte,Large,15,4,2020
624,10419,34,135.14,4,4594.76,639,Shipped,Classic Cars,142,S18_1984,Salzburg Collectables,6562-9555,Geislweg 14,Salzburg,5020,Austria,Pipps,Georg,Medium,17,5,2020
625,10104,24,144.08,8,3457.92,1477,Shipped,Classic Cars,163,S18_2238,Euro Shopping Channel,(91) 555 94 44,"C/ Moralzarzal, 86",Madrid,28034,Spain,Freyre,Diego,Medium,31,1,2018
626,10115,46,160.46,4,7381.16,1415,Shipped,Classic Cars,163,S18_2238,Classic Legends Inc.,2125558493,5905 Pompton St.,NYC,10022,USA,Hernandez,Maria,Large,4,4,2018
627,10127,45,158.82,10,7146.9,1356,Shipped,Classic Cars,163,S18_2238,Muscle Machine Inc,2125557413,4092 Furth Circle,NYC,10022,USA,Young,Jeff,Large,3,6,2018
628,10141,39,152.27,4,5938.53,1298,Shipped,Classic Cars,163,S18_2238,Suominen Souveniers,+358 9 8045 555,"Software Engineering Center, SEC Oy",Espoo,FIN-02271,Finland,Suominen,Kalle,Medium,1,8,2018
629,10151,43,165.37,2,7110.91,1248,Shipped,Classic Cars,163,S18_2238,"Oulu Toy Supplies, Inc.",981-443655,Torikatu 38,Oulu,90110,Finland,Koskitalo,Pirkko,Large,21,9,2018
630,10165,29,173.55,11,5032.95,1218,Shipped,Classic Cars,163,S18_2238,"Dragon Souveniers, Ltd.",+65 221 7555,"Bronz Sok., Bronz Apt. 3/6 Tesvikiye",Singapore,79903,Singapore,Natividad,Eric,Medium,22,10,2018
631,10176,20,183.38,10,3667.6,1204,Shipped,Classic Cars,163,S18_2238,L'ordine Souveniers,0522-556555,Strada Provinciale 124,Reggio Emilia,42100,Italy,Moroni,Maurizio,Medium,6,11,2018
632,10184,46,160.46,5,7381.16,1197,Shipped,Classic Cars,163,S18_2238,"Iberia Gift Imports, Corp.",(95) 555 82 82,"C/ Romero, 33",Sevilla,41101,Spain,Roel,Jose Pedro,Large,14,11,2018
633,10195,27,189.93,5,5128.11,1187,Shipped,Classic Cars,163,S18_2238,Mini Classics,9145554562,3758 North Pendale Street,White Plains,24067,USA,Frick,Steve,Medium,25,11,2018
634,10207,44,160.46,6,7060.24,1174,Shipped,Classic Cars,163,S18_2238,Diecast Collectables,6175552555,6251 Ingle Ln.,Boston,51003,USA,Franco,Valarie,Large,9,12,2018
635,10219,43,196.48,1,8448.64,1112,Shipped,Classic Cars,163,S18_2238,Signal Collectibles Ltd.,4155554312,2793 Furth Circle,Brisbane,94217,USA,Taylor,Sue,Large,10,2,2019
636,10230,49,148.99,8,7300.51,1080,Shipped,Classic Cars,163,S18_2238,"Blauer See Auto, Co.",+49 69 66 90 2555,Lyonerstr. 34,Frankfurt,60528,Germany,Keitel,Roland,Large,15,3,2019
637,10246,40,163.73,4,6549.2,1030,Shipped,Classic Cars,163,S18_2238,Euro Shopping Channel,(91) 555 94 44,"C/ Moralzarzal, 86",Madrid,28034,Spain,Freyre,Diego,Medium,5,5,2019
638,10259,30,189.93,3,5697.9,990,Shipped,Classic Cars,163,S18_2238,Handji Gifts& Co,+65 224 1555,Village Close - 106 Linden Road Sandown,Singapore,69045,Singapore,Victorino,Wendy,Medium,15,6,2019
639,10271,50,183.38,4,9169.0,956,Shipped,Classic Cars,163,S18_2238,Mini Gifts Distributors Ltd.,4155551450,5677 Strong St.,San Rafael,97562,USA,Nelson,Valarie,Large,20,7,2019
640,10282,23,140.81,13,3238.63,926,Shipped,Classic Cars,163,S18_2238,Mini Gifts Distributors Ltd.,4155551450,5677 Strong St.,San Rafael,97562,USA,Nelson,Valarie,Medium,20,8,2019
641,10292,26,175.19,7,4554.94,908,Shipped,Classic Cars,163,S18_2238,Land of Toys Inc.,2125557818,897 Long Airport Avenue,NYC,10022,USA,Yu,Kwai,Medium,8,9,2019
642,10305,27,145.72,4,3934.44,874,Shipped,Classic Cars,163,S18_2238,Marta's Replicas Co.,6175558555,39323 Spinnaker Dr.,Cambridge,51247,USA,Hernandez,Marta,Medium,13,10,2019
643,10314,42,137.53,13,5776.26,866,Shipped,Classic Cars,163,S18_2238,Heintze Collectables,86 21 3555,Smagsloget 45,Aaarhus,8200,Denmark,Ibsen,Palle,Medium,22,10,2019
644,10324,47,153.35,8,7207.45,853,Shipped,Classic Cars,163,S18_2238,Vitachrome Inc.,2125551500,2678 Kingston Rd.,NYC,10022,USA,Frick,Michael,Large,5,11,2019
645,10336,49,152.26,6,7460.74,839,Shipped,Classic Cars,163,S18_2238,"La Corne D'abondance, Co.",(1) 42.34.2555,"265, boulevard Charonne",Paris,75012,France,Bertrand,Marie,Large,20,11,2019
646,10349,38,176.83,8,6719.54,829,Shipped,Classic Cars,163,S18_2238,Muscle Machine Inc,2125557413,4092 Furth Circle,NYC,10022,USA,Young,Jeff,Medium,1,12,2019
647,10358,20,121.4,10,2428.0,821,Shipped,Classic Cars,163,S18_2238,Euro Shopping Channel,(91) 555 94 44,"C/ Moralzarzal, 86",Madrid,28034,Spain,Freyre,Diego,Small,10,12,2019
648,10371,25,104.09,7,2602.25,778,Shipped,Classic Cars,163,S18_2238,Mini Gifts Distributors Ltd.,4155551450,5677 Strong St.,San Rafael,97562,USA,Nelson,Valarie,Small,23,1,2020
649,10382,25,88.0,5,2200.0,754,Shipped,Classic Cars,163,S18_2238,Mini Gifts Distributors Ltd.,4155551450,5677 Strong St.,San Rafael,97562,USA,Nelson,Valarie,Small,17,2,2020
650,10412,41,163.73,4,6712.93,679,Shipped,Classic Cars,163,S18_2238,Euro Shopping Channel,(91) 555 94 44,"C/ Moralzarzal, 86",Madrid,28034,Spain,Freyre,Diego,Medium,3,5,2020
651,10425,28,189.93,3,5318.04,652,In Process,Classic Cars,163,S18_2238,La Rochelle Gifts,40.67.8555,"67, rue des Cinquante Otages",Nantes,44000,France,Labrune,Janine,Medium,31,5,2020
652,10100,50,67.8,2,3390.0,1529,Shipped,Vintage Cars,60,S18_2248,Online Diecast Creations Co.,6035558647,2304 Long Airport Avenue,Nashua,62005,USA,Young,Valarie,Medium,6,1,2018
653,10110,32,50.25,6,1608.0,1459,Shipped,Vintage Cars,60,S18_2248,"AV Stores, Co.",(171) 555-1555,Fauntleroy Circus,Manchester,EC2 5NT,UK,Ashworth,Victoria,Small,18,3,2018
654,10124,42,53.88,5,2262.96,1396,Shipped,Vintage Cars,60,S18_2248,Signal Gift Stores,7025551838,8489 Strong St.,Las Vegas,83030,USA,King,Sue,Small,21,5,2018
655,10149,24,62.36,10,1496.64,1283,Shipped,Vintage Cars,60,S18_2248,Signal Collectibles Ltd.,4155554312,2793 Furth Circle,Brisbane,94217,USA,Taylor,Sue,Small,12,9,2018
656,10173,26,57.51,12,1495.26,1230,Shipped,Vintage Cars,60,S18_2248,Rovelli Gifts,035-640555,Via Ludovico il Moro 22,Bergamo,24100,Italy,Rovelli,Giovanni,Small,5,11,2018
657,10182,38,61.15,9,2323.7,1224,Shipped,Vintage Cars,60,S18_2248,Mini Gifts Distributors Ltd.,4155551450,5677 Strong St.,San Rafael,97562,USA,Nelson,Valarie,Small,12,11,2018
658,10193,42,59.33,13,2491.86,1216,Shipped,Vintage Cars,60,S18_2248,"Australian Collectables, Ltd",61-9-3844-6555,7 Allen Street,Glen Waverly,3150,Australia,Connery,Sean,Small,21,11,2018
659,10204,23,71.44,3,1643.12,1206,Shipped,Vintage Cars,60,S18_2248,Muscle Machine Inc,2125557413,4092 Furth Circle,NYC,10022,USA,Young,Jeff,Small,2,12,2018
660,10214,21,62.96,6,1322.16,1152,Shipped,Vintage Cars,60,S18_2248,"Corrida Auto Replicas, Ltd",(91) 555 22 82,"C/ Araquil, 67",Madrid,28023,Spain,Sommer,Mart¡n,Small,26,1,2019
661,10227,28,50.85,9,1423.8,1118,Shipped,Vintage Cars,60,S18_2248,"Saveley & Henriot, Co.",78.32.5555,"2, rue du Commerce",Lyon,69004,France,Saveley,Mary,Small,2,3,2019
662,10241,33,72.65,1,2397.45,1077,Shipped,Vintage Cars,60,S18_2248,Mini Caravy,88.60.1555,"24, place Kluber",Strasbourg,67000,France,Citeaux,Frederique,Small,13,4,2019
663,10280,25,62.96,15,1574.0,952,Shipped,Vintage Cars,60,S18_2248,Amica Models & Co.,011-4988555,Via Monte Bianco 34,Torino,10100,Italy,Accorti,Paolo,Small,17,8,2019
664,10288,28,61.75,4,1729.0,938,Shipped,Vintage Cars,60,S18_2248,Handji Gifts& Co,+65 224 1555,Village Close - 106 Linden Road Sandown,Singapore,69045,Singapore,Victorino,Wendy,Small,1,9,2019
665,10303,46,49.04,2,2255.84,904,Shipped,Vintage Cars,60,S18_2248,"Iberia Gift Imports, Corp.",(95) 555 82 82,"C/ Romero, 33",Sevilla,41101,Spain,Roel,Jose Pedro,Small,6,10,2019
666,10312,30,61.15,16,1834.5,890,Shipped,Vintage Cars,60,S18_2248,Mini Gifts Distributors Ltd.,4155551450,5677 Strong St.,San Rafael,97562,USA,Nelson,Valarie,Small,21,10,2019
667,10332,38,84.25,9,3201.5,864,Shipped,Vintage Cars,60,S18_2248,"AV Stores, Co.",(171) 555-1555,Fauntleroy Circus,Manchester,EC2 5NT,UK,Ashworth,Victoria,Medium,17,11,2019
668,10344,40,56.91,2,2276.4,857,Shipped,Vintage Cars,60,S18_2248,Marseille Mini Autos,91.24.4555,"12, rue des Bouchers",Marseille,13008,France,Lebihan,Laurence,Small,25,11,2019
669,10367,45,197.44,4,8884.8,810,Resolved,Vintage Cars,60,S18_2248,Toys4GrownUps.com,6265557265,78934 Hillside Dr.,Pasadena,90003,USA,Young,Julie,Large,12,1,2020
670,10379,27,49.3,1,1331.1,782,Shipped,Vintage Cars,60,S18_2248,Euro Shopping Channel,(91) 555 94 44,"C/ Moralzarzal, 86",Madrid,28034,Spain,Freyre,Diego,Small,10,2,2020
671,10407,42,72.65,1,3051.3,711,On Hold,Vintage Cars,60,S18_2248,The Sharp Gifts Warehouse,4085553659,3086 Ingle Ln.,San Jose,94217,USA,Frick,Sue,Medium,22,4,2020
672,10420,36,63.57,4,2288.52,675,In Process,Vintage Cars,60,S18_2248,Souveniers And Things Co.,+61 2 9495 8555,"Monitor Money Building, 815 Pacific Hwy",Chatswood,2067,Australia,Huxley,Adrian,Small,29,5,2020
673,10104,29,130.09,12,3772.61,1525,Shipped,Trucks and Buses,122,S18_2319,Euro Shopping Channel,(91) 555 94 44,"C/ Moralzarzal, 86",Madrid,28034,Spain,Freyre,Diego,Medium,31,1,2018
674,10114,39,106.78,3,4164.42,1466,Shipped,Trucks and Buses,122,S18_2319,"La Corne D'abondance, Co.",(1) 42.34.2555,"265, boulevard Charonne",Paris,75012,France,Bertrand,Marie,Medium,1,4,2018
675,10127,45,139.91,14,6295.95,1404,Shipped,Trucks and Buses,122,S18_2319,Muscle Machine Inc,2125557413,4092 Furth Circle,NYC,10022,USA,Young,Jeff,Medium,3,6,2018
676,10141,47,133.78,8,6287.66,1346,Shipped,Trucks and Buses,122,S18_2319,Suominen Souveniers,+358 9 8045 555,"Software Engineering Center, SEC Oy",Espoo,FIN-02271,Finland,Suominen,Kalle,Medium,1,8,2018
677,10151,49,110.46,6,5412.54,1296,Shipped,Trucks and Buses,122,S18_2319,"Oulu Toy Supplies, Inc.",981-443655,Torikatu 38,Oulu,90110,Finland,Koskitalo,Pirkko,Medium,21,9,2018
678,10165,46,130.09,15,5984.14,1266,Shipped,Trucks and Buses,122,S18_2319,"Dragon Souveniers, Ltd.",+65 221 7555,"Bronz Sok., Bronz Apt. 3/6 Tesvikiye",Singapore,79903,Singapore,Natividad,Eric,Medium,22,10,2018
679,10175,48,122.73,4,5891.04,1252,Shipped,Trucks and Buses,122,S18_2319,"Stylish Desk Decors, Co.",(171) 555-0297,35 King George,London,WX3 6FW,UK,Brown,Ann,Medium,6,11,2018
680,10184,46,130.09,9,5984.14,1245,Shipped,Trucks and Buses,122,S18_2319,"Iberia Gift Imports, Corp.",(95) 555 82 82,"C/ Romero, 33",Sevilla,41101,Spain,Roel,Jose Pedro,Medium,14,11,2018
681,10195,35,103.09,9,3608.15,1235,Shipped,Trucks and Buses,122,S18_2319,Mini Classics,9145554562,3758 North Pendale Street,White Plains,24067,USA,Frick,Steve,Medium,25,11,2018
682,10207,43,133.78,10,5752.54,1222,Shipped,Trucks and Buses,122,S18_2319,Diecast Collectables,6175552555,6251 Ingle Ln.,Boston,51003,USA,Franco,Valarie,Medium,9,12,2018
683,10229,26,144.82,4,3765.32,1131,Shipped,Trucks and Buses,122,S18_2319,Mini Gifts Distributors Ltd.,4155551450,5677 Strong St.,San Rafael,97562,USA,Nelson,Valarie,Medium,11,3,2019
684,10246,22,98.18,8,2159.96,1077,Shipped,Trucks and Buses,122,S18_2319,Euro Shopping Channel,(91) 555 94 44,"C/ Moralzarzal, 86",Madrid,28034,Spain,Freyre,Diego,Small,5,5,2019
685,10259,34,99.41,7,3379.94,1037,Shipped,Trucks and Buses,122,S18_2319,Handji Gifts& Co,+65 224 1555,Village Close - 106 Linden Road Sandown,Singapore,69045,Singapore,Victorino,Wendy,Medium,15,6,2019
686,10271,50,101.87,8,5093.5,1003,Shipped,Trucks and Buses,122,S18_2319,Mini Gifts Distributors Ltd.,4155551450,5677 Strong St.,San Rafael,97562,USA,Nelson,Valarie,Medium,20,7,2019
687,10281,48,120.28,4,5773.44,974,Shipped,Trucks and Buses,122,S18_2319,Diecast Classics Inc.,2155551555,7586 Pompton St.,Allentown,70267,USA,Yu,Kyung,Medium,19,8,2019
688,10292,41,110.46,11,4528.86,955,Shipped,Trucks and Buses,122,S18_2319,Land of Toys Inc.,2125557818,897 Long Airport Avenue,NYC,10022,USA,Yu,Kwai,Medium,8,9,2019
689,10305,36,133.78,8,4816.08,921,Shipped,Trucks and Buses,122,S18_2319,Marta's Replicas Co.,6175558555,39323 Spinnaker Dr.,Cambridge,51247,USA,Hernandez,Marta,Medium,13,10,2019
690,10313,29,117.82,2,3416.78,913,Shipped,Trucks and Buses,122,S18_2319,Canadian Gift Exchange Network,(604) 555-3392,1900 Oak St.,Vancouver,V3F 2K1,Canada,Tannamuri,Yoshi,Medium,22,10,2019
691,10324,33,37.48,10,1236.84,900,Shipped,Trucks and Buses,122,S18_2319,Vitachrome Inc.,2125551500,2678 Kingston Rd.,NYC,10022,USA,Frick,Michael,Small,5,11,2019
692,10334,46,126.41,6,5814.86,887,On Hold,Trucks and Buses,122,S18_2319,"Volvo Model Replicas, Co",0921-12 3555,Berguvsvgen  8,Lule,S-958 22,Sweden,Berglund,Christina,Medium,19,11,2019
693,10349,38,137.46,7,5223.48,876,Shipped,Trucks and Buses,122,S18_2319,Muscle Machine Inc,2125557413,4092 Furth Circle,NYC,10022,USA,Young,Jeff,Medium,1,12,2019
694,10358,20,36.42,11,728.4,868,Shipped,Trucks and Buses,122,S18_2319,Euro Shopping Channel,(91) 555 94 44,"C/ Moralzarzal, 86",Madrid,28034,Spain,Freyre,Diego,Small,10,12,2019
695,10370,22,179.5,5,3949.0,828,Shipped,Trucks and Buses,122,S18_2319,"Anna's Decorations, Ltd",02 9936 8555,201 Miller Street,North Sydney,2060,Australia,O'Hara,Anna,Medium,20,1,2020
696,10383,27,142.37,11,3843.99,796,Shipped,Trucks and Buses,122,S18_2319,Euro Shopping Channel,(91) 555 94 44,"C/ Moralzarzal, 86",Madrid,28034,Spain,Freyre,Diego,Medium,22,2,2020
697,10412,56,98.18,8,5498.08,726,Shipped,Trucks and Buses,122,S18_2319,Euro Shopping Channel,(91) 555 94 44,"C/ Moralzarzal, 86",Madrid,28034,Spain,Freyre,Diego,Medium,3,5,2020
698,10425,38,99.41,7,3777.58,699,In Process,Trucks and Buses,122,S18_2319,La Rochelle Gifts,40.67.8555,"67, rue des Cinquante Otages",Nantes,44000,France,Labrune,Janine,Medium,31,5,2020
699,10101,25,151.28,4,3782.0,1573,Shipped,Vintage Cars,127,S18_2325,"Blauer See Auto, Co.",+49 69 66 90 2555,Lyonerstr. 34,Frankfurt,60528,Germany,Keitel,Roland,Medium,9,1,2018
700,10110,33,116.96,4,3859.68,1506,Shipped,Vintage Cars,127,S18_2325,"AV Stores, Co.",(171) 555-1555,Fauntleroy Circus,Manchester,EC2 5NT,UK,Ashworth,Victoria,Medium,18,3,2018
701,10124,42,105.52,3,4431.84,1443,Shipped,Vintage Cars,127,S18_2325,Signal Gift Stores,7025551838,8489 Strong St.,Las Vegas,83030,USA,King,Sue,Medium,21,5,2018
702,10149,33,150.01,8,4950.33,1330,Shipped,Vintage Cars,127,S18_2325,Signal Collectibles Ltd.,4155554312,2793 Furth Circle,Brisbane,94217,USA,Taylor,Sue,Medium,12,9,2018
703,10173,31,144.93,10,4492.83,1277,Shipped,Vintage Cars,127,S18_2325,Rovelli Gifts,035-640555,Via Ludovico il Moro 22,Bergamo,24100,Italy,Rovelli,Giovanni,Medium,5,11,2018
704,10182,20,110.6,7,2212.0,1271,Shipped,Vintage Cars,127,S18_2325,Mini Gifts Distributors Ltd.,4155551450,5677 Strong St.,San Rafael,97562,USA,Nelson,Valarie,Small,12,11,2018
705,10193,44,105.52,11,4642.88,1263,Shipped,Vintage Cars,127,S18_2325,"Australian Collectables, Ltd",61-9-3844-6555,7 Allen Street,Glen Waverly,3150,Australia,Connery,Sean,Medium,21,11,2018
706,10204,26,123.32,1,3206.32,1253,Shipped,Vintage Cars,127,S18_2325,Muscle Machine Inc,2125557413,4092 Furth Circle,NYC,10022,USA,Young,Jeff,Medium,2,12,2018
707,10214,27,133.49,4,3604.23,1199,Shipped,Vintage Cars,127,S18_2325,"Corrida Auto Replicas, Ltd",(91) 555 22 82,"C/ Araquil, 67",Madrid,28023,Spain,Sommer,Mart¡n,Medium,26,1,2019
708,10227,46,152.56,7,7017.76,1165,Shipped,Vintage Cars,127,S18_2325,"Saveley & Henriot, Co.",78.32.5555,"2, rue du Commerce",Lyon,69004,France,Saveley,Mary,Large,2,3,2019
709,10243,47,130.94,2,6154.18,1111,Shipped,Vintage Cars,127,S18_2325,Diecast Collectables,6175552555,6251 Ingle Ln.,Boston,51003,USA,Franco,Valarie,Medium,26,4,2019
710,10280,37,128.4,13,4750.8,999,Shipped,Vintage Cars,127,S18_2325,Amica Models & Co.,011-4988555,Via Monte Bianco 34,Torino,10100,Italy,Accorti,Paolo,Medium,17,8,2019
711,10288,31,123.32,2,3822.92,985,Shipped,Vintage Cars,127,S18_2325,Handji Gifts& Co,+65 224 1555,Village Close - 106 Linden Road Sandown,Singapore,69045,Singapore,Victorino,Wendy,Medium,1,9,2019
712,10304,24,101.7,17,2440.8,946,Shipped,Vintage Cars,127,S18_2325,Auto Assoc. & Cie.,30.59.8555,"67, avenue de l'Europe",Versailles,78000,France,Tonini,Daniel,Small,11,10,2019
713,10312,31,152.56,14,4729.36,937,Shipped,Vintage Cars,127,S18_2325,Mini Gifts Distributors Ltd.,4155551450,5677 Strong St.,San Rafael,97562,USA,Nelson,Valarie,Medium,21,10,2019
714,10322,50,250.73,6,12536.5,924,Shipped,Vintage Cars,127,S18_2325,Online Diecast Creations Co.,6035558647,2304 Long Airport Avenue,Nashua,62005,USA,Young,Valarie,Large,4,11,2019
715,10332,35,64.69,8,2264.15,912,Shipped,Vintage Cars,127,S18_2325,"AV Stores, Co.",(171) 555-1555,Fauntleroy Circus,Manchester,EC2 5NT,UK,Ashworth,Victoria,Small,17,11,2019
716,10344,30,130.94,3,3928.2,905,Shipped,Vintage Cars,127,S18_2325,Marseille Mini Autos,91.24.4555,"12, rue des Bouchers",Marseille,13008,France,Lebihan,Laurence,Medium,25,11,2019
717,10356,29,125.18,3,3630.22,892,Shipped,Vintage Cars,127,S18_2325,Lyon Souveniers,+33 1 46 62 7555,27 rue du Colonel Pierre Avia,Paris,75508,France,Da Cunha,Daniel,Medium,9,12,2019
718,10367,27,155.41,5,4196.07,859,Resolved,Vintage Cars,127,S18_2325,Toys4GrownUps.com,6265557265,78934 Hillside Dr.,Pasadena,90003,USA,Young,Julie,Medium,12,1,2020
719,10380,40,123.29,10,4931.6,825,Shipped,Vintage Cars,127,S18_2325,Euro Shopping Channel,(91) 555 94 44,"C/ Moralzarzal, 86",Madrid,28034,Spain,Freyre,Diego,Medium,16,2,2020
720,10390,31,98.99,16,3068.69,809,Shipped,Vintage Cars,127,S18_2325,Mini Gifts Distributors Ltd.,4155551450,5677 Strong St.,San Rafael,97562,USA,Nelson,Valarie,Medium,4,3,2020
721,10409,6,130.94,2,785.64,760,Shipped,Vintage Cars,127,S18_2325,Handji Gifts& Co,+65 224 1555,Village Close - 106 Linden Road Sandown,Singapore,69045,Singapore,Victorino,Wendy,Small,23,4,2020
722,10420,45,110.6,2,4977.0,725,In Process,Vintage Cars,127,S18_2325,Souveniers And Things Co.,+61 2 9495 8555,"Monitor Money Building, 815 Pacific Hwy",Chatswood,2067,Australia,Huxley,Adrian,Medium,29,5,2020
723,10103,22,54.09,2,1189.98,1577,Shipped,Trucks and Buses,60,S18_2432,Baane Mini Imports,07-98 9555,Erling Skakkes gate 78,Stavern,4110,Norway,Bergulfsen,Jonas,Small,29,1,2018
724,10114,45,68.67,6,3090.15,1516,Shipped,Trucks and Buses,60,S18_2432,"La Corne D'abondance, Co.",(1) 42.34.2555,"265, boulevard Charonne",Paris,75012,France,Bertrand,Marie,Medium,1,4,2018
725,10126,43,65.02,2,2795.86,1460,Shipped,Trucks and Buses,60,S18_2432,"Corrida Auto Replicas, Ltd",(91) 555 22 82,"C/ Araquil, 67",Madrid,28023,Spain,Sommer,Mart¡n,Small,28,5,2018
726,10140,46,61.99,2,2851.54,1404,Shipped,Trucks and Buses,60,S18_2432,Technics Stores Inc.,6505556809,9408 Furth Circle,Burlingame,94217,USA,Hirano,Juri,Small,24,7,2018
727,10151,39,69.28,9,2701.92,1346,Shipped,Trucks and Buses,60,S18_2432,"Oulu Toy Supplies, Inc.",981-443655,Torikatu 38,Oulu,90110,Finland,Koskitalo,Pirkko,Small,21,9,2018
728,10165,31,71.1,18,2204.1,1316,Shipped,Trucks and Buses,60,S18_2432,"Dragon Souveniers, Ltd.",+65 221 7555,"Bronz Sok., Bronz Apt. 3/6 Tesvikiye",Singapore,79903,Singapore,Natividad,Eric,Small,22,10,2018
729,10175,41,69.28,7,2840.48,1302,Shipped,Trucks and Buses,60,S18_2432,"Stylish Desk Decors, Co.",(171) 555-0297,35 King George,London,WX3 6FW,UK,Brown,Ann,Small,6,11,2018
730,10184,44,60.16,12,2647.04,1295,Shipped,Trucks and Buses,60,S18_2432,"Iberia Gift Imports, Corp.",(95) 555 82 82,"C/ Romero, 33",Sevilla,41101,Spain,Roel,Jose Pedro,Small,14,11,2018
731,10194,45,70.49,2,3172.05,1285,Shipped,Trucks and Buses,60,S18_2432,"Saveley & Henriot, Co.",78.32.5555,"2, rue du Commerce",Lyon,69004,France,Saveley,Mary,Medium,25,11,2018
732,10207,37,69.89,13,2585.93,1272,Shipped,Trucks and Buses,60,S18_2432,Diecast Collectables,6175552555,6251 Ingle Ln.,Boston,51003,USA,Franco,Valarie,Small,9,12,2018
733,10217,35,61.38,2,2148.3,1216,Shipped,Trucks and Buses,60,S18_2432,Handji Gifts& Co,+65 224 1555,Village Close - 106 Linden Road Sandown,Singapore,69045,Singapore,Victorino,Wendy,Small,4,2,2019
734,10229,28,59.55,7,1667.4,1182,Shipped,Trucks and Buses,60,S18_2432,Mini Gifts Distributors Ltd.,4155551450,5677 Strong St.,San Rafael,97562,USA,Nelson,Valarie,Small,11,3,2019
735,10246,30,61.99,11,1859.7,1128,Shipped,Trucks and Buses,60,S18_2432,Euro Shopping Channel,(91) 555 94 44,"C/ Moralzarzal, 86",Madrid,28034,Spain,Freyre,Diego,Small,5,5,2019
736,10259,30,49.22,10,1476.6,1088,Shipped,Trucks and Buses,60,S18_2432,Handji Gifts& Co,+65 224 1555,Village Close - 106 Linden Road Sandown,Singapore,69045,Singapore,Victorino,Wendy,Small,15,6,2019
737,10271,25,69.28,11,1732.0,1054,Shipped,Trucks and Buses,60,S18_2432,Mini Gifts Distributors Ltd.,4155551450,5677 Strong St.,San Rafael,97562,USA,Nelson,Valarie,Small,20,7,2019
738,10281,29,57.73,7,1674.17,1025,Shipped,Trucks and Buses,60,S18_2432,Diecast Classics Inc.,2155551555,7586 Pompton St.,Allentown,70267,USA,Yu,Kyung,Small,19,8,2019
739,10291,26,57.73,2,1500.98,1006,Shipped,Trucks and Buses,60,S18_2432,Scandinavian Gift Ideas,0695-34 6555,?kergatan 24,Boras,S-844 67,Sweden,Larsson,Maria,Small,8,9,2019
740,10305,41,53.48,11,2192.68,972,Shipped,Trucks and Buses,60,S18_2432,Marta's Replicas Co.,6175558555,39323 Spinnaker Dr.,Cambridge,51247,USA,Hernandez,Marta,Small,13,10,2019
741,10313,34,52.87,5,1797.58,964,Shipped,Trucks and Buses,60,S18_2432,Canadian Gift Exchange Network,(604) 555-3392,1900 Oak St.,Vancouver,V3F 2K1,Canada,Tannamuri,Yoshi,Small,22,10,2019
742,10322,35,61.21,11,2142.35,952,Shipped,Trucks and Buses,60,S18_2432,Online Diecast Creations Co.,6035558647,2304 Long Airport Avenue,Nashua,62005,USA,Young,Valarie,Small,4,11,2019
743,10334,34,61.38,1,2086.92,938,On Hold,Trucks and Buses,60,S18_2432,"Volvo Model Replicas, Co",0921-12 3555,Berguvsvgen  8,Lule,S-958 22,Sweden,Berglund,Christina,Small,19,11,2019
744,10347,50,136.69,8,6834.5,929,Shipped,Trucks and Buses,60,S18_2432,"Australian Collectors, Co.",03 9520 4555,636 St Kilda Road,Melbourne,3004,Australia,Ferguson,Peter,Medium,29,11,2019
745,10357,41,61.99,7,2541.59,919,Shipped,Trucks and Buses,60,S18_2432,Mini Gifts Distributors Ltd.,4155551450,5677 Strong St.,San Rafael,97562,USA,Nelson,Valarie,Small,10,12,2019
746,10370,22,96.86,7,2130.92,879,Shipped,Trucks and Buses,60,S18_2432,"Anna's Decorations, Ltd",02 9936 8555,201 Miller Street,North Sydney,2060,Australia,O'Hara,Anna,Small,20,1,2020
747,10391,44,38.5,5,1694.0,831,Shipped,Trucks and Buses,60,S18_2432,"Anna's Decorations, Ltd",02 9936 8555,201 Miller Street,North Sydney,2060,Australia,O'Hara,Anna,Small,9,3,2020
748,10412,47,61.99,11,2913.53,777,Shipped,Trucks and Buses,60,S18_2432,Euro Shopping Channel,(91) 555 94 44,"C/ Moralzarzal, 86",Madrid,28034,Spain,Freyre,Diego,Small,3,5,2020
749,10425,19,49.22,10,935.18,750,In Process,Trucks and Buses,60,S18_2432,La Rochelle Gifts,40.67.8555,"67, rue des Cinquante Otages",Nantes,44000,France,Labrune,Janine,Small,31,5,2020
750,10106,34,90.39,2,3073.26,1585,Shipped,Planes,84,S18_2581,Rovelli Gifts,035-640555,Via Ludovico il Moro 22,Bergamo,24100,Italy,Rovelli,Giovanni,Medium,17,2,2018
751,10120,29,71.81,8,2082.49,1515,Shipped,Planes,84,S18_2581,"Australian Collectors, Co.",03 9520 4555,636 St Kilda Road,Melbourne,3004,Australia,Ferguson,Peter,Small,29,4,2018
752,10133,49,69.27,3,3394.23,1457,Shipped,Planes,84,S18_2581,Euro Shopping Channel,(91) 555 94 44,"C/ Moralzarzal, 86",Madrid,28034,Spain,Freyre,Diego,Medium,27,6,2018
753,10145,30,85.32,14,2559.6,1399,Shipped,Planes,84,S18_2581,Toys4GrownUps.com,6265557265,78934 Hillside Dr.,Pasadena,90003,USA,Young,Julie,Small,25,8,2018
754,10168,21,70.96,9,1490.16,1336,Shipped,Planes,84,S18_2581,Technics Stores Inc.,6505556809,9408 Furth Circle,Burlingame,94217,USA,Hirano,Juri,Small,28,10,2018
755,10210,50,76.88,7,3844.0,1261,Shipped,Planes,84,S18_2581,Osaka Souveniers Co.,+81 06 6342 5555,"Dojima Avanza 4F, 1-6-20 Dojima, Kita-ku",Osaka,530-0003,Japan,Kentary,Mory,Medium,12,1,2019
756,10223,47,100.53,9,4724.91,1223,Shipped,Planes,84,S18_2581,"Australian Collectors, Co.",03 9520 4555,636 St Kilda Road,Melbourne,3004,Australia,Ferguson,Peter,Medium,20,2,2019
757,10235,24,76.03,3,1824.72,1183,Shipped,Planes,84,S18_2581,"Royal Canadian Collectables, Ltd.",(604) 555-4555,23 Tsawassen Blvd.,Tsawassen,T2F 8M4,Canada,Lincoln,Elizabeth,Small,2,4,2019
758,10250,27,98.84,4,2668.68,1145,Shipped,Planes,84,S18_2581,The Sharp Gifts Warehouse,4085553659,3086 Ingle Ln.,San Jose,94217,USA,Frick,Sue,Small,11,5,2019
759,10263,33,86.17,10,2843.61,1098,Shipped,Planes,84,S18_2581,Gift Depot Inc.,2035552570,25593 South Bay Ln.,Bridgewater,97562,USA,King,Julie,Small,28,6,2019
760,10275,35,90.39,9,3163.65,1074,Shipped,Planes,84,S18_2581,La Rochelle Gifts,40.67.8555,"67, rue des Cinquante Otages",Nantes,44000,France,Labrune,Janine,Medium,23,7,2019
761,10284,31,71.81,1,2226.11,1046,Shipped,Planes,84,S18_2581,"Norway Gifts By Mail, Co.",+47 2212 1555,"Drammensveien 126 A, PB 744 Sentrum",Oslo,N 0106,Norway,Klaeboe,Jan,Small,21,8,2019
762,10297,25,82.79,4,2069.75,1021,Shipped,Planes,84,S18_2581,"Clover Collections, Co.",+353 1862 1555,25 Maiden Lane,Dublin,2,Ireland,Cassidy,Dean,Small,16,9,2019
763,10308,27,82.79,7,2235.33,993,Shipped,Planes,84,S18_2581,Mini Classics,9145554562,3758 North Pendale Street,White Plains,24067,USA,Frick,Steve,Small,15,10,2019
764,10318,31,100.53,9,3116.43,976,Shipped,Planes,84,S18_2581,Diecast Classics Inc.,2155551555,7586 Pompton St.,Allentown,70267,USA,Yu,Kyung,Medium,2,11,2019
765,10327,45,106.26,8,4781.7,969,Resolved,Planes,84,S18_2581,Danish Wholesale Imports,31 12 3555,Vinb'ltet 34,Kobenhavn,1734,Denmark,Petersen,Jytte,Medium,10,11,2019
766,10339,27,104.1,2,2810.7,957,Shipped,Planes,84,S18_2581,"Tokyo Collectables, Ltd",+81 3 3584 0555,2-2-8 Roppongi,Minato-ku,106-0032,Japan,Shimamura,Akiko,Small,23,11,2019
767,10353,27,130.21,1,3515.67,947,Shipped,Planes,84,S18_2581,Gift Ideas Corp.,2035554407,2440 Pompton St.,Glendale,97561,USA,Lewis,Dan,Medium,4,12,2019
768,10374,42,69.27,2,2909.34,888,Shipped,Planes,84,S18_2581,"Australian Gift Network, Co",61-7-3844-6555,31 Duncan St. West End,South Brisbane,4101,Australia,Calaghan,Tony,Small,2,2,2020
769,10386,21,74.77,18,1570.17,861,Resolved,Planes,84,S18_2581,Euro Shopping Channel,(91) 555 94 44,"C/ Moralzarzal, 86",Madrid,28034,Spain,Freyre,Diego,Small,1,3,2020
770,10398,34,76.88,15,2613.92,833,Shipped,Planes,84,S18_2581,Reims Collectables,26.47.1555,59 rue de l'Abbaye,Reims,51100,France,Henriot,Paul,Small,30,3,2020
771,10401,42,76.03,3,3193.26,830,On Hold,Planes,84,S18_2581,Tekni Collectables Inc.,2015559350,7476 Moss Rd.,Newark,94019,USA,Brown,William,Medium,3,4,2020
772,10416,15,98.84,4,1482.6,794,Shipped,Planes,84,S18_2581,L'ordine Souveniers,0522-556555,Strada Provinciale 124,Reggio Emilia,42100,Italy,Moroni,Maurizio,Small,10,5,2020
773,10107,29,70.87,6,2055.23,1601,Shipped,Motorcycles,60,S18_2625,Land of Toys Inc.,2125557818,897 Long Airport Avenue,NYC,10022,USA,Yu,Kwai,Small,24,2,2018
774,10120,46,58.15,4,2674.9,1538,Shipped,Motorcycles,60,S18_2625,"Australian Collectors, Co.",03 9520 4555,636 St Kilda Road,Melbourne,3004,Australia,Ferguson,Peter,Small,29,4,2018
775,10134,30,61.78,6,1853.4,1476,Shipped,Motorcycles,60,S18_2625,Lyon Souveniers,+33 1 46 62 7555,27 rue du Colonel Pierre Avia,Paris,75508,France,Da Cunha,Daniel,Small,1,7,2018
776,10145,30,49.67,10,1490.1,1422,Shipped,Motorcycles,60,S18_2625,Toys4GrownUps.com,6265557265,78934 Hillside Dr.,Pasadena,90003,USA,Young,Julie,Small,25,8,2018
777,10168,46,61.18,5,2814.28,1359,Shipped,Motorcycles,60,S18_2625,Technics Stores Inc.,6505556809,9408 Furth Circle,Burlingame,94217,USA,Hirano,Juri,Small,28,10,2018
778,10180,25,64.2,13,1605.0,1346,Shipped,Motorcycles,60,S18_2625,Daedalus Designs Imports,20.16.1555,"184, chausse de Tournai",Lille,59000,France,Rance,Martine,Small,11,11,2018
779,10188,32,65.42,5,2093.44,1340,Shipped,Motorcycles,60,S18_2625,Herkku Gifts,+47 2267 3215,"Drammen 121, PR 744 Sentrum",Bergen,N 5804,Norway,Oeztan,Veysel,Small,18,11,2018
780,10210,40,49.67,3,1986.8,1286,Shipped,Motorcycles,60,S18_2625,Osaka Souveniers Co.,+81 06 6342 5555,"Dojima Avanza 4F, 1-6-20 Dojima, Kita-ku",Osaka,530-0003,Japan,Kentary,Mory,Small,12,1,2019
781,10223,28,60.57,5,1695.96,1248,Shipped,Motorcycles,60,S18_2625,"Australian Collectors, Co.",03 9520 4555,636 St Kilda Road,Melbourne,3004,Australia,Ferguson,Peter,Small,20,2,2019
782,10236,23,55.72,2,1281.56,1207,Shipped,Motorcycles,60,S18_2625,Motor Mint Distributors Inc.,2155559857,11328 Douglas Av.,Philadelphia,71270,USA,Hernandez,Rosa,Small,3,4,2019
783,10251,29,61.18,6,1774.22,1163,Shipped,Motorcycles,60,S18_2625,Tekni Collectables Inc.,2015559350,7476 Moss Rd.,Newark,94019,USA,Brown,William,Small,18,5,2019
784,10263,34,58.75,6,1997.5,1123,Shipped,Motorcycles,60,S18_2625,Gift Depot Inc.,2035552570,25593 South Bay Ln.,Bridgewater,97562,USA,King,Julie,Small,28,6,2019
785,10275,37,63.6,5,2353.2,1099,Shipped,Motorcycles,60,S18_2625,La Rochelle Gifts,40.67.8555,"67, rue des Cinquante Otages",Nantes,44000,France,Labrune,Janine,Small,23,7,2019
786,10285,20,49.06,10,981.2,1065,Shipped,Motorcycles,60,S18_2625,Marta's Replicas Co.,6175558555,39323 Spinnaker Dr.,Cambridge,51247,USA,Hernandez,Marta,Small,27,8,2019
787,10298,32,48.46,2,1550.72,1035,Shipped,Motorcycles,60,S18_2625,Atelier graphique,40.32.2555,"54, rue Royale",Nantes,44000,France,Schmitt,Carine,Small,27,9,2019
788,10308,34,52.09,3,1771.06,1018,Shipped,Motorcycles,60,S18_2625,Mini Classics,9145554562,3758 North Pendale Street,White Plains,24067,USA,Frick,Steve,Small,15,10,2019
789,10318,42,52.7,5,2213.4,1001,Shipped,Motorcycles,60,S18_2625,Diecast Classics Inc.,2155551555,7586 Pompton St.,Allentown,70267,USA,Yu,Kyung,Small,2,11,2019
790,10329,38,138.58,12,5266.04,989,Shipped,Motorcycles,60,S18_2625,Land of Toys Inc.,2125557818,897 Long Airport Avenue,NYC,10022,USA,Yu,Kwai,Medium,15,11,2019
791,10339,30,62.16,1,1864.8,982,Shipped,Motorcycles,60,S18_2625,"Tokyo Collectables, Ltd",+81 3 3584 0555,2-2-8 Roppongi,Minato-ku,106-0032,Japan,Shimamura,Akiko,Small,23,11,2019
792,10362,23,49.67,3,1142.41,940,Shipped,Motorcycles,60,S18_2625,Technics Stores Inc.,6505556809,9408 Furth Circle,Burlingame,94217,USA,Hirano,Juri,Small,5,1,2020
793,10374,22,53.3,4,1172.6,913,Shipped,Motorcycles,60,S18_2625,"Australian Gift Network, Co",61-7-3844-6555,31 Duncan St. West End,South Brisbane,4101,Australia,Calaghan,Tony,Small,2,2,2020
794,10389,39,179.0,5,6981.0,884,Shipped,Motorcycles,60,S18_2625,Scandinavian Gift Ideas,0695-34 6555,?kergatan 24,Boras,S-844 67,Sweden,Larsson,Maria,Medium,3,3,2020
795,10402,55,55.72,2,3064.6,850,Shipped,Motorcycles,60,S18_2625,Auto Canal Petit,(1) 47.55.6555,"25, rue Lauriston",Paris,75016,France,Perrier,Dominique,Medium,7,4,2020
796,10417,36,61.18,6,2202.48,815,Disputed,Motorcycles,60,S18_2625,Euro Shopping Channel,(91) 555 94 44,"C/ Moralzarzal, 86",Madrid,28034,Spain,Freyre,Diego,Small,13,5,2020
797,10101,26,145.13,1,3773.38,1671,Shipped,Vintage Cars,168,S18_2795,"Blauer See Auto, Co.",+49 69 66 90 2555,Lyonerstr. 34,Frankfurt,60528,Germany,Keitel,Roland,Medium,9,1,2018
798,10110,31,163.69,1,5074.39,1604,Shipped,Vintage Cars,168,S18_2795,"AV Stores, Co.",(171) 555-1555,Fauntleroy Circus,Manchester,EC2 5NT,UK,Ashworth,Victoria,Medium,18,3,2018
799,10125,34,190.69,2,6483.46,1541,Shipped,Vintage Cars,168,S18_2795,"Australian Collectors, Co.",03 9520 4555,636 St Kilda Road,Melbourne,3004,Australia,Ferguson,Peter,Medium,21,5,2018
800,10139,41,194.06,8,7956.46,1486,Shipped,Vintage Cars,168,S18_2795,Souveniers And Things Co.,+61 2 9495 8555,"Monitor Money Building, 815 Pacific Hwy",Chatswood,2067,Australia,Huxley,Adrian,Large,16,7,2018
801,10149,23,183.94,5,4230.62,1429,Shipped,Vintage Cars,168,S18_2795,Signal Collectibles Ltd.,4155554312,2793 Furth Circle,Brisbane,94217,USA,Taylor,Sue,Medium,12,9,2018
802,10173,22,156.94,7,3452.68,1376,Shipped,Vintage Cars,168,S18_2795,Rovelli Gifts,035-640555,Via Ludovico il Moro 22,Bergamo,24100,Italy,Rovelli,Giovanni,Medium,5,11,2018
803,10182,21,145.13,4,3047.73,1370,Shipped,Vintage Cars,168,S18_2795,Mini Gifts Distributors Ltd.,4155551450,5677 Strong St.,San Rafael,97562,USA,Nelson,Valarie,Medium,12,11,2018
804,10193,22,167.06,8,3675.32,1362,Shipped,Vintage Cars,168,S18_2795,"Australian Collectables, Ltd",61-9-3844-6555,7 Allen Street,Glen Waverly,3150,Australia,Connery,Sean,Medium,21,11,2018
805,10205,40,187.31,3,7492.4,1351,Shipped,Vintage Cars,168,S18_2795,Euro Shopping Channel,(91) 555 94 44,"C/ Moralzarzal, 86",Madrid,28034,Spain,Freyre,Diego,Large,3,12,2018
806,10214,50,190.69,1,9534.5,1298,Shipped,Vintage Cars,168,S18_2795,"Corrida Auto Replicas, Ltd",(91) 555 22 82,"C/ Araquil, 67",Madrid,28023,Spain,Sommer,Mart¡n,Large,26,1,2019
807,10227,29,192.38,4,5579.02,1264,Shipped,Vintage Cars,168,S18_2795,"Saveley & Henriot, Co.",78.32.5555,"2, rue du Commerce",Lyon,69004,France,Saveley,Mary,Medium,2,3,2019
808,10244,43,138.38,8,5950.34,1207,Shipped,Vintage Cars,168,S18_2795,Euro Shopping Channel,(91) 555 94 44,"C/ Moralzarzal, 86",Madrid,28034,Spain,Freyre,Diego,Medium,29,4,2019
809,10255,24,155.25,1,3726.0,1172,Shipped,Vintage Cars,168,S18_2795,Mini Caravy,88.60.1555,"24, place Kluber",Strasbourg,67000,France,Citeaux,Frederique,Medium,4,6,2019
810,10280,22,202.5,10,4455.0,1099,Shipped,Vintage Cars,168,S18_2795,Amica Models & Co.,011-4988555,Via Monte Bianco 34,Torino,10100,Italy,Accorti,Paolo,Medium,17,8,2019
811,10289,43,192.38,3,8272.34,1083,Shipped,Vintage Cars,168,S18_2795,Herkku Gifts,+47 2267 3215,"Drammen 121, PR 744 Sentrum",Bergen,N 5804,Norway,Oeztan,Veysel,Large,3,9,2019
812,10304,20,178.88,14,3577.6,1046,Shipped,Vintage Cars,168,S18_2795,Auto Assoc. & Cie.,30.59.8555,"67, avenue de l'Europe",Versailles,78000,France,Tonini,Daniel,Medium,11,10,2019
813,10312,25,155.25,11,3881.25,1037,Shipped,Vintage Cars,168,S18_2795,Mini Gifts Distributors Ltd.,4155551450,5677 Strong St.,San Rafael,97562,USA,Nelson,Valarie,Medium,21,10,2019
814,10322,36,161.04,2,5797.44,1024,Shipped,Vintage Cars,168,S18_2795,Online Diecast Creations Co.,6035558647,2304 Long Airport Avenue,Nashua,62005,USA,Young,Valarie,Medium,4,11,2019
815,10332,24,52.67,1,1264.08,1012,Shipped,Vintage Cars,168,S18_2795,"AV Stores, Co.",(171) 555-1555,Fauntleroy Circus,Manchester,EC2 5NT,UK,Ashworth,Victoria,Small,17,11,2019
816,10347,21,229.3,6,4815.3,1001,Shipped,Vintage Cars,168,S18_2795,"Australian Collectors, Co.",03 9520 4555,636 St Kilda Road,Melbourne,3004,Australia,Ferguson,Peter,Medium,29,11,2019
817,10356,30,148.74,1,4462.2,992,Shipped,Vintage Cars,168,S18_2795,Lyon Souveniers,+33 1 46 62 7555,27 rue du Colonel Pierre Avia,Paris,75508,France,Da Cunha,Daniel,Medium,9,12,2019
818,10367,32,94.79,7,3033.28,959,Resolved,Vintage Cars,168,S18_2795,Toys4GrownUps.com,6265557265,78934 Hillside Dr.,Pasadena,90003,USA,Young,Julie,Medium,12,1,2020
819,10380,21,47.18,8,990.78,925,Shipped,Vintage Cars,168,S18_2795,Euro Shopping Channel,(91) 555 94 44,"C/ Moralzarzal, 86",Madrid,28034,Spain,Freyre,Diego,Small,16,2,2020
820,10390,26,78.11,7,2030.86,909,Shipped,Vintage Cars,168,S18_2795,Mini Gifts Distributors Ltd.,4155551450,5677 Strong St.,San Rafael,97562,USA,Nelson,Valarie,Small,4,3,2020
821,10421,35,155.25,1,5433.75,824,In Process,Vintage Cars,168,S18_2795,Mini Gifts Distributors Ltd.,4155551450,5677 Strong St.,San Rafael,97562,USA,Nelson,Valarie,Medium,29,5,2020
822,10109,26,121.44,1,3157.44,1636,Shipped,Classic Cars,132,S18_2870,Motor Mint Distributors Inc.,2155559857,11328 Douglas Av.,Philadelphia,71270,USA,Hernandez,Rosa,Medium,10,3,2018
823,10123,46,112.2,3,5161.2,1566,Shipped,Classic Cars,132,S18_2870,Atelier graphique,40.32.2555,"54, rue Royale",Nantes,44000,France,Schmitt,Carine,Medium,20,5,2018
824,10137,37,117.48,3,4346.76,1516,Shipped,Classic Cars,132,S18_2870,Reims Collectables,26.47.1555,59 rue de l'Abbaye,Reims,51100,France,Henriot,Paul,Medium,10,7,2018
825,10148,27,130.68,10,3528.36,1454,Shipped,Classic Cars,132,S18_2870,"Anna's Decorations, Ltd",02 9936 8555,201 Miller Street,North Sydney,2060,Australia,O'Hara,Anna,Medium,11,9,2018
826,10161,23,138.6,9,3187.8,1419,Shipped,Classic Cars,132,S18_2870,Heintze Collectables,86 21 3555,Smagsloget 45,Aaarhus,8200,Denmark,Ibsen,Palle,Medium,17,10,2018
827,10172,39,154.44,7,6023.16,1401,Shipped,Classic Cars,132,S18_2870,Gift Depot Inc.,2035552570,25593 South Bay Ln.,Bridgewater,97562,USA,King,Julie,Medium,5,11,2018
828,10181,27,143.88,3,3884.76,1395,Shipped,Classic Cars,132,S18_2870,Herkku Gifts,+47 2267 3215,"Drammen 121, PR 744 Sentrum",Bergen,N 5804,Norway,Oeztan,Veysel,Medium,12,11,2018
829,10192,38,130.68,8,4965.84,1388,Shipped,Classic Cars,132,S18_2870,Online Diecast Creations Co.,6035558647,2304 Long Airport Avenue,Nashua,62005,USA,Young,Valarie,Medium,20,11,2018
830,10204,27,154.44,14,4169.88,1377,Shipped,Classic Cars,132,S18_2870,Muscle Machine Inc,2125557413,4092 Furth Circle,NYC,10022,USA,Young,Jeff,Medium,2,12,2018
831,10212,40,122.76,7,4910.4,1333,Shipped,Classic Cars,132,S18_2870,Euro Shopping Channel,(91) 555 94 44,"C/ Moralzarzal, 86",Madrid,28034,Spain,Freyre,Diego,Medium,16,1,2019
832,10226,24,134.64,5,3231.36,1293,Shipped,Classic Cars,132,S18_2870,Collectable Mini Designs Co.,7605558146,361 Furth Circle,San Diego,91217,USA,Thompson,Valarie,Medium,26,2,2019
833,10241,44,155.76,12,6853.44,1248,Shipped,Classic Cars,132,S18_2870,Mini Caravy,88.60.1555,"24, place Kluber",Strasbourg,67000,France,Citeaux,Frederique,Medium,13,4,2019
834,10253,37,139.92,2,5177.04,1200,Cancelled,Classic Cars,132,S18_2870,"UK Collectables, Ltd.",(171) 555-2282,Berkeley Gardens 12  Brewery,Liverpool,WX1 6LT,UK,Devon,Elizabeth,Medium,1,6,2019
835,10266,20,141.24,3,2824.8,1166,Shipped,Classic Cars,132,S18_2870,L'ordine Souveniers,0522-556555,Strada Provinciale 124,Reggio Emilia,42100,Italy,Moroni,Maurizio,Small,6,7,2019
836,10278,39,110.88,3,4324.32,1136,Shipped,Classic Cars,132,S18_2870,Signal Gift Stores,7025551838,8489 Strong St.,Las Vegas,83030,USA,King,Sue,Medium,6,8,2019
837,10287,44,114.84,1,5052.96,1113,Shipped,Classic Cars,132,S18_2870,"Vida Sport, Ltd",0897-034555,Grenzacherweg 237,Gensve,1203,Switzerland,Holz,Michael,Medium,30,8,2019
838,10301,22,146.52,5,3223.44,1443,Shipped,Classic Cars,132,S18_2870,"Norway Gifts By Mail, Co.",+47 2212 1555,"Drammensveien 126 A, PB 744 Sentrum",Oslo,N 0106,Norway,Klaeboe,Jan,Medium,5,10,2018
839,10311,43,122.76,10,5278.68,1068,Shipped,Classic Cars,132,S18_2870,Euro Shopping Channel,(91) 555 94 44,"C/ Moralzarzal, 86",Madrid,28034,Spain,Freyre,Diego,Medium,16,10,2019
840,10321,27,105.6,7,2851.2,1050,Shipped,Classic Cars,132,S18_2870,FunGiftIdeas.com,5085552555,1785 First Street,New Bedford,50553,USA,Benitez,Violeta,Small,4,11,2019
841,10331,26,64.9,10,1687.4,1038,Shipped,Classic Cars,132,S18_2870,Motor Mint Distributors Inc.,2155559857,11328 Douglas Av.,Philadelphia,71270,USA,Hernandez,Rosa,Small,17,11,2019
842,10343,25,52.32,3,1308.0,1032,Shipped,Classic Cars,132,S18_2870,Reims Collectables,26.47.1555,59 rue de l'Abbaye,Reims,51100,France,Henriot,Paul,Small,24,11,2019
843,10366,49,125.4,2,6144.6,986,Shipped,Classic Cars,132,S18_2870,Royale Belge,(071) 23 67 2555,"Boulevard Tirou, 255",Charleroi,B-6000,Belgium,Cartrain,Pascale,Medium,10,1,2020
844,10379,29,176.8,5,5127.2,956,Shipped,Classic Cars,132,S18_2870,Euro Shopping Channel,(91) 555 94 44,"C/ Moralzarzal, 86",Madrid,28034,Spain,Freyre,Diego,Medium,10,2,2020
845,10407,41,155.76,12,6386.16,885,On Hold,Classic Cars,132,S18_2870,The Sharp Gifts Warehouse,4085553659,3086 Ingle Ln.,San Jose,94217,USA,Frick,Sue,Medium,22,4,2020
846,10419,55,139.92,2,7695.6,861,Shipped,Classic Cars,132,S18_2870,Salzburg Collectables,6562-9555,Geislweg 14,Salzburg,5020,Austria,Pipps,Georg,Large,17,5,2020
847,10103,27,83.07,12,2242.89,1701,Shipped,Vintage Cars,101,S18_2949,Baane Mini Imports,07-98 9555,Erling Skakkes gate 78,Stavern,4110,Norway,Bergulfsen,Jonas,Small,29,1,2018
848,10112,23,110.43,2,2539.89,1648,Shipped,Vintage Cars,101,S18_2949,"Volvo Model Replicas, Co",0921-12 3555,Berguvsvgen  8,Lule,S-958 22,Sweden,Berglund,Christina,Small,24,3,2018
849,10126,31,90.17,12,2795.27,1584,Shipped,Vintage Cars,101,S18_2949,"Corrida Auto Replicas, Ltd",(91) 555 22 82,"C/ Araquil, 67",Madrid,28023,Spain,Sommer,Mart¡n,Small,28,5,2018
850,10139,46,120.56,1,5545.76,1536,Shipped,Vintage Cars,101,S18_2949,Souveniers And Things Co.,+61 2 9495 8555,"Monitor Money Building, 815 Pacific Hwy",Chatswood,2067,Australia,Huxley,Adrian,Medium,16,7,2018
851,10150,47,91.18,9,4285.46,1472,Shipped,Vintage Cars,101,S18_2949,"Dragon Souveniers, Ltd.",+65 221 7555,"Bronz Sok., Bronz Apt. 3/6 Tesvikiye",Singapore,79903,Singapore,Natividad,Eric,Medium,19,9,2018
852,10163,31,107.39,2,3329.09,1442,Shipped,Vintage Cars,101,S18_2949,Classic Legends Inc.,2125558493,5905 Pompton St.,NYC,10022,USA,Hernandez,Maria,Medium,20,10,2018
853,10174,46,121.57,5,5592.22,1426,Shipped,Vintage Cars,101,S18_2949,"Australian Gift Network, Co",61-7-3844-6555,31 Duncan St. West End,South Brisbane,4101,Australia,Calaghan,Tony,Medium,6,11,2018
854,10183,37,89.15,9,3298.55,1420,Shipped,Vintage Cars,101,S18_2949,"Classic Gift Ideas, Inc",2155554695,782 First Street,Philadelphia,71270,USA,Cervantes,Francisca,Medium,13,11,2018
855,10193,28,93.21,1,2609.88,1413,Shipped,Vintage Cars,101,S18_2949,"Australian Collectables, Ltd",61-9-3844-6555,7 Allen Street,Glen Waverly,3150,Australia,Connery,Sean,Small,21,11,2018
856,10206,37,90.17,7,3336.29,1400,Shipped,Vintage Cars,101,S18_2949,Canadian Gift Exchange Network,(604) 555-3392,1900 Oak St.,Vancouver,V3F 2K1,Canada,Tannamuri,Yoshi,Medium,5,12,2018
857,10215,49,112.45,4,5510.05,1346,Shipped,Vintage Cars,101,S18_2949,West Coast Collectables Co.,3105553722,3675 Furth Circle,Burbank,94019,USA,Thompson,Steve,Medium,29,1,2019
858,10228,24,104.35,3,2504.4,1307,Shipped,Vintage Cars,101,S18_2949,Cambridge Collectables Co.,6175555555,4658 Baden Av.,Cambridge,51247,USA,Tseng,Kyung,Small,10,3,2019
859,10244,30,117.52,1,3525.6,1258,Shipped,Vintage Cars,101,S18_2949,Euro Shopping Channel,(91) 555 94 44,"C/ Moralzarzal, 86",Madrid,28034,Spain,Freyre,Diego,Medium,29,4,2019
860,10257,50,88.14,1,4407.0,1213,Shipped,Vintage Cars,101,S18_2949,The Sharp Gifts Warehouse,4085553659,3086 Ingle Ln.,San Jose,94217,USA,Frick,Sue,Medium,14,6,2019
861,10270,31,96.24,10,2983.44,1179,Shipped,Vintage Cars,101,S18_2949,Souveniers And Things Co.,+61 2 9495 8555,"Monitor Money Building, 815 Pacific Hwy",Chatswood,2067,Australia,Huxley,Adrian,Small,19,7,2019
862,10280,46,111.44,3,5126.24,1151,Shipped,Vintage Cars,101,S18_2949,Amica Models & Co.,011-4988555,Via Monte Bianco 34,Torino,10100,Italy,Accorti,Paolo,Medium,17,8,2019
863,10291,47,121.57,12,5713.79,1130,Shipped,Vintage Cars,101,S18_2949,Scandinavian Gift Ideas,0695-34 6555,?kergatan 24,Boras,S-844 67,Sweden,Larsson,Maria,Medium,8,9,2019
864,10304,46,100.3,7,4613.8,1098,Shipped,Vintage Cars,101,S18_2949,Auto Assoc. & Cie.,30.59.8555,"67, avenue de l'Europe",Versailles,78000,France,Tonini,Daniel,Medium,11,10,2019
865,10312,37,100.3,4,3711.1,1089,Shipped,Vintage Cars,101,S18_2949,Mini Gifts Distributors Ltd.,4155551450,5677 Strong St.,San Rafael,97562,USA,Nelson,Valarie,Medium,21,10,2019
866,10322,33,106.81,12,3524.73,1076,Shipped,Vintage Cars,101,S18_2949,Online Diecast Creations Co.,6035558647,2304 Long Airport Avenue,Nashua,62005,USA,Young,Valarie,Medium,4,11,2019
867,10347,48,100.3,9,4814.4,1052,Shipped,Vintage Cars,101,S18_2949,"Australian Collectors, Co.",03 9520 4555,636 St Kilda Road,Melbourne,3004,Australia,Ferguson,Peter,Medium,29,11,2019
868,10357,41,87.13,6,3572.33,1042,Shipped,Vintage Cars,101,S18_2949,Mini Gifts Distributors Ltd.,4155551450,5677 Strong St.,San Rafael,97562,USA,Nelson,Valarie,Medium,10,12,2019
869,10369,42,109.08,1,4581.36,1002,Shipped,Vintage Cars,101,S18_2949,Collectables For Less Inc.,6175558555,7825 Douglas Av.,Brickhaven,58339,USA,Nelson,Allen,Medium,20,1,2020
870,10391,32,45.25,6,1448.0,954,Shipped,Vintage Cars,101,S18_2949,"Anna's Decorations, Ltd",02 9936 8555,201 Miller Street,North Sydney,2060,Australia,O'Hara,Anna,Small,9,3,2020
871,10423,10,88.14,1,881.4,873,In Process,Vintage Cars,101,S18_2949,Petit Auto,(02) 5554 67,Rue Joseph-Bens 532,Bruxelles,B-1180,Belgium,Dewey,Catherine,Small,30,5,2020
872,10103,35,57.46,14,2011.1,1726,Shipped,Vintage Cars,62,S18_2957,Baane Mini Imports,07-98 9555,Erling Skakkes gate 78,Stavern,4110,Norway,Bergulfsen,Jonas,Small,29,1,2018
873,10126,46,73.7,14,3390.2,1608,Shipped,Vintage Cars,62,S18_2957,"Corrida Auto Replicas, Ltd",(91) 555 22 82,"C/ Araquil, 67",Madrid,28023,Spain,Sommer,Mart¡n,Medium,28,5,2018
874,10139,20,71.2,3,1424.0,1560,Shipped,Vintage Cars,62,S18_2957,Souveniers And Things Co.,+61 2 9495 8555,"Monitor Money Building, 815 Pacific Hwy",Chatswood,2067,Australia,Huxley,Adrian,Small,16,7,2018
875,10150,30,49.97,11,1499.1,1496,Shipped,Vintage Cars,62,S18_2957,"Dragon Souveniers, Ltd.",+65 221 7555,"Bronz Sok., Bronz Apt. 3/6 Tesvikiye",Singapore,79903,Singapore,Natividad,Eric,Small,19,9,2018
876,10163,48,69.96,4,3358.08,1466,Shipped,Vintage Cars,62,S18_2957,Classic Legends Inc.,2125558493,5905 Pompton St.,NYC,10022,USA,Hernandez,Maria,Medium,20,10,2018
877,10173,28,53.72,2,1504.16,1451,Shipped,Vintage Cars,62,S18_2957,Rovelli Gifts,035-640555,Via Ludovico il Moro 22,Bergamo,24100,Italy,Rovelli,Giovanni,Small,5,11,2018
878,10183,39,68.08,11,2655.12,1444,Shipped,Vintage Cars,62,S18_2957,"Classic Gift Ideas, Inc",2155554695,782 First Street,Philadelphia,71270,USA,Cervantes,Francisca,Small,13,11,2018
879,10193,24,51.84,3,1244.16,1437,Shipped,Vintage Cars,62,S18_2957,"Australian Collectables, Ltd",61-9-3844-6555,7 Allen Street,Glen Waverly,3150,Australia,Connery,Sean,Small,21,11,2018
880,10206,28,67.46,9,1888.88,1424,Shipped,Vintage Cars,62,S18_2957,Canadian Gift Exchange Network,(604) 555-3392,1900 Oak St.,Vancouver,V3F 2K1,Canada,Tannamuri,Yoshi,Small,5,12,2018
881,10215,31,58.71,6,1820.01,1370,Shipped,Vintage Cars,62,S18_2957,West Coast Collectables Co.,3105553722,3675 Furth Circle,Burbank,94019,USA,Thompson,Steve,Small,29,1,2019
882,10228,45,63.71,5,2866.95,1331,Shipped,Vintage Cars,62,S18_2957,Cambridge Collectables Co.,6175555555,4658 Baden Av.,Cambridge,51247,USA,Tseng,Kyung,Small,10,3,2019
883,10244,24,58.09,3,1394.16,1282,Shipped,Vintage Cars,62,S18_2957,Euro Shopping Channel,(91) 555 94 44,"C/ Moralzarzal, 86",Madrid,28034,Spain,Freyre,Diego,Small,29,4,2019
884,10257,49,53.72,3,2632.28,1237,Shipped,Vintage Cars,62,S18_2957,The Sharp Gifts Warehouse,4085553659,3086 Ingle Ln.,San Jose,94217,USA,Frick,Sue,Small,14,6,2019
885,10269,32,63.08,1,2018.56,1206,Shipped,Vintage Cars,62,S18_2957,Salzburg Collectables,6562-9555,Geislweg 14,Salzburg,5020,Austria,Pipps,Georg,Small,16,7,2019
886,10280,43,68.71,5,2954.53,1175,Shipped,Vintage Cars,62,S18_2957,Amica Models & Co.,011-4988555,Via Monte Bianco 34,Torino,10100,Italy,Accorti,Paolo,Small,17,8,2019
887,10291,37,50.59,14,1871.83,1154,Shipped,Vintage Cars,62,S18_2957,Scandinavian Gift Ideas,0695-34 6555,?kergatan 24,Boras,S-844 67,Sweden,Larsson,Maria,Small,8,9,2019
888,10304,24,64.96,9,1559.04,1122,Shipped,Vintage Cars,62,S18_2957,Auto Assoc. & Cie.,30.59.8555,"67, avenue de l'Europe",Versailles,78000,France,Tonini,Daniel,Small,11,10,2019
889,10312,35,53.72,6,1880.2,1113,Shipped,Vintage Cars,62,S18_2957,Mini Gifts Distributors Ltd.,4155551450,5677 Strong St.,San Rafael,97562,USA,Nelson,Valarie,Small,21,10,2019
890,10322,41,29.87,13,1224.67,1100,Shipped,Vintage Cars,62,S18_2957,Online Diecast Creations Co.,6035558647,2304 Long Airport Avenue,Nashua,62005,USA,Young,Valarie,Small,4,11,2019
891,10332,26,114.58,17,2979.08,1088,Shipped,Vintage Cars,62,S18_2957,"AV Stores, Co.",(171) 555-1555,Fauntleroy Circus,Manchester,EC2 5NT,UK,Ashworth,Victoria,Small,17,11,2019
892,10347,34,64.96,10,2208.64,1077,Shipped,Vintage Cars,62,S18_2957,"Australian Collectors, Co.",03 9520 4555,636 St Kilda Road,Melbourne,3004,Australia,Ferguson,Peter,Small,29,11,2019
893,10357,49,70.58,5,3458.42,1067,Shipped,Vintage Cars,62,S18_2957,Mini Gifts Distributors Ltd.,4155551450,5677 Strong St.,San Rafael,97562,USA,Nelson,Valarie,Medium,10,12,2019
894,10369,28,44.21,6,1237.88,1027,Shipped,Vintage Cars,62,S18_2957,Collectables For Less Inc.,6175558555,7825 Douglas Av.,Brickhaven,58339,USA,Nelson,Allen,Small,20,1,2020
895,10392,37,59.96,3,2218.52,978,Shipped,Vintage Cars,62,S18_2957,Mini Auto Werke,7675-3555,Kirchgasse 6,Graz,8010,Austria,Mendel,Roland,Small,10,3,2020
896,10423,31,53.72,3,1665.32,898,In Process,Vintage Cars,62,S18_2957,Petit Auto,(02) 5554 67,Rue Joseph-Bens 532,Bruxelles,B-1180,Belgium,Dewey,Catherine,Small,30,5,2020
897,10106,41,83.44,18,3421.04,1732,Shipped,Ships,86,S18_3029,Rovelli Gifts,035-640555,Via Ludovico il Moro 22,Bergamo,24100,Italy,Rovelli,Giovanni,Medium,17,2,2018
898,10119,21,89.46,9,1878.66,1663,Shipped,Ships,86,S18_3029,Salzburg Collectables,6562-9555,Geislweg 14,Salzburg,5020,Austria,Pipps,Georg,Small,28,4,2018
899,10130,40,96.34,2,3853.6,1615,Shipped,Ships,86,S18_3029,Auto-Moto Classics Inc.,6175558428,16780 Pompton St.,Brickhaven,58339,USA,Taylor,Leslie,Medium,16,6,2018
900,10143,46,74.84,13,3442.64,1561,Shipped,Ships,86,S18_3029,Mini Creations Ltd.,5085559555,4575 Hillside Dr.,New Bedford,50553,USA,Tam,Wing C,Medium,10,8,2018
901,10155,44,79.14,11,3482.16,1505,Shipped,Ships,86,S18_3029,"Toys of Finland, Co.",90-224 8555,Keskuskatu 45,Helsinki,21240,Finland,Karttunen,Matti,Medium,6,10,2018
902,10167,46,73.12,7,3363.52,1489,Cancelled,Ships,86,S18_3029,Scandinavian Gift Ideas,0695-34 6555,?kergatan 24,Boras,S-844 67,Sweden,Larsson,Maria,Medium,23,10,2018
903,10178,41,81.72,10,3350.52,1474,Shipped,Ships,86,S18_3029,Alpha Cognac,61.77.6555,1 rue Alsace-Lorraine,Toulouse,31000,France,Roulet,Annette,Medium,8,11,2018
904,10186,32,89.46,7,2862.72,1469,Shipped,Ships,86,S18_3029,"Double Decker Gift Stores, Ltd",(171) 555-7555,120 Hanover Sq.,London,WA1 1DP,UK,Hardy,Thomas,Small,14,11,2018
905,10197,46,87.74,4,4036.04,1458,Shipped,Ships,86,S18_3029,Enaco Distributors,(93) 203 4555,"Rambla de Catalu¤a, 23",Barcelona,8022,Spain,Saavedra,Eduardo,Medium,26,11,2018
906,10222,49,94.62,10,4636.38,1374,Shipped,Ships,86,S18_3029,Collectable Mini Designs Co.,7605558146,361 Furth Circle,San Diego,91217,USA,Thompson,Valarie,Medium,19,2,2019
907,10248,21,73.98,1,1553.58,1298,Cancelled,Ships,86,S18_3029,Land of Toys Inc.,2125557818,897 Long Airport Avenue,NYC,10022,USA,Yu,Kwai,Small,7,5,2019
908,10262,32,84.3,15,2697.6,1251,Cancelled,Ships,86,S18_3029,Euro Shopping Channel,(91) 555 94 44,"C/ Moralzarzal, 86",Madrid,28034,Spain,Freyre,Diego,Small,24,6,2019
909,10273,34,98.06,2,3334.04,1225,Shipped,Ships,86,S18_3029,Petit Auto,(02) 5554 67,Rue Joseph-Bens 532,Bruxelles,B-1180,Belgium,Dewey,Catherine,Medium,21,7,2019
910,10283,21,98.06,4,2059.26,1196,Shipped,Ships,86,S18_3029,"Royal Canadian Collectables, Ltd.",(604) 555-4555,23 Tsawassen Blvd.,Tsawassen,T2F 8M4,Canada,Lincoln,Elizabeth,Small,20,8,2019
911,10296,21,96.34,13,2023.14,1171,Shipped,Ships,86,S18_3029,"Bavarian Collectables Imports, Co.",+49 89 61 08 9555,Hansastr. 15,Munich,80686,Germany,Donnermeyer,Michael,Small,15,9,2019
912,10307,31,83.44,7,2586.64,1143,Shipped,Ships,86,S18_3029,"Classic Gift Ideas, Inc",2155554695,782 First Street,Philadelphia,71270,USA,Cervantes,Francisca,Small,14,10,2019
913,10316,21,94.62,15,1987.02,1126,Shipped,Ships,86,S18_3029,giftsbymail.co.uk,(198) 555-8888,Garden House Crowther Way,Cowes,PO31 7PJ,UK,Bennett,Helen,Small,1,11,2019
914,10327,25,45.86,5,1146.5,1118,Resolved,Ships,86,S18_3029,Danish Wholesale Imports,31 12 3555,Vinb'ltet 34,Kobenhavn,1734,Denmark,Petersen,Jytte,Small,10,11,2019
915,10338,28,82.58,3,2312.24,1107,Shipped,Ships,86,S18_3029,Royale Belge,(071) 23 67 2555,"Boulevard Tirou, 255",Charleroi,B-6000,Belgium,Cartrain,Pascale,Small,22,11,2019
916,10350,43,64.97,6,2793.71,1098,Shipped,Ships,86,S18_3029,Euro Shopping Channel,(91) 555 94 44,"C/ Moralzarzal, 86",Madrid,28034,Spain,Freyre,Diego,Small,2,12,2019
917,10373,22,86.74,5,1908.28,1039,Shipped,Ships,86,S18_3029,"Oulu Toy Supplies, Inc.",981-443655,Torikatu 38,Oulu,90110,Finland,Koskitalo,Pirkko,Small,31,1,2020
918,10386,37,93.01,5,3441.37,1010,Resolved,Ships,86,S18_3029,Euro Shopping Channel,(91) 555 94 44,"C/ Moralzarzal, 86",Madrid,28034,Spain,Freyre,Diego,Medium,1,3,2020
919,10398,28,72.26,18,2023.28,982,Shipped,Ships,86,S18_3029,Reims Collectables,26.47.1555,59 rue de l'Abbaye,Reims,51100,France,Henriot,Paul,Small,30,3,2020
920,10400,30,74.84,7,2245.2,981,Shipped,Ships,86,S18_3029,The Sharp Gifts Warehouse,4085553659,3086 Ingle Ln.,San Jose,94217,USA,Frick,Sue,Small,1,4,2020
921,10414,44,73.98,1,3255.12,947,On Hold,Ships,86,S18_3029,Gifts4AllAges.com,6175559555,8616 Spinnaker Dr.,Boston,51003,USA,Yoshido,Juri,Medium,6,5,2020
922,10103,25,101.58,13,2539.5,1776,Shipped,Vintage Cars,104,S18_3136,Baane Mini Imports,07-98 9555,Erling Skakkes gate 78,Stavern,4110,Norway,Bergulfsen,Jonas,Small,29,1,2018
923,10126,30,97.39,13,2921.7,1658,Shipped,Vintage Cars,104,S18_3136,"Corrida Auto Replicas, Ltd",(91) 555 22 82,"C/ Araquil, 67",Madrid,28023,Spain,Sommer,Mart¡n,Small,28,5,2018
924,10139,20,90.06,2,1801.2,1610,Shipped,Vintage Cars,104,S18_3136,Souveniers And Things Co.,+61 2 9495 8555,"Monitor Money Building, 815 Pacific Hwy",Chatswood,2067,Australia,Huxley,Adrian,Small,16,7,2018
925,10150,26,107.86,10,2804.36,1546,Shipped,Vintage Cars,104,S18_3136,"Dragon Souveniers, Ltd.",+65 221 7555,"Bronz Sok., Bronz Apt. 3/6 Tesvikiye",Singapore,79903,Singapore,Natividad,Eric,Small,19,9,2018
926,10163,40,122.52,3,4900.8,1516,Shipped,Vintage Cars,104,S18_3136,Classic Legends Inc.,2125558493,5905 Pompton St.,NYC,10022,USA,Hernandez,Maria,Medium,20,10,2018
927,10173,31,89.01,1,2759.31,1501,Shipped,Vintage Cars,104,S18_3136,Rovelli Gifts,035-640555,Via Ludovico il Moro 22,Bergamo,24100,Italy,Rovelli,Giovanni,Small,5,11,2018
928,10183,22,113.1,10,2488.2,1494,Shipped,Vintage Cars,104,S18_3136,"Classic Gift Ideas, Inc",2155554695,782 First Street,Philadelphia,71270,USA,Cervantes,Francisca,Small,13,11,2018
929,10193,23,120.43,2,2769.89,1487,Shipped,Vintage Cars,104,S18_3136,"Australian Collectables, Ltd",61-9-3844-6555,7 Allen Street,Glen Waverly,3150,Australia,Connery,Sean,Small,21,11,2018
930,10206,30,119.38,8,3581.4,1474,Shipped,Vintage Cars,104,S18_3136,Canadian Gift Exchange Network,(604) 555-3392,1900 Oak St.,Vancouver,V3F 2K1,Canada,Tannamuri,Yoshi,Medium,5,12,2018
931,10215,49,107.86,5,5285.14,1420,Shipped,Vintage Cars,104,S18_3136,West Coast Collectables Co.,3105553722,3675 Furth Circle,Burbank,94019,USA,Thompson,Steve,Medium,29,1,2019
932,10228,31,102.63,4,3181.53,1381,Shipped,Vintage Cars,104,S18_3136,Cambridge Collectables Co.,6175555555,4658 Baden Av.,Cambridge,51247,USA,Tseng,Kyung,Medium,10,3,2019
933,10244,29,115.19,2,3340.51,1332,Shipped,Vintage Cars,104,S18_3136,Euro Shopping Channel,(91) 555 94 44,"C/ Moralzarzal, 86",Madrid,28034,Spain,Freyre,Diego,Medium,29,4,2019
934,10257,37,84.82,2,3138.34,1287,Shipped,Vintage Cars,104,S18_3136,The Sharp Gifts Warehouse,4085553659,3086 Ingle Ln.,San Jose,94217,USA,Frick,Sue,Medium,14,6,2019
935,10270,38,125.66,11,4775.08,1253,Shipped,Vintage Cars,104,S18_3136,Souveniers And Things Co.,+61 2 9495 8555,"Monitor Money Building, 815 Pacific Hwy",Chatswood,2067,Australia,Huxley,Adrian,Medium,19,7,2019
936,10280,29,103.67,4,3006.43,1225,Shipped,Vintage Cars,104,S18_3136,Amica Models & Co.,011-4988555,Via Monte Bianco 34,Torino,10100,Italy,Accorti,Paolo,Medium,17,8,2019
937,10291,23,124.62,13,2866.26,1204,Shipped,Vintage Cars,104,S18_3136,Scandinavian Gift Ideas,0695-34 6555,?kergatan 24,Boras,S-844 67,Sweden,Larsson,Maria,Small,8,9,2019
938,10304,26,85.87,8,2232.62,1172,Shipped,Vintage Cars,104,S18_3136,Auto Assoc. & Cie.,30.59.8555,"67, avenue de l'Europe",Versailles,78000,France,Tonini,Daniel,Small,11,10,2019
939,10312,38,117.29,5,4457.02,1163,Shipped,Vintage Cars,104,S18_3136,Mini Gifts Distributors Ltd.,4155551450,5677 Strong St.,San Rafael,97562,USA,Nelson,Valarie,Medium,21,10,2019
940,10322,48,47.04,7,2257.92,1150,Shipped,Vintage Cars,104,S18_3136,Online Diecast Creations Co.,6035558647,2304 Long Airport Avenue,Nashua,62005,USA,Young,Valarie,Small,4,11,2019
941,10332,40,39.8,18,1592.0,1138,Shipped,Vintage Cars,104,S18_3136,"AV Stores, Co.",(171) 555-1555,Fauntleroy Circus,Manchester,EC2 5NT,UK,Ashworth,Victoria,Small,17,11,2019
942,10347,45,109.96,11,4948.2,1127,Shipped,Vintage Cars,104,S18_3136,"Australian Collectors, Co.",03 9520 4555,636 St Kilda Road,Melbourne,3004,Australia,Ferguson,Peter,Medium,29,11,2019
943,10357,44,117.29,4,5160.76,1117,Shipped,Vintage Cars,104,S18_3136,Mini Gifts Distributors Ltd.,4155551450,5677 Strong St.,San Rafael,97562,USA,Nelson,Valarie,Medium,10,12,2019
944,10369,21,94.22,5,1978.62,1077,Shipped,Vintage Cars,104,S18_3136,Collectables For Less Inc.,6175558555,7825 Douglas Av.,Brickhaven,58339,USA,Nelson,Allen,Small,20,1,2020
945,10392,29,86.92,2,2520.68,1028,Shipped,Vintage Cars,104,S18_3136,Mini Auto Werke,7675-3555,Kirchgasse 6,Graz,8010,Austria,Mendel,Roland,Small,10,3,2020
946,10423,21,84.82,2,1781.22,948,In Process,Vintage Cars,104,S18_3136,Petit Auto,(02) 5554 67,Rue Joseph-Bens 532,Bruxelles,B-1180,Belgium,Dewey,Catherine,Small,30,5,2020
947,10105,22,139.32,11,3065.04,1788,Shipped,Vintage Cars,136,S18_3140,Danish Wholesale Imports,31 12 3555,Vinb'ltet 34,Kobenhavn,1734,Denmark,Petersen,Jytte,Medium,11,2,2018
948,10117,26,136.59,5,3551.34,1725,Shipped,Vintage Cars,136,S18_3140,"Dragon Souveniers, Ltd.",+65 221 7555,"Bronz Sok., Bronz Apt. 3/6 Tesvikiye",Singapore,79903,Singapore,Natividad,Eric,Medium,16,4,2018
949,10128,41,135.22,2,5544.02,1675,Shipped,Vintage Cars,136,S18_3140,Euro Shopping Channel,(91) 555 94 44,"C/ Moralzarzal, 86",Madrid,28034,Spain,Freyre,Diego,Medium,6,6,2018
950,10142,47,128.39,8,6034.33,1613,Shipped,Vintage Cars,136,S18_3140,Mini Gifts Distributors Ltd.,4155551450,5677 Strong St.,San Rafael,97562,USA,Nelson,Valarie,Medium,8,8,2018
951,10153,31,117.47,7,3641.57,1563,Shipped,Vintage Cars,136,S18_3140,Euro Shopping Channel,(91) 555 94 44,"C/ Moralzarzal, 86",Madrid,28034,Spain,Freyre,Diego,Medium,28,9,2018
952,10166,43,161.18,2,6930.74,1541,Shipped,Vintage Cars,136,S18_3140,FunGiftIdeas.com,5085552555,1785 First Street,New Bedford,50553,USA,Benitez,Violeta,Medium,21,10,2018
953,10177,23,159.81,9,3675.63,1525,Shipped,Vintage Cars,136,S18_3140,CAF Imports,+34 913 728 555,"Merchants House, 27-30 Merchant's Quay",Madrid,28023,Spain,Fernandez,Jesus,Medium,7,11,2018
954,10185,28,122.93,9,3442.04,1519,Shipped,Vintage Cars,136,S18_3140,Mini Creations Ltd.,5085559555,4575 Hillside Dr.,New Bedford,50553,USA,Tam,Wing C,Medium,14,11,2018
955,10196,49,140.69,1,6893.81,1508,Shipped,Vintage Cars,136,S18_3140,Super Scale Inc.,2035559545,567 North Pendale Street,New Haven,97823,USA,Murphy,Leslie,Medium,26,11,2018
956,10208,24,109.27,9,2622.48,1472,Shipped,Vintage Cars,136,S18_3140,"Saveley & Henriot, Co.",78.32.5555,"2, rue du Commerce",Lyon,69004,France,Saveley,Mary,Small,2,1,2019
957,10221,33,133.86,3,4417.38,1426,Shipped,Vintage Cars,136,S18_3140,Petit Auto,(02) 5554 67,Rue Joseph-Bens 532,Bruxelles,B-1180,Belgium,Dewey,Catherine,Medium,18,2,2019
958,10232,22,163.91,6,3606.02,1397,Shipped,Vintage Cars,136,S18_3140,giftsbymail.co.uk,(198) 555-8888,Garden House Crowther Way,Cowes,PO31 7PJ,UK,Bennett,Helen,Medium,20,3,2019
959,10248,32,118.83,12,3802.56,1350,Cancelled,Vintage Cars,136,S18_3140,Land of Toys Inc.,2125557818,897 Long Airport Avenue,NYC,10022,USA,Yu,Kwai,Medium,7,5,2019
960,10273,40,125.66,13,5026.4,1276,Shipped,Vintage Cars,136,S18_3140,Petit Auto,(02) 5554 67,Rue Joseph-Bens 532,Bruxelles,B-1180,Belgium,Dewey,Catherine,Medium,21,7,2019
961,10282,43,155.71,1,6695.53,1247,Shipped,Vintage Cars,136,S18_3140,Mini Gifts Distributors Ltd.,4155551450,5677 Strong St.,San Rafael,97562,USA,Nelson,Valarie,Medium,20,8,2019
962,10293,24,117.47,4,2819.28,1228,Shipped,Vintage Cars,136,S18_3140,Amica Models & Co.,011-4988555,Via Monte Bianco 34,Torino,10100,Italy,Accorti,Paolo,Small,9,9,2019
963,10306,32,117.47,9,3759.04,1194,Shipped,Vintage Cars,136,S18_3140,"AV Stores, Co.",(171) 555-1555,Fauntleroy Circus,Manchester,EC2 5NT,UK,Ashworth,Victoria,Medium,14,10,2019
964,10314,20,136.59,1,2731.8,1187,Shipped,Vintage Cars,136,S18_3140,Heintze Collectables,86 21 3555,Smagsloget 45,Aaarhus,8200,Denmark,Ibsen,Palle,Small,22,10,2019
965,10325,24,69.12,9,1658.88,1174,Shipped,Vintage Cars,136,S18_3140,Baane Mini Imports,07-98 9555,Erling Skakkes gate 78,Stavern,4110,Norway,Bergulfsen,Jonas,Small,5,11,2019
966,10336,48,120.38,12,5778.24,1160,Shipped,Vintage Cars,136,S18_3140,"La Corne D'abondance, Co.",(1) 42.34.2555,"265, boulevard Charonne",Paris,75012,France,Bertrand,Marie,Medium,20,11,2019
967,10350,44,117.98,1,5191.12,1149,Shipped,Vintage Cars,136,S18_3140,Euro Shopping Channel,(91) 555 94 44,"C/ Moralzarzal, 86",Madrid,28034,Spain,Freyre,Diego,Medium,2,12,2019
968,10372,28,137.96,3,3862.88,1095,Shipped,Vintage Cars,136,S18_3140,"Tokyo Collectables, Ltd",+81 3 3584 0555,2-2-8 Roppongi,Minato-ku,106-0032,Japan,Shimamura,Akiko,Medium,26,1,2020
969,10383,24,61.52,9,1476.48,1069,Shipped,Vintage Cars,136,S18_3140,Euro Shopping Channel,(91) 555 94 44,"C/ Moralzarzal, 86",Madrid,28034,Spain,Freyre,Diego,Small,22,2,2020
970,10396,33,159.81,2,5273.73,1040,Shipped,Vintage Cars,136,S18_3140,Mini Gifts Distributors Ltd.,4155551450,5677 Strong St.,San Rafael,97562,USA,Nelson,Valarie,Medium,23,3,2020
971,10414,41,118.83,12,4872.03,997,On Hold,Vintage Cars,136,S18_3140,Gifts4AllAges.com,6175559555,8616 Spinnaker Dr.,Boston,51003,USA,Yoshido,Juri,Medium,6,5,2020
972,10104,23,198.13,13,4556.99,1824,Shipped,Classic Cars,169,S18_3232,Euro Shopping Channel,(91) 555 94 44,"C/ Moralzarzal, 86",Madrid,28034,Spain,Freyre,Diego,Medium,31,1,2018
973,10109,46,179.5,5,8257.0,1787,Shipped,Classic Cars,169,S18_3232,Motor Mint Distributors Inc.,2155559857,11328 Douglas Av.,Philadelphia,71270,USA,Hernandez,Rosa,Large,10,3,2018
974,10114,48,171.03,4,8209.44,1766,Shipped,Classic Cars,169,S18_3232,"La Corne D'abondance, Co.",(1) 42.34.2555,"265, boulevard Charonne",Paris,75012,France,Bertrand,Marie,Large,1,4,2018
975,10122,25,143.94,3,3598.5,1730,Shipped,Classic Cars,169,S18_3232,Marseille Mini Autos,91.24.4555,"12, rue des Bouchers",Marseille,13008,France,Lebihan,Laurence,Medium,8,5,2018
976,10127,22,174.42,15,3837.24,1705,Shipped,Classic Cars,169,S18_3232,Muscle Machine Inc,2125557413,4092 Furth Circle,NYC,10022,USA,Young,Jeff,Medium,3,6,2018
977,10136,41,203.21,3,8331.61,1675,Shipped,Classic Cars,169,S18_3232,Alpha Cognac,61.77.6555,1 rue Alsace-Lorraine,Toulouse,31000,France,Roulet,Annette,Large,4,7,2018
978,10141,34,142.25,9,4836.5,1648,Shipped,Classic Cars,169,S18_3232,Suominen Souveniers,+358 9 8045 555,"Software Engineering Center, SEC Oy",Espoo,FIN-02271,Finland,Suominen,Kalle,Medium,1,8,2018
979,10148,32,169.34,14,5418.88,1608,Shipped,Classic Cars,169,S18_3232,"Anna's Decorations, Ltd",02 9936 8555,201 Miller Street,North Sydney,2060,Australia,O'Hara,Anna,Medium,11,9,2018
980,10151,21,177.81,7,3734.01,1599,Shipped,Classic Cars,169,S18_3232,"Oulu Toy Supplies, Inc.",981-443655,Torikatu 38,Oulu,90110,Finland,Koskitalo,Pirkko,Medium,21,9,2018
981,10165,47,186.27,16,8754.69,1569,Shipped,Classic Cars,169,S18_3232,"Dragon Souveniers, Ltd.",+65 221 7555,"Bronz Sok., Bronz Apt. 3/6 Tesvikiye",Singapore,79903,Singapore,Natividad,Eric,Large,22,10,2018
982,10171,39,140.55,3,5481.45,1556,Shipped,Classic Cars,169,S18_3232,Quebec Home Shopping Network,(514) 555-8054,43 rue St. Laurent,Montreal,H1J 1C3,Canada,Fresnisre,Jean,Medium,5,11,2018
983,10175,29,152.41,5,4419.89,1556,Shipped,Classic Cars,169,S18_3232,"Stylish Desk Decors, Co.",(171) 555-0297,35 King George,London,WX3 6FW,UK,Brown,Ann,Medium,6,11,2018
984,10181,45,140.55,7,6324.75,1551,Shipped,Classic Cars,169,S18_3232,Herkku Gifts,+47 2267 3215,"Drammen 121, PR 744 Sentrum",Bergen,N 5804,Norway,Oeztan,Veysel,Medium,12,11,2018
985,10184,28,157.49,10,4409.72,1550,Shipped,Classic Cars,169,S18_3232,"Iberia Gift Imports, Corp.",(95) 555 82 82,"C/ Romero, 33",Sevilla,41101,Spain,Roel,Jose Pedro,Medium,14,11,2018
986,10192,26,150.71,12,3918.46,1545,Shipped,Classic Cars,169,S18_3232,Online Diecast Creations Co.,6035558647,2304 Long Airport Avenue,Nashua,62005,USA,Young,Valarie,Medium,20,11,2018
987,10195,50,152.41,10,7620.5,1541,Shipped,Classic Cars,169,S18_3232,Mini Classics,9145554562,3758 North Pendale Street,White Plains,24067,USA,Frick,Steve,Large,25,11,2018
988,10203,48,172.73,1,8291.04,1535,Shipped,Classic Cars,169,S18_3232,Euro Shopping Channel,(91) 555 94 44,"C/ Moralzarzal, 86",Madrid,28034,Spain,Freyre,Diego,Large,2,12,2018
989,10207,25,157.49,11,3937.25,1529,Shipped,Classic Cars,169,S18_3232,Diecast Collectables,6175552555,6251 Ingle Ln.,Boston,51003,USA,Franco,Valarie,Medium,9,12,2018
990,10212,40,138.86,11,5554.4,1492,Shipped,Classic Cars,169,S18_3232,Euro Shopping Channel,(91) 555 94 44,"C/ Moralzarzal, 86",Madrid,28034,Spain,Freyre,Diego,Medium,16,1,2019
991,10225,43,149.02,2,6407.86,1456,Shipped,Classic Cars,169,S18_3232,"Vida Sport, Ltd",0897-034555,Grenzacherweg 237,Gensve,1203,Switzerland,Holz,Michael,Medium,22,2,2019
992,10229,22,189.66,5,4172.52,1440,Shipped,Classic Cars,169,S18_3232,Mini Gifts Distributors Ltd.,4155551450,5677 Strong St.,San Rafael,97562,USA,Nelson,Valarie,Medium,11,3,2019
993,10239,47,150.71,1,7083.37,1409,Shipped,Classic Cars,169,S18_3232,"Oulu Toy Supplies, Inc.",981-443655,Torikatu 38,Oulu,90110,Finland,Koskitalo,Pirkko,Large,12,4,2019
994,10246,36,198.13,9,7132.68,1387,Shipped,Classic Cars,169,S18_3232,Euro Shopping Channel,(91) 555 94 44,"C/ Moralzarzal, 86",Madrid,28034,Spain,Freyre,Diego,Large,5,5,2019
995,10253,40,169.34,6,6773.6,1361,Cancelled,Classic Cars,169,S18_3232,"UK Collectables, Ltd.",(171) 555-2282,Berkeley Gardens 12  Brewery,Liverpool,WX1 6LT,UK,Devon,Elizabeth,Medium,1,6,2019
996,10259,27,135.47,8,3657.69,1348,Shipped,Classic Cars,169,S18_3232,Handji Gifts& Co,+65 224 1555,Village Close - 106 Linden Road Sandown,Singapore,69045,Singapore,Victorino,Wendy,Medium,15,6,2019
997,10266,29,165.95,7,4812.55,1328,Shipped,Classic Cars,169,S18_3232,L'ordine Souveniers,0522-556555,Strada Provinciale 124,Reggio Emilia,42100,Italy,Moroni,Maurizio,Medium,6,7,2019
998,10271,20,196.43,9,3928.6,1315,Shipped,Classic Cars,169,S18_3232,Mini Gifts Distributors Ltd.,4155551450,5677 Strong St.,San Rafael,97562,USA,Nelson,Valarie,Medium,20,7,2019
999,10278,42,152.41,7,6401.22,1299,Shipped,Classic Cars,169,S18_3232,Signal Gift Stores,7025551838,8489 Strong St.,Las Vegas,83030,USA,King,Sue,Medium,6,8,2019
1000,10281,25,167.65,5,4191.25,1287,Shipped,Classic Cars,169,S18_3232,Diecast Classics Inc.,2155551555,7586 Pompton St.,Allentown,70267,USA,Yu,Kyung,Medium,19,8,2019
1001,10287,36,162.57,5,5852.52,1277,Shipped,Classic Cars,169,S18_3232,"Vida Sport, Ltd",0897-034555,Grenzacherweg 237,Gensve,1203,Switzerland,Holz,Michael,Medium,30,8,2019
1002,10292,21,135.47,12,2844.87,1269,Shipped,Classic Cars,169,S18_3232,Land of Toys Inc.,2125557818,897 Long Airport Avenue,NYC,10022,USA,Yu,Kwai,Small,8,9,2019
1003,10301,23,174.42,9,4011.66,1608,Shipped,Classic Cars,169,S18_3232,"Norway Gifts By Mail, Co.",+47 2212 1555,"Drammensveien 126 A, PB 744 Sentrum",Oslo,N 0106,Norway,Klaeboe,Jan,Medium,5,10,2018
1004,10305,37,201.51,9,7455.87,1236,Shipped,Classic Cars,169,S18_3232,Marta's Replicas Co.,6175558555,39323 Spinnaker Dr.,Cambridge,51247,USA,Hernandez,Marta,Large,13,10,2019
1005,10310,48,186.27,3,8940.96,1234,Shipped,Classic Cars,169,S18_3232,"Toms Spezialitten, Ltd",0221-5554327,Mehrheimerstr. 369,Koln,50739,Germany,Pfalzheim,Henriette,Large,16,10,2019
1006,10313,25,182.89,3,4572.25,1229,Shipped,Classic Cars,169,S18_3232,Canadian Gift Exchange Network,(604) 555-3392,1900 Oak St.,Vancouver,V3F 2K1,Canada,Tannamuri,Yoshi,Medium,22,10,2019
1007,10321,33,172.73,11,5700.09,1217,Shipped,Classic Cars,169,S18_3232,FunGiftIdeas.com,5085552555,1785 First Street,New Bedford,50553,USA,Benitez,Violeta,Medium,4,11,2019
1008,10324,27,116.87,12,3155.49,1217,Shipped,Classic Cars,169,S18_3232,Vitachrome Inc.,2125551500,2678 Kingston Rd.,NYC,10022,USA,Frick,Michael,Medium,5,11,2019
1009,10331,27,154.47,11,4170.69,1206,Shipped,Classic Cars,169,S18_3232,Motor Mint Distributors Inc.,2155559857,11328 Douglas Av.,Philadelphia,71270,USA,Hernandez,Rosa,Medium,17,11,2019
1010,10334,20,143.94,3,2878.8,1205,On Hold,Classic Cars,169,S18_3232,"Volvo Model Replicas, Co",0921-12 3555,Berguvsvgen  8,Lule,S-958 22,Sweden,Berglund,Christina,Small,19,11,2019
1011,10342,30,167.65,4,5029.5,1201,Shipped,Classic Cars,169,S18_3232,"Australian Collectors, Co.",03 9520 4555,636 St Kilda Road,Melbourne,3004,Australia,Ferguson,Peter,Medium,24,11,2019
1012,10349,48,154.1,6,7396.8,1195,Shipped,Classic Cars,169,S18_3232,Muscle Machine Inc,2125557413,4092 Furth Circle,NYC,10022,USA,Young,Jeff,Large,1,12,2019
1013,10358,32,93.49,12,2991.68,1187,Shipped,Classic Cars,169,S18_3232,Euro Shopping Channel,(91) 555 94 44,"C/ Moralzarzal, 86",Madrid,28034,Spain,Freyre,Diego,Small,10,12,2019
1014,10366,34,184.58,1,6275.72,1157,Shipped,Classic Cars,169,S18_3232,Royale Belge,(071) 23 67 2555,"Boulevard Tirou, 255",Charleroi,B-6000,Belgium,Cartrain,Pascale,Medium,10,1,2020
1015,10370,27,56.85,9,1534.95,1148,Shipped,Classic Cars,169,S18_3232,"Anna's Decorations, Ltd",02 9936 8555,201 Miller Street,North Sydney,2060,Australia,O'Hara,Anna,Small,20,1,2020
1016,10377,39,186.27,3,7264.53,1129,Shipped,Classic Cars,169,S18_3232,"Toys of Finland, Co.",90-224 8555,Keskuskatu 45,Helsinki,21240,Finland,Karttunen,Matti,Large,9,2,2020
1017,10383,47,146.15,6,6869.05,1117,Shipped,Classic Cars,169,S18_3232,Euro Shopping Channel,(91) 555 94 44,"C/ Moralzarzal, 86",Madrid,28034,Spain,Freyre,Diego,Medium,22,2,2020
1018,10394,22,152.41,5,3353.02,1096,Shipped,Classic Cars,169,S18_3232,Euro Shopping Channel,(91) 555 94 44,"C/ Moralzarzal, 86",Madrid,28034,Spain,Freyre,Diego,Medium,15,3,2020
1019,10405,55,150.71,1,8289.05,1067,Shipped,Classic Cars,169,S18_3232,Mini Caravy,88.60.1555,"24, place Kluber",Strasbourg,67000,France,Citeaux,Frederique,Large,14,4,2020
1020,10412,60,198.13,9,11887.8,1049,Shipped,Classic Cars,169,S18_3232,Euro Shopping Channel,(91) 555 94 44,"C/ Moralzarzal, 86",Madrid,28034,Spain,Freyre,Diego,Large,3,5,2020
1021,10419,35,169.34,6,5926.9,1036,Shipped,Classic Cars,169,S18_3232,Salzburg Collectables,6562-9555,Geislweg 14,Salzburg,5020,Austria,Pipps,Georg,Medium,17,5,2020
1022,10425,28,135.47,8,3793.16,1023,In Process,Classic Cars,169,S18_3232,La Rochelle Gifts,40.67.8555,"67, rue des Cinquante Otages",Nantes,44000,France,Labrune,Janine,Medium,31,5,2020
1023,10105,38,113.95,13,4330.1,1864,Shipped,Trains,100,S18_3259,Danish Wholesale Imports,31 12 3555,Vinb'ltet 34,Kobenhavn,1734,Denmark,Petersen,Jytte,Medium,11,2,2018
1024,10117,21,95.8,7,2011.8,1801,Shipped,Trains,100,S18_3259,"Dragon Souveniers, Ltd.",+65 221 7555,"Bronz Sok., Bronz Apt. 3/6 Tesvikiye",Singapore,79903,Singapore,Natividad,Eric,Small,16,4,2018
1025,10128,41,117.98,4,4837.18,1751,Shipped,Trains,100,S18_3259,Euro Shopping Channel,(91) 555 94 44,"C/ Moralzarzal, 86",Madrid,28034,Spain,Freyre,Diego,Medium,6,6,2018
1026,10142,22,97.81,10,2151.82,1689,Shipped,Trains,100,S18_3259,Mini Gifts Distributors Ltd.,4155551450,5677 Strong St.,San Rafael,97562,USA,Nelson,Valarie,Small,8,8,2018
1027,10153,29,88.74,9,2573.46,1639,Shipped,Trains,100,S18_3259,Euro Shopping Channel,(91) 555 94 44,"C/ Moralzarzal, 86",Madrid,28034,Spain,Freyre,Diego,Small,28,9,2018
1028,10165,50,106.89,1,5344.5,1616,Shipped,Trains,100,S18_3259,"Dragon Souveniers, Ltd.",+65 221 7555,"Bronz Sok., Bronz Apt. 3/6 Tesvikiye",Singapore,79903,Singapore,Natividad,Eric,Medium,22,10,2018
1029,10177,29,105.88,11,3070.52,1601,Shipped,Trains,100,S18_3259,CAF Imports,+34 913 728 555,"Merchants House, 27-30 Merchant's Quay",Madrid,28023,Spain,Fernandez,Jesus,Medium,7,11,2018
1030,10185,49,80.67,11,3952.83,1595,Shipped,Trains,100,S18_3259,Mini Creations Ltd.,5085559555,4575 Hillside Dr.,New Bedford,50553,USA,Tam,Wing C,Medium,14,11,2018
1031,10196,35,101.85,3,3564.75,1584,Shipped,Trains,100,S18_3259,Super Scale Inc.,2035559545,567 North Pendale Street,New Haven,97823,USA,Murphy,Leslie,Medium,26,11,2018
1032,10208,48,116.97,11,5614.56,1548,Shipped,Trains,100,S18_3259,"Saveley & Henriot, Co.",78.32.5555,"2, rue du Commerce",Lyon,69004,France,Saveley,Mary,Medium,2,1,2019
1033,10221,23,80.67,5,1855.41,1502,Shipped,Trains,100,S18_3259,Petit Auto,(02) 5554 67,Rue Joseph-Bens 532,Bruxelles,B-1180,Belgium,Dewey,Catherine,Small,18,2,2019
1034,10232,48,95.8,8,4598.4,1473,Shipped,Trains,100,S18_3259,giftsbymail.co.uk,(198) 555-8888,Garden House Crowther Way,Cowes,PO31 7PJ,UK,Bennett,Helen,Medium,20,3,2019
1035,10248,42,121.01,14,5082.42,1426,Cancelled,Trains,100,S18_3259,Land of Toys Inc.,2125557818,897 Long Airport Avenue,NYC,10022,USA,Yu,Kwai,Medium,7,5,2019
1036,10273,47,115.97,15,5450.59,1352,Shipped,Trains,100,S18_3259,Petit Auto,(02) 5554 67,Rue Joseph-Bens 532,Bruxelles,B-1180,Belgium,Dewey,Catherine,Medium,21,7,2019
1037,10282,36,115.97,3,4174.92,1323,Shipped,Trains,100,S18_3259,Mini Gifts Distributors Ltd.,4155551450,5677 Strong St.,San Rafael,97562,USA,Nelson,Valarie,Medium,20,8,2019
1038,10293,22,109.92,6,2418.24,1304,Shipped,Trains,100,S18_3259,Amica Models & Co.,011-4988555,Via Monte Bianco 34,Torino,10100,Italy,Accorti,Paolo,Small,9,9,2019
1039,10306,40,91.76,11,3670.4,1270,Shipped,Trains,100,S18_3259,"AV Stores, Co.",(171) 555-1555,Fauntleroy Circus,Manchester,EC2 5NT,UK,Ashworth,Victoria,Medium,14,10,2019
1040,10314,23,107.9,3,2481.7,1263,Shipped,Trains,100,S18_3259,Heintze Collectables,86 21 3555,Smagsloget 45,Aaarhus,8200,Denmark,Ibsen,Palle,Small,22,10,2019
1041,10326,32,118.99,6,3807.68,1246,Shipped,Trains,100,S18_3259,"Volvo Model Replicas, Co",0921-12 3555,Berguvsvgen  8,Lule,S-958 22,Sweden,Berglund,Christina,Medium,9,11,2019
1042,10336,21,106.21,7,2230.41,1236,Shipped,Trains,100,S18_3259,"La Corne D'abondance, Co.",(1) 42.34.2555,"265, boulevard Charonne",Paris,75012,France,Bertrand,Marie,Small,20,11,2019
1043,10350,41,93.04,2,3814.64,1225,Shipped,Trains,100,S18_3259,Euro Shopping Channel,(91) 555 94 44,"C/ Moralzarzal, 86",Madrid,28034,Spain,Freyre,Diego,Medium,2,12,2019
1044,10372,25,84.71,5,2117.75,1171,Shipped,Trains,100,S18_3259,"Tokyo Collectables, Ltd",+81 3 3584 0555,2-2-8 Roppongi,Minato-ku,106-0032,Japan,Shimamura,Akiko,Small,26,1,2020
1045,10383,26,128.48,12,3340.48,1145,Shipped,Trains,100,S18_3259,Euro Shopping Channel,(91) 555 94 44,"C/ Moralzarzal, 86",Madrid,28034,Spain,Freyre,Diego,Medium,22,2,2020
1046,10396,24,89.75,4,2154.0,1116,Shipped,Trains,100,S18_3259,Mini Gifts Distributors Ltd.,4155551450,5677 Strong St.,San Rafael,97562,USA,Nelson,Valarie,Small,23,3,2020
1047,10414,48,121.01,14,5808.48,1073,On Hold,Trains,100,S18_3259,Gifts4AllAges.com,6175559555,8616 Spinnaker Dr.,Boston,51003,USA,Yoshido,Juri,Medium,6,5,2020
1048,10108,26,68.35,9,1777.1,1869,Shipped,Classic Cars,80,S18_3278,Cruz & Sons Co.,+63 2 555 3587,15 McCallum Street - NatWest Center #13-03,Makati City,1227 MM,Philippines,Cruz,Arnold,Small,3,3,2018
1049,10122,21,73.17,13,1536.57,1804,Shipped,Classic Cars,80,S18_3278,Marseille Mini Autos,91.24.4555,"12, rue des Bouchers",Marseille,13008,France,Lebihan,Laurence,Small,8,5,2018
1050,10135,45,78.0,10,3510.0,1750,Shipped,Classic Cars,80,S18_3278,Mini Gifts Distributors Ltd.,4155551450,5677 Strong St.,San Rafael,97562,USA,Nelson,Valarie,Medium,2,7,2018
1051,10147,36,86.04,10,3097.44,1686,Shipped,Classic Cars,80,S18_3278,Collectables For Less Inc.,6175558555,7825 Douglas Av.,Brickhaven,58339,USA,Nelson,Allen,Medium,5,9,2018
1052,10169,32,70.76,5,2264.32,1627,Shipped,Classic Cars,80,S18_3278,"Anna's Decorations, Ltd",02 9936 8555,201 Miller Street,North Sydney,2060,Australia,O'Hara,Anna,Small,4,11,2018
1053,10181,30,82.82,17,2484.6,1620,Shipped,Classic Cars,80,S18_3278,Herkku Gifts,+47 2267 3215,"Drammen 121, PR 744 Sentrum",Bergen,N 5804,Norway,Oeztan,Veysel,Small,12,11,2018
1054,10191,36,94.88,6,3415.68,1613,Shipped,Classic Cars,80,S18_3278,"Toms Spezialitten, Ltd",0221-5554327,Mehrheimerstr. 369,Koln,50739,Germany,Pfalzheim,Henriette,Medium,20,11,2018
1055,10203,33,86.04,11,2839.32,1602,Shipped,Classic Cars,80,S18_3278,Euro Shopping Channel,(91) 555 94 44,"C/ Moralzarzal, 86",Madrid,28034,Spain,Freyre,Diego,Small,2,12,2018
1056,10211,35,78.0,5,2730.0,1559,Shipped,Classic Cars,80,S18_3278,Auto Canal Petit,(1) 47.55.6555,"25, rue Lauriston",Paris,75016,France,Perrier,Dominique,Small,15,1,2019
1057,10225,37,95.69,12,3540.53,1522,Shipped,Classic Cars,80,S18_3278,"Vida Sport, Ltd",0897-034555,Grenzacherweg 237,Gensve,1203,Switzerland,Holz,Michael,Medium,22,2,2019
1058,10238,41,73.17,6,2999.97,1477,Shipped,Classic Cars,80,S18_3278,Danish Wholesale Imports,31 12 3555,Vinb'ltet 34,Kobenhavn,1734,Denmark,Petersen,Jytte,Small,9,4,2019
1059,10252,20,76.39,2,1527.8,1431,Shipped,Classic Cars,80,S18_3278,Auto Canal Petit,(1) 47.55.6555,"25, rue Lauriston",Paris,75016,France,Perrier,Dominique,Small,26,5,2019
1060,10265,45,86.84,2,3907.8,1395,Shipped,Classic Cars,80,S18_3278,"Australian Collectables, Ltd",61-9-3844-6555,7 Allen Street,Glen Waverly,3150,Australia,Connery,Sean,Medium,2,7,2019
1061,10276,38,69.96,6,2658.48,1365,Shipped,Classic Cars,80,S18_3278,Online Mini Collectables,6175557555,7635 Spinnaker Dr.,Brickhaven,58339,USA,Barajas,Miguel,Small,2,8,2019
1062,10287,43,70.76,15,3042.68,1338,Shipped,Classic Cars,80,S18_3278,"Vida Sport, Ltd",0897-034555,Grenzacherweg 237,Gensve,1203,Switzerland,Holz,Michael,Medium,30,8,2019
1063,10300,49,78.8,8,3861.2,1669,Shipped,Classic Cars,80,S18_3278,"Blauer See Auto, Co.",+49 69 66 90 2555,Lyonerstr. 34,Frankfurt,60528,Germany,Keitel,Roland,Medium,4,10,2018
1064,10310,27,80.41,13,2171.07,1293,Shipped,Classic Cars,80,S18_3278,"Toms Spezialitten, Ltd",0221-5554327,Mehrheimerstr. 369,Koln,50739,Germany,Pfalzheim,Henriette,Small,16,10,2019
1065,10319,46,73.98,1,3403.08,1276,Shipped,Classic Cars,80,S18_3278,Microscale Inc.,2125551957,5290 North Pendale Street,NYC,10022,USA,Kuo,Kee,Medium,3,11,2019
1066,10329,38,59.1,10,2245.8,1265,Shipped,Classic Cars,80,S18_3278,Land of Toys Inc.,2125557818,897 Long Airport Avenue,NYC,10022,USA,Yu,Kwai,Small,15,11,2019
1067,10342,25,66.74,5,1668.5,1257,Shipped,Classic Cars,80,S18_3278,"Australian Collectors, Co.",03 9520 4555,636 St Kilda Road,Melbourne,3004,Australia,Ferguson,Peter,Small,24,11,2019
1068,10363,46,60.3,10,2773.8,1215,Shipped,Classic Cars,80,S18_3278,Suominen Souveniers,+358 9 8045 555,"Software Engineering Center, SEC Oy",Espoo,FIN-02271,Finland,Suominen,Kalle,Small,6,1,2020
1069,10378,22,112.0,4,2464.0,1181,Shipped,Classic Cars,80,S18_3278,Euro Shopping Channel,(91) 555 94 44,"C/ Moralzarzal, 86",Madrid,28034,Spain,Freyre,Diego,Small,10,2,2020
1070,10390,40,137.29,9,5491.6,1159,Shipped,Classic Cars,80,S18_3278,Mini Gifts Distributors Ltd.,4155551450,5677 Strong St.,San Rafael,97562,USA,Nelson,Valarie,Medium,4,3,2020
1071,10103,46,104.17,16,4791.82,1925,Shipped,Vintage Cars,99,S18_3320,Baane Mini Imports,07-98 9555,Erling Skakkes gate 78,Stavern,4110,Norway,Bergulfsen,Jonas,Medium,29,1,2018
1072,10126,38,82.34,16,3128.92,1807,Shipped,Vintage Cars,99,S18_3320,"Corrida Auto Replicas, Ltd",(91) 555 22 82,"C/ Araquil, 67",Madrid,28023,Spain,Sommer,Mart¡n,Medium,28,5,2018
1073,10139,30,103.18,5,3095.4,1759,Shipped,Vintage Cars,99,S18_3320,Souveniers And Things Co.,+61 2 9495 8555,"Monitor Money Building, 815 Pacific Hwy",Chatswood,2067,Australia,Huxley,Adrian,Medium,16,7,2018
1074,10149,42,94.25,2,3958.5,1702,Shipped,Vintage Cars,99,S18_3320,Signal Collectibles Ltd.,4155554312,2793 Furth Circle,Brisbane,94217,USA,Taylor,Sue,Medium,12,9,2018
1075,10163,43,116.08,6,4991.44,1665,Shipped,Vintage Cars,99,S18_3320,Classic Legends Inc.,2125558493,5905 Pompton St.,NYC,10022,USA,Hernandez,Maria,Medium,20,10,2018
1076,10173,29,95.24,4,2761.96,1650,Shipped,Vintage Cars,99,S18_3320,Rovelli Gifts,035-640555,Via Ludovico il Moro 22,Bergamo,24100,Italy,Rovelli,Giovanni,Small,5,11,2018
1077,10182,33,86.31,1,2848.23,1644,Shipped,Vintage Cars,99,S18_3320,Mini Gifts Distributors Ltd.,4155551450,5677 Strong St.,San Rafael,97562,USA,Nelson,Valarie,Small,12,11,2018
1078,10193,32,79.37,5,2539.84,1636,Shipped,Vintage Cars,99,S18_3320,"Australian Collectables, Ltd",61-9-3844-6555,7 Allen Street,Glen Waverly,3150,Australia,Connery,Sean,Small,21,11,2018
1079,10206,28,87.3,11,2444.4,1623,Shipped,Vintage Cars,99,S18_3320,Canadian Gift Exchange Network,(604) 555-3392,1900 Oak St.,Vancouver,V3F 2K1,Canada,Tannamuri,Yoshi,Small,5,12,2018
1080,10215,41,111.12,8,4555.92,1569,Shipped,Vintage Cars,99,S18_3320,West Coast Collectables Co.,3105553722,3675 Furth Circle,Burbank,94019,USA,Thompson,Steve,Medium,29,1,2019
1081,10227,33,111.12,1,3666.96,1538,Shipped,Vintage Cars,99,S18_3320,"Saveley & Henriot, Co.",78.32.5555,"2, rue du Commerce",Lyon,69004,France,Saveley,Mary,Medium,2,3,2019
1082,10244,36,84.33,5,3035.88,1481,Shipped,Vintage Cars,99,S18_3320,Euro Shopping Channel,(91) 555 94 44,"C/ Moralzarzal, 86",Madrid,28034,Spain,Freyre,Diego,Medium,29,4,2019
1083,10257,26,89.29,5,2321.54,1436,Shipped,Vintage Cars,99,S18_3320,The Sharp Gifts Warehouse,4085553659,3086 Ingle Ln.,San Jose,94217,USA,Frick,Sue,Small,14,6,2019
1084,10280,34,102.19,7,3474.46,1373,Shipped,Vintage Cars,99,S18_3320,Amica Models & Co.,011-4988555,Via Monte Bianco 34,Torino,10100,Italy,Accorti,Paolo,Medium,17,8,2019
1085,10290,26,96.23,2,2501.98,1353,Shipped,Vintage Cars,99,S18_3320,Auto-Moto Classics Inc.,6175558428,16780 Pompton St.,Brickhaven,58339,USA,Taylor,Leslie,Small,7,9,2019
1086,10304,38,104.17,11,3958.46,1320,Shipped,Vintage Cars,99,S18_3320,Auto Assoc. & Cie.,30.59.8555,"67, avenue de l'Europe",Versailles,78000,France,Tonini,Daniel,Medium,11,10,2019
1087,10312,33,107.15,8,3535.95,1311,Shipped,Vintage Cars,99,S18_3320,Mini Gifts Distributors Ltd.,4155551450,5677 Strong St.,San Rafael,97562,USA,Nelson,Valarie,Medium,21,10,2019
1088,10323,33,91.27,2,3011.91,1297,Shipped,Vintage Cars,99,S18_3320,"Blauer See Auto, Co.",+49 69 66 90 2555,Lyonerstr. 34,Frankfurt,60528,Germany,Keitel,Roland,Medium,5,11,2019
1089,10347,26,102.19,12,2656.94,1274,Shipped,Vintage Cars,99,S18_3320,"Australian Collectors, Co.",03 9520 4555,636 St Kilda Road,Melbourne,3004,Australia,Ferguson,Peter,Small,29,11,2019
1090,10357,25,104.17,3,2604.25,1264,Shipped,Vintage Cars,99,S18_3320,Mini Gifts Distributors Ltd.,4155551450,5677 Strong St.,San Rafael,97562,USA,Nelson,Valarie,Small,10,12,2019
1091,10369,45,73.08,4,3288.6,1224,Shipped,Vintage Cars,99,S18_3320,Collectables For Less Inc.,6175558555,7825 Douglas Av.,Brickhaven,58339,USA,Nelson,Allen,Medium,20,1,2020
1092,10382,50,178.71,7,8935.5,1197,Shipped,Vintage Cars,99,S18_3320,Mini Gifts Distributors Ltd.,4155551450,5677 Strong St.,San Rafael,97562,USA,Nelson,Valarie,Large,17,2,2020
1093,10392,36,112.11,1,4035.96,1176,Shipped,Vintage Cars,99,S18_3320,Mini Auto Werke,7675-3555,Kirchgasse 6,Graz,8010,Austria,Mendel,Roland,Medium,10,3,2020
1094,10423,21,89.29,5,1875.09,1096,In Process,Vintage Cars,99,S18_3320,Petit Auto,(02) 5554 67,Rue Joseph-Bens 532,Bruxelles,B-1180,Belgium,Dewey,Catherine,Small,30,5,2020
1095,10108,29,139.64,8,4049.56,1916,Shipped,Classic Cars,146,S18_3482,Cruz & Sons Co.,+63 2 555 3587,15 McCallum Street - NatWest Center #13-03,Makati City,1227 MM,Philippines,Cruz,Arnold,Medium,3,3,2018
1096,10122,21,117.59,12,2469.39,1851,Shipped,Classic Cars,146,S18_3482,Marseille Mini Autos,91.24.4555,"12, rue des Bouchers",Marseille,13008,France,Lebihan,Laurence,Small,8,5,2018
1097,10135,42,129.35,9,5432.7,1797,Shipped,Classic Cars,146,S18_3482,Mini Gifts Distributors Ltd.,4155551450,5677 Strong St.,San Rafael,97562,USA,Nelson,Valarie,Medium,2,7,2018
1098,10147,37,119.06,9,4405.22,1733,Shipped,Classic Cars,146,S18_3482,Collectables For Less Inc.,6175558555,7825 Douglas Av.,Brickhaven,58339,USA,Nelson,Allen,Medium,5,9,2018
1099,10169,36,123.47,4,4444.92,1674,Shipped,Classic Cars,146,S18_3482,"Anna's Decorations, Ltd",02 9936 8555,201 Miller Street,North Sydney,2060,Australia,O'Hara,Anna,Medium,4,11,2018
1100,10181,22,154.34,16,3395.48,1667,Shipped,Classic Cars,146,S18_3482,Herkku Gifts,+47 2267 3215,"Drammen 121, PR 744 Sentrum",Bergen,N 5804,Norway,Oeztan,Veysel,Medium,12,11,2018
1101,10191,23,148.46,5,3414.58,1660,Shipped,Classic Cars,146,S18_3482,"Toms Spezialitten, Ltd",0221-5554327,Mehrheimerstr. 369,Koln,50739,Germany,Pfalzheim,Henriette,Medium,20,11,2018
1102,10203,32,160.22,10,5127.04,1649,Shipped,Classic Cars,146,S18_3482,Euro Shopping Channel,(91) 555 94 44,"C/ Moralzarzal, 86",Madrid,28034,Spain,Freyre,Diego,Medium,2,12,2018
1103,10211,28,133.76,4,3745.28,1606,Shipped,Classic Cars,146,S18_3482,Auto Canal Petit,(1) 47.55.6555,"25, rue Lauriston",Paris,75016,France,Perrier,Dominique,Medium,15,1,2019
1104,10225,27,169.04,11,4564.08,1569,Shipped,Classic Cars,146,S18_3482,"Vida Sport, Ltd",0897-034555,Grenzacherweg 237,Gensve,1203,Switzerland,Holz,Michael,Medium,22,2,2019
1105,10238,49,133.76,5,6554.24,1524,Shipped,Classic Cars,146,S18_3482,Danish Wholesale Imports,31 12 3555,Vinb'ltet 34,Kobenhavn,1734,Denmark,Petersen,Jytte,Medium,9,4,2019
1106,10252,41,164.63,1,6749.83,1478,Shipped,Classic Cars,146,S18_3482,Auto Canal Petit,(1) 47.55.6555,"25, rue Lauriston",Paris,75016,France,Perrier,Dominique,Medium,26,5,2019
1107,10265,49,171.98,1,8427.02,1442,Shipped,Classic Cars,146,S18_3482,"Australian Collectables, Ltd",61-9-3844-6555,7 Allen Street,Glen Waverly,3150,Australia,Connery,Sean,Large,2,7,2019
1108,10276,30,130.82,5,3924.6,1412,Shipped,Classic Cars,146,S18_3482,Online Mini Collectables,6175557555,7635 Spinnaker Dr.,Brickhaven,58339,USA,Barajas,Miguel,Medium,2,8,2019
1109,10287,40,169.04,14,6761.6,1385,Shipped,Classic Cars,146,S18_3482,"Vida Sport, Ltd",0897-034555,Grenzacherweg 237,Gensve,1203,Switzerland,Holz,Michael,Medium,30,8,2019
1110,10300,23,164.63,7,3786.49,1716,Shipped,Classic Cars,146,S18_3482,"Blauer See Auto, Co.",+49 69 66 90 2555,Lyonerstr. 34,Frankfurt,60528,Germany,Keitel,Roland,Medium,4,10,2018
1111,10310,49,127.88,12,6266.12,1340,Shipped,Classic Cars,146,S18_3482,"Toms Spezialitten, Ltd",0221-5554327,Mehrheimerstr. 369,Koln,50739,Germany,Pfalzheim,Henriette,Medium,16,10,2019
1112,10320,25,139.64,5,3491.0,1323,Shipped,Classic Cars,146,S18_3482,"Volvo Model Replicas, Co",0921-12 3555,Berguvsvgen  8,Lule,S-958 22,Sweden,Berglund,Christina,Medium,3,11,2019
1113,10330,37,119.06,3,4405.22,1311,Shipped,Classic Cars,146,S18_3482,Cruz & Sons Co.,+63 2 555 3587,15 McCallum Street - NatWest Center #13-03,Makati City,1227 MM,Philippines,Cruz,Arnold,Medium,16,11,2019
1114,10342,55,119.06,7,6548.3,1304,Shipped,Classic Cars,146,S18_3482,"Australian Collectors, Co.",03 9520 4555,636 St Kilda Road,Melbourne,3004,Australia,Ferguson,Peter,Medium,24,11,2019
1115,10355,23,138.17,7,3177.91,1292,Shipped,Classic Cars,146,S18_3482,Euro Shopping Channel,(91) 555 94 44,"C/ Moralzarzal, 86",Madrid,28034,Spain,Freyre,Diego,Medium,7,12,2019
1116,10363,24,172.61,11,4142.64,1263,Shipped,Classic Cars,146,S18_3482,Suominen Souveniers,+358 9 8045 555,"Software Engineering Center, SEC Oy",Espoo,FIN-02271,Finland,Suominen,Kalle,Medium,6,1,2020
1117,10378,43,96.49,10,4149.07,1229,Shipped,Classic Cars,146,S18_3482,Euro Shopping Channel,(91) 555 94 44,"C/ Moralzarzal, 86",Madrid,28034,Spain,Freyre,Diego,Medium,10,2,2020
1118,10390,50,147.94,1,7397.0,1207,Shipped,Classic Cars,146,S18_3482,Mini Gifts Distributors Ltd.,4155551450,5677 Strong St.,San Rafael,97562,USA,Nelson,Valarie,Large,4,3,2020
1119,10109,47,132.8,2,6241.6,1933,Shipped,Classic Cars,141,S18_3685,Motor Mint Distributors Inc.,2155559857,11328 Douglas Av.,Philadelphia,71270,USA,Hernandez,Rosa,Medium,10,3,2018
1120,10123,34,156.82,4,5331.88,1863,Shipped,Classic Cars,141,S18_3685,Atelier graphique,40.32.2555,"54, rue Royale",Nantes,44000,France,Schmitt,Carine,Medium,20,5,2018
1121,10137,31,165.3,4,5124.3,1813,Shipped,Classic Cars,141,S18_3685,Reims Collectables,26.47.1555,59 rue de l'Abbaye,Reims,51100,France,Henriot,Paul,Medium,10,7,2018
1122,10148,28,129.98,11,3639.44,1751,Shipped,Classic Cars,141,S18_3685,"Anna's Decorations, Ltd",02 9936 8555,201 Miller Street,North Sydney,2060,Australia,O'Hara,Anna,Medium,11,9,2018
1123,10161,36,154.0,10,5544.0,1716,Shipped,Classic Cars,141,S18_3685,Heintze Collectables,86 21 3555,Smagsloget 45,Aaarhus,8200,Denmark,Ibsen,Palle,Medium,17,10,2018
1124,10172,48,114.44,8,5493.12,1698,Shipped,Classic Cars,141,S18_3685,Gift Depot Inc.,2035552570,25593 South Bay Ln.,Bridgewater,97562,USA,King,Julie,Medium,5,11,2018
1125,10181,39,148.34,4,5785.26,1692,Shipped,Classic Cars,141,S18_3685,Herkku Gifts,+47 2267 3215,"Drammen 121, PR 744 Sentrum",Bergen,N 5804,Norway,Oeztan,Veysel,Medium,12,11,2018
1126,10192,45,118.68,9,5340.6,1685,Shipped,Classic Cars,141,S18_3685,Online Diecast Creations Co.,6035558647,2304 Long Airport Avenue,Nashua,62005,USA,Young,Valarie,Medium,20,11,2018
1127,10204,35,163.88,15,5735.8,1674,Shipped,Classic Cars,141,S18_3685,Muscle Machine Inc,2125557413,4092 Furth Circle,NYC,10022,USA,Young,Jeff,Medium,2,12,2018
1128,10212,45,141.28,8,6357.6,1630,Shipped,Classic Cars,141,S18_3685,Euro Shopping Channel,(91) 555 94 44,"C/ Moralzarzal, 86",Madrid,28034,Spain,Freyre,Diego,Medium,16,1,2019
1129,10226,46,159.65,6,7343.9,1590,Shipped,Classic Cars,141,S18_3685,Collectable Mini Designs Co.,7605558146,361 Furth Circle,San Diego,91217,USA,Thompson,Valarie,Large,26,2,2019
1130,10240,37,161.06,1,5959.22,1545,Shipped,Classic Cars,141,S18_3685,Osaka Souveniers Co.,+81 06 6342 5555,"Dojima Avanza 4F, 1-6-20 Dojima, Kita-ku",Osaka,530-0003,Japan,Kentary,Mory,Medium,13,4,2019
1131,10253,31,129.98,3,4029.38,1497,Cancelled,Classic Cars,141,S18_3685,"UK Collectables, Ltd.",(171) 555-2282,Berkeley Gardens 12  Brewery,Liverpool,WX1 6LT,UK,Devon,Elizabeth,Medium,1,6,2019
1132,10266,33,152.58,4,5035.14,1463,Shipped,Classic Cars,141,S18_3685,L'ordine Souveniers,0522-556555,Strada Provinciale 124,Reggio Emilia,42100,Italy,Moroni,Maurizio,Medium,6,7,2019
1133,10278,31,132.8,4,4116.8,1433,Shipped,Classic Cars,141,S18_3685,Signal Gift Stores,7025551838,8489 Strong St.,Las Vegas,83030,USA,King,Sue,Medium,6,8,2019
1134,10287,27,159.65,2,4310.55,1410,Shipped,Classic Cars,141,S18_3685,"Vida Sport, Ltd",0897-034555,Grenzacherweg 237,Gensve,1203,Switzerland,Holz,Michael,Medium,30,8,2019
1135,10301,39,165.3,6,6446.7,1740,Shipped,Classic Cars,141,S18_3685,"Norway Gifts By Mail, Co.",+47 2212 1555,"Drammensveien 126 A, PB 744 Sentrum",Oslo,N 0106,Norway,Klaeboe,Jan,Medium,5,10,2018
1136,10311,32,113.02,11,3616.64,1365,Shipped,Classic Cars,141,S18_3685,Euro Shopping Channel,(91) 555 94 44,"C/ Moralzarzal, 86",Madrid,28034,Spain,Freyre,Diego,Medium,16,10,2019
1137,10321,28,151.17,8,4232.76,1347,Shipped,Classic Cars,141,S18_3685,FunGiftIdeas.com,5085552555,1785 First Street,New Bedford,50553,USA,Benitez,Violeta,Medium,4,11,2019
1138,10331,26,67.91,12,1765.66,1335,Shipped,Classic Cars,141,S18_3685,Motor Mint Distributors Inc.,2155559857,11328 Douglas Av.,Philadelphia,71270,USA,Hernandez,Rosa,Small,17,11,2019
1139,10343,44,84.88,2,3734.72,1329,Shipped,Classic Cars,141,S18_3685,Reims Collectables,26.47.1555,59 rue de l'Abbaye,Reims,51100,France,Henriot,Paul,Medium,24,11,2019
1140,10367,46,104.53,6,4808.38,1281,Resolved,Classic Cars,141,S18_3685,Toys4GrownUps.com,6265557265,78934 Hillside Dr.,Pasadena,90003,USA,Young,Julie,Medium,12,1,2020
1141,10379,32,70.83,4,2266.56,1253,Shipped,Classic Cars,141,S18_3685,Euro Shopping Channel,(91) 555 94 44,"C/ Moralzarzal, 86",Madrid,28034,Spain,Freyre,Diego,Small,10,2,2020
1142,10406,65,161.06,1,10468.9,1189,Disputed,Classic Cars,141,S18_3685,Danish Wholesale Imports,31 12 3555,Vinb'ltet 34,Kobenhavn,1734,Denmark,Petersen,Jytte,Large,15,4,2020
1143,10419,43,129.98,3,5589.14,1158,Shipped,Classic Cars,141,S18_3685,Salzburg Collectables,6562-9555,Geislweg 14,Salzburg,5020,Austria,Pipps,Georg,Medium,17,5,2020
1144,10108,43,67.77,12,2914.11,1965,Shipped,Motorcycles,62,S18_3782,Cruz & Sons Co.,+63 2 555 3587,15 McCallum Street - NatWest Center #13-03,Makati City,1227 MM,Philippines,Cruz,Arnold,Small,3,3,2018
1145,10122,35,49.74,16,1740.9,1900,Shipped,Motorcycles,62,S18_3782,Marseille Mini Autos,91.24.4555,"12, rue des Bouchers",Marseille,13008,France,Lebihan,Laurence,Small,8,5,2018
1146,10135,45,50.36,13,2266.2,1846,Shipped,Motorcycles,62,S18_3782,Mini Gifts Distributors Ltd.,4155551450,5677 Strong St.,San Rafael,97562,USA,Nelson,Valarie,Small,2,7,2018
1147,10146,47,67.14,2,3155.58,1784,Shipped,Motorcycles,62,S18_3782,Gift Ideas Corp.,2035554407,2440 Pompton St.,Glendale,97561,USA,Lewis,Dan,Medium,3,9,2018
1148,10169,38,68.39,8,2598.82,1723,Shipped,Motorcycles,62,S18_3782,"Anna's Decorations, Ltd",02 9936 8555,201 Miller Street,North Sydney,2060,Australia,O'Hara,Anna,Small,4,11,2018
1149,10180,21,50.36,3,1057.56,1717,Shipped,Motorcycles,62,S18_3782,Daedalus Designs Imports,20.16.1555,"184, chausse de Tournai",Lille,59000,France,Rance,Martine,Small,11,11,2018
1150,10191,43,72.74,9,3127.82,1709,Shipped,Motorcycles,62,S18_3782,"Toms Spezialitten, Ltd",0221-5554327,Mehrheimerstr. 369,Koln,50739,Germany,Pfalzheim,Henriette,Medium,20,11,2018
1151,10211,46,54.09,8,2488.14,1654,Shipped,Motorcycles,62,S18_3782,Auto Canal Petit,(1) 47.55.6555,"25, rue Lauriston",Paris,75016,France,Perrier,Dominique,Small,15,1,2019
1152,10224,38,58.44,1,2220.72,1618,Shipped,Motorcycles,62,S18_3782,Daedalus Designs Imports,20.16.1555,"184, chausse de Tournai",Lille,59000,France,Rance,Martine,Small,21,2,2019
1153,10237,26,52.22,1,1357.72,1576,Shipped,Motorcycles,62,S18_3782,Vitachrome Inc.,2125551500,2678 Kingston Rd.,NYC,10022,USA,Frick,Michael,Small,5,4,2019
1154,10252,31,52.84,5,1638.04,1526,Shipped,Motorcycles,62,S18_3782,Auto Canal Petit,(1) 47.55.6555,"25, rue Lauriston",Paris,75016,France,Perrier,Dominique,Small,26,5,2019
1155,10264,48,54.71,3,2626.08,1492,Shipped,Motorcycles,62,S18_3782,Gifts4AllAges.com,6175559555,8616 Spinnaker Dr.,Boston,51003,USA,Yoshido,Juri,Small,30,6,2019
1156,10276,33,50.36,9,1661.88,1460,Shipped,Motorcycles,62,S18_3782,Online Mini Collectables,6175557555,7635 Spinnaker Dr.,Brickhaven,58339,USA,Barajas,Miguel,Small,2,8,2019
1157,10286,38,57.2,1,2173.6,1435,Shipped,Motorcycles,62,S18_3782,"La Corne D'abondance, Co.",(1) 42.34.2555,"265, boulevard Charonne",Paris,75012,France,Bertrand,Marie,Small,28,8,2019
1158,10299,39,55.95,3,2182.05,1403,Shipped,Motorcycles,62,S18_3782,"Toys of Finland, Co.",90-224 8555,Keskuskatu 45,Helsinki,21240,Finland,Karttunen,Matti,Small,30,9,2019
1159,10310,42,67.14,16,2819.88,1388,Shipped,Motorcycles,62,S18_3782,"Toms Spezialitten, Ltd",0221-5554327,Mehrheimerstr. 369,Koln,50739,Germany,Pfalzheim,Henriette,Small,16,10,2019
1160,10319,44,59.06,4,2598.64,1371,Shipped,Motorcycles,62,S18_3782,Microscale Inc.,2125551957,5290 North Pendale Street,NYC,10022,USA,Kuo,Kee,Small,3,11,2019
1161,10330,29,69.63,2,2019.27,1359,Shipped,Motorcycles,62,S18_3782,Cruz & Sons Co.,+63 2 555 3587,15 McCallum Street - NatWest Center #13-03,Makati City,1227 MM,Philippines,Cruz,Arnold,Small,16,11,2019
1162,10342,26,55.95,8,1454.7,1352,Shipped,Motorcycles,62,S18_3782,"Australian Collectors, Co.",03 9520 4555,636 St Kilda Road,Melbourne,3004,Australia,Ferguson,Peter,Small,24,11,2019
1163,10355,31,53.47,1,1657.57,1340,Shipped,Motorcycles,62,S18_3782,Euro Shopping Channel,(91) 555 94 44,"C/ Moralzarzal, 86",Madrid,28034,Spain,Freyre,Diego,Small,7,12,2019
1164,10363,32,89.12,12,2851.84,1311,Shipped,Motorcycles,62,S18_3782,Suominen Souveniers,+358 9 8045 555,"Software Engineering Center, SEC Oy",Espoo,FIN-02271,Finland,Suominen,Kalle,Small,6,1,2020
1165,10378,28,164.63,9,4609.64,1277,Shipped,Motorcycles,62,S18_3782,Euro Shopping Channel,(91) 555 94 44,"C/ Moralzarzal, 86",Madrid,28034,Spain,Freyre,Diego,Medium,10,2,2020
1166,10390,36,141.11,2,5079.96,1255,Shipped,Motorcycles,62,S18_3782,Mini Gifts Distributors Ltd.,4155551450,5677 Strong St.,San Rafael,97562,USA,Nelson,Valarie,Medium,4,3,2020
1167,10403,36,52.22,1,1879.92,1221,Shipped,Motorcycles,62,S18_3782,"UK Collectables, Ltd.",(171) 555-2282,Berkeley Gardens 12  Brewery,Liverpool,WX1 6LT,UK,Devon,Elizabeth,Small,8,4,2020
1168,10106,41,116.46,17,4774.86,2003,Shipped,Vintage Cars,105,S18_3856,Rovelli Gifts,035-640555,Via Ludovico il Moro 22,Bergamo,24100,Italy,Rovelli,Giovanni,Medium,17,2,2018
1169,10119,27,99.52,8,2687.04,1934,Shipped,Vintage Cars,105,S18_3856,Salzburg Collectables,6562-9555,Geislweg 14,Salzburg,5020,Austria,Pipps,Georg,Small,28,4,2018
1170,10130,33,103.75,1,3423.75,1886,Shipped,Vintage Cars,105,S18_3856,Auto-Moto Classics Inc.,6175558428,16780 Pompton St.,Brickhaven,58339,USA,Taylor,Leslie,Medium,16,6,2018
1171,10143,34,101.64,12,3455.76,1832,Shipped,Vintage Cars,105,S18_3856,Mini Creations Ltd.,5085559555,4575 Hillside Dr.,New Bedford,50553,USA,Tam,Wing C,Medium,10,8,2018
1172,10155,29,124.93,10,3622.97,1776,Shipped,Vintage Cars,105,S18_3856,"Toys of Finland, Co.",90-224 8555,Keskuskatu 45,Helsinki,21240,Finland,Karttunen,Matti,Medium,6,10,2018
1173,10167,34,105.87,6,3599.58,1760,Cancelled,Vintage Cars,105,S18_3856,Scandinavian Gift Ideas,0695-34 6555,?kergatan 24,Boras,S-844 67,Sweden,Larsson,Maria,Medium,23,10,2018
1174,10178,48,112.22,9,5386.56,1745,Shipped,Vintage Cars,105,S18_3856,Alpha Cognac,61.77.6555,1 rue Alsace-Lorraine,Toulouse,31000,France,Roulet,Annette,Medium,8,11,2018
1175,10186,46,106.93,6,4918.78,1740,Shipped,Vintage Cars,105,S18_3856,"Double Decker Gift Stores, Ltd",(171) 555-7555,120 Hanover Sq.,London,WA1 1DP,UK,Hardy,Thomas,Medium,14,11,2018
1176,10197,22,115.4,3,2538.8,1729,Shipped,Vintage Cars,105,S18_3856,Enaco Distributors,(93) 203 4555,"Rambla de Catalu¤a, 23",Barcelona,8022,Spain,Saavedra,Eduardo,Small,26,11,2018
1177,10222,45,85.75,9,3858.75,1645,Shipped,Vintage Cars,105,S18_3856,Collectable Mini Designs Co.,7605558146,361 Furth Circle,San Diego,91217,USA,Thompson,Valarie,Medium,19,2,2019
1178,10249,46,121.75,5,5600.5,1568,Shipped,Vintage Cars,105,S18_3856,Cambridge Collectables Co.,6175555555,4658 Baden Av.,Cambridge,51247,USA,Tseng,Kyung,Medium,8,5,2019
1179,10262,34,120.69,14,4103.46,1522,Cancelled,Vintage Cars,105,S18_3856,Euro Shopping Channel,(91) 555 94 44,"C/ Moralzarzal, 86",Madrid,28034,Spain,Freyre,Diego,Medium,24,6,2019
1180,10273,50,85.75,1,4287.5,1496,Shipped,Vintage Cars,105,S18_3856,Petit Auto,(02) 5554 67,Rue Joseph-Bens 532,Bruxelles,B-1180,Belgium,Dewey,Catherine,Medium,21,7,2019
1181,10283,46,125.99,3,5795.54,1467,Shipped,Vintage Cars,105,S18_3856,"Royal Canadian Collectables, Ltd.",(604) 555-4555,23 Tsawassen Blvd.,Tsawassen,T2F 8M4,Canada,Lincoln,Elizabeth,Medium,20,8,2019
1182,10296,22,84.7,12,1863.4,1442,Shipped,Vintage Cars,105,S18_3856,"Bavarian Collectables Imports, Co.",+49 89 61 08 9555,Hansastr. 15,Munich,80686,Germany,Donnermeyer,Michael,Small,15,9,2019
1183,10307,48,86.81,6,4166.88,1414,Shipped,Vintage Cars,105,S18_3856,"Classic Gift Ideas, Inc",2155554695,782 First Street,Philadelphia,71270,USA,Cervantes,Francisca,Medium,14,10,2019
1184,10316,47,86.81,14,4080.07,1397,Shipped,Vintage Cars,105,S18_3856,giftsbymail.co.uk,(198) 555-8888,Garden House Crowther Way,Cowes,PO31 7PJ,UK,Bennett,Helen,Medium,1,11,2019
1185,10328,34,112.22,6,3815.48,1387,Shipped,Vintage Cars,105,S18_3856,Rovelli Gifts,035-640555,Via Ludovico il Moro 22,Bergamo,24100,Italy,Rovelli,Giovanni,Medium,12,11,2019
1186,10338,45,122.81,2,5526.45,1378,Shipped,Vintage Cars,105,S18_3856,Royale Belge,(071) 23 67 2555,"Boulevard Tirou, 255",Charleroi,B-6000,Belgium,Cartrain,Pascale,Medium,22,11,2019
1187,10351,20,168.73,2,3374.6,1368,Shipped,Vintage Cars,105,S18_3856,"Stylish Desk Decors, Co.",(171) 555-0297,35 King George,London,WX3 6FW,UK,Brown,Ann,Medium,3,12,2019
1188,10373,50,60.49,6,3024.5,1310,Shipped,Vintage Cars,105,S18_3856,"Oulu Toy Supplies, Inc.",981-443655,Torikatu 38,Oulu,90110,Finland,Koskitalo,Pirkko,Medium,31,1,2020
1189,10386,22,57.55,6,1266.1,1281,Resolved,Vintage Cars,105,S18_3856,Euro Shopping Channel,(91) 555 94 44,"C/ Moralzarzal, 86",Madrid,28034,Spain,Freyre,Diego,Small,1,3,2020
1190,10398,45,106.93,17,4811.85,1253,Shipped,Vintage Cars,105,S18_3856,Reims Collectables,26.47.1555,59 rue de l'Abbaye,Reims,51100,France,Henriot,Paul,Medium,30,3,2020
1191,10400,58,125.99,6,7307.42,1252,Shipped,Vintage Cars,105,S18_3856,The Sharp Gifts Warehouse,4085553659,3086 Ingle Ln.,San Jose,94217,USA,Frick,Sue,Large,1,4,2020
1192,10415,51,121.75,5,6209.25,1215,Disputed,Vintage Cars,105,S18_3856,"Australian Collectables, Ltd",61-9-3844-6555,7 Allen Street,Glen Waverly,3150,Australia,Connery,Sean,Medium,9,5,2020
1193,10104,38,140.75,3,5348.5,2045,Shipped,Classic Cars,143,S18_4027,Euro Shopping Channel,(91) 555 94 44,"C/ Moralzarzal, 86",Madrid,28034,Spain,Freyre,Diego,Medium,31,1,2018
1194,10117,22,126.39,12,2780.58,1971,Shipped,Classic Cars,143,S18_4027,"Dragon Souveniers, Ltd.",+65 221 7555,"Bronz Sok., Bronz Apt. 3/6 Tesvikiye",Singapore,79903,Singapore,Natividad,Eric,Small,16,4,2018
1195,10127,25,137.88,5,3447.0,1924,Shipped,Classic Cars,143,S18_4027,Muscle Machine Inc,2125557413,4092 Furth Circle,NYC,10022,USA,Young,Jeff,Medium,3,6,2018
1196,10142,24,157.98,15,3791.52,1859,Shipped,Classic Cars,143,S18_4027,Mini Gifts Distributors Ltd.,4155551450,5677 Strong St.,San Rafael,97562,USA,Nelson,Valarie,Medium,8,8,2018
1197,10152,35,129.26,1,4524.1,1812,Shipped,Classic Cars,143,S18_4027,"Australian Gift Network, Co",61-7-3844-6555,31 Duncan St. West End,South Brisbane,4101,Australia,Calaghan,Tony,Medium,25,9,2018
1198,10165,28,119.2,6,3337.6,1786,Shipped,Classic Cars,143,S18_4027,"Dragon Souveniers, Ltd.",+65 221 7555,"Bronz Sok., Bronz Apt. 3/6 Tesvikiye",Singapore,79903,Singapore,Natividad,Eric,Medium,22,10,2018
1199,10176,36,153.67,5,5532.12,1772,Shipped,Classic Cars,143,S18_4027,L'ordine Souveniers,0522-556555,Strada Provinciale 124,Reggio Emilia,42100,Italy,Moroni,Maurizio,Medium,6,11,2018
1200,10185,39,130.69,16,5096.91,1765,Shipped,Classic Cars,143,S18_4027,Mini Creations Ltd.,5085559555,4575 Hillside Dr.,New Bedford,50553,USA,Tam,Wing C,Medium,14,11,2018
1201,10196,27,168.04,8,4537.08,1754,Shipped,Classic Cars,143,S18_4027,Super Scale Inc.,2035559545,567 North Pendale Street,New Haven,97823,USA,Murphy,Leslie,Medium,26,11,2018
1202,10207,40,153.67,1,6146.8,1742,Shipped,Classic Cars,143,S18_4027,Diecast Collectables,6175552555,6251 Ingle Ln.,Boston,51003,USA,Franco,Valarie,Medium,9,12,2018
1203,10220,50,165.16,5,8258.0,1678,Shipped,Classic Cars,143,S18_4027,"Clover Collections, Co.",+353 1862 1555,25 Maiden Lane,Dublin,2,Ireland,Cassidy,Dean,Large,12,2,2019
1204,10230,42,172.34,3,7238.28,1648,Shipped,Classic Cars,143,S18_4027,"Blauer See Auto, Co.",+49 69 66 90 2555,Lyonerstr. 34,Frankfurt,60528,Germany,Keitel,Roland,Large,15,3,2019
1205,10247,48,140.75,5,6756.0,1598,Shipped,Classic Cars,143,S18_4027,Suominen Souveniers,+358 9 8045 555,"Software Engineering Center, SEC Oy",Espoo,FIN-02271,Finland,Suominen,Kalle,Medium,5,5,2019
1206,10272,25,149.36,5,3734.0,1523,Shipped,Classic Cars,143,S18_4027,Diecast Classics Inc.,2155551555,7586 Pompton St.,Allentown,70267,USA,Yu,Kyung,Medium,20,7,2019
1207,10282,31,150.8,8,4674.8,1493,Shipped,Classic Cars,143,S18_4027,Mini Gifts Distributors Ltd.,4155551450,5677 Strong St.,San Rafael,97562,USA,Nelson,Valarie,Medium,20,8,2019
1208,10292,44,162.29,2,7140.76,1475,Shipped,Classic Cars,143,S18_4027,Land of Toys Inc.,2125557818,897 Long Airport Avenue,NYC,10022,USA,Yu,Kwai,Large,8,9,2019
1209,10306,23,156.55,16,3600.65,1440,Shipped,Classic Cars,143,S18_4027,"AV Stores, Co.",(171) 555-1555,Fauntleroy Circus,Manchester,EC2 5NT,UK,Ashworth,Victoria,Medium,14,10,2019
1210,10314,29,145.06,8,4206.74,1433,Shipped,Classic Cars,143,S18_4027,Heintze Collectables,86 21 3555,Smagsloget 45,Aaarhus,8200,Denmark,Ibsen,Palle,Medium,22,10,2019
1211,10324,49,109.79,13,5379.71,1420,Shipped,Classic Cars,143,S18_4027,Vitachrome Inc.,2125551500,2678 Kingston Rd.,NYC,10022,USA,Frick,Michael,Medium,5,11,2019
1212,10337,36,157.76,3,5679.36,1405,Shipped,Classic Cars,143,S18_4027,Classic Legends Inc.,2125558493,5905 Pompton St.,NYC,10022,USA,Hernandez,Maria,Medium,21,11,2019
1213,10349,34,129.26,5,4394.84,1396,Shipped,Classic Cars,143,S18_4027,Muscle Machine Inc,2125557413,4092 Furth Circle,NYC,10022,USA,Young,Jeff,Medium,1,12,2019
1214,10358,25,101.13,13,2528.25,1388,Shipped,Classic Cars,143,S18_4027,Euro Shopping Channel,(91) 555 94 44,"C/ Moralzarzal, 86",Madrid,28034,Spain,Freyre,Diego,Small,10,12,2019
1215,10372,48,146.49,6,7031.52,1342,Shipped,Classic Cars,143,S18_4027,"Tokyo Collectables, Ltd",+81 3 3584 0555,2-2-8 Roppongi,Minato-ku,106-0032,Japan,Shimamura,Akiko,Large,26,1,2020
1216,10383,38,140.55,1,5340.9,1316,Shipped,Classic Cars,143,S18_4027,Euro Shopping Channel,(91) 555 94 44,"C/ Moralzarzal, 86",Madrid,28034,Spain,Freyre,Diego,Medium,22,2,2020
1217,10394,37,172.34,1,6376.58,1295,Shipped,Classic Cars,143,S18_4027,Euro Shopping Channel,(91) 555 94 44,"C/ Moralzarzal, 86",Madrid,28034,Spain,Freyre,Diego,Medium,15,3,2020
1218,10413,49,140.75,5,6896.75,1245,Shipped,Classic Cars,143,S18_4027,Gift Depot Inc.,2035552570,25593 South Bay Ln.,Bridgewater,97562,USA,King,Julie,Medium,5,5,2020
1219,10100,22,86.51,4,1903.22,2096,Shipped,Vintage Cars,92,S18_4409,Online Diecast Creations Co.,6035558647,2304 Long Airport Avenue,Nashua,62005,USA,Young,Valarie,Small,6,1,2018
1220,10110,28,89.27,8,2499.56,2026,Shipped,Vintage Cars,92,S18_4409,"AV Stores, Co.",(171) 555-1555,Fauntleroy Circus,Manchester,EC2 5NT,UK,Ashworth,Victoria,Small,18,3,2018
1221,10124,36,85.59,7,3081.24,1963,Shipped,Vintage Cars,92,S18_4409,Signal Gift Stores,7025551838,8489 Strong St.,Las Vegas,83030,USA,King,Sue,Medium,21,5,2018
1222,10148,34,105.83,1,3598.22,1851,Shipped,Vintage Cars,92,S18_4409,"Anna's Decorations, Ltd",02 9936 8555,201 Miller Street,North Sydney,2060,Australia,O'Hara,Anna,Medium,11,9,2018
1223,10173,21,75.46,14,1584.66,1797,Shipped,Vintage Cars,92,S18_4409,Rovelli Gifts,035-640555,Via Ludovico il Moro 22,Bergamo,24100,Italy,Rovelli,Giovanni,Small,5,11,2018
1224,10182,36,109.52,11,3942.72,1791,Shipped,Vintage Cars,92,S18_4409,Mini Gifts Distributors Ltd.,4155551450,5677 Strong St.,San Rafael,97562,USA,Nelson,Valarie,Medium,12,11,2018
1225,10193,24,97.55,15,2341.2,1783,Shipped,Vintage Cars,92,S18_4409,"Australian Collectables, Ltd",61-9-3844-6555,7 Allen Street,Glen Waverly,3150,Australia,Connery,Sean,Small,21,11,2018
1226,10204,29,85.59,5,2482.11,1773,Shipped,Vintage Cars,92,S18_4409,Muscle Machine Inc,2125557413,4092 Furth Circle,NYC,10022,USA,Young,Jeff,Small,2,12,2018
1227,10213,38,94.79,1,3602.02,1723,Shipped,Vintage Cars,92,S18_4409,"Double Decker Gift Stores, Ltd",(171) 555-7555,120 Hanover Sq.,London,WA1 1DP,UK,Hardy,Thomas,Medium,22,1,2019
1228,10227,34,104.91,11,3566.94,1685,Shipped,Vintage Cars,92,S18_4409,"Saveley & Henriot, Co.",78.32.5555,"2, rue du Commerce",Lyon,69004,France,Saveley,Mary,Medium,2,3,2019
1229,10241,42,90.19,3,3787.98,1644,Shipped,Vintage Cars,92,S18_4409,Mini Caravy,88.60.1555,"24, place Kluber",Strasbourg,67000,France,Citeaux,Frederique,Medium,13,4,2019
1230,10280,35,105.83,17,3704.05,1519,Shipped,Vintage Cars,92,S18_4409,Amica Models & Co.,011-4988555,Via Monte Bianco 34,Torino,10100,Italy,Accorti,Paolo,Medium,17,8,2019
1231,10288,35,80.99,6,2834.65,1505,Shipped,Vintage Cars,92,S18_4409,Handji Gifts& Co,+65 224 1555,Village Close - 106 Linden Road Sandown,Singapore,69045,Singapore,Victorino,Wendy,Small,1,9,2019
1232,10302,38,89.27,2,3392.26,1836,Shipped,Vintage Cars,92,S18_4409,"UK Collectables, Ltd.",(171) 555-2282,Berkeley Gardens 12  Brewery,Liverpool,WX1 6LT,UK,Devon,Elizabeth,Medium,6,10,2018
1233,10311,41,81.91,1,3358.31,1462,Shipped,Vintage Cars,92,S18_4409,Euro Shopping Channel,(91) 555 94 44,"C/ Moralzarzal, 86",Madrid,28034,Spain,Freyre,Diego,Medium,16,10,2019
1234,10332,50,146.2,2,7310.0,1431,Shipped,Vintage Cars,92,S18_4409,"AV Stores, Co.",(171) 555-1555,Fauntleroy Circus,Manchester,EC2 5NT,UK,Ashworth,Victoria,Large,17,11,2019
1235,10344,21,104.91,4,2203.11,1424,Shipped,Vintage Cars,92,S18_4409,Marseille Mini Autos,91.24.4555,"12, rue des Bouchers",Marseille,13008,France,Lebihan,Laurence,Small,25,11,2019
1236,10367,43,62.72,8,2696.96,1377,Resolved,Vintage Cars,92,S18_4409,Toys4GrownUps.com,6265557265,78934 Hillside Dr.,Pasadena,90003,USA,Young,Julie,Small,12,1,2020
1237,10380,32,105.52,1,3376.64,1343,Shipped,Vintage Cars,92,S18_4409,Euro Shopping Channel,(91) 555 94 44,"C/ Moralzarzal, 86",Madrid,28034,Spain,Freyre,Diego,Medium,16,2,2020
1238,10407,6,90.19,3,541.14,1278,On Hold,Vintage Cars,92,S18_4409,The Sharp Gifts Warehouse,4085553659,3086 Ingle Ln.,San Jose,94217,USA,Frick,Sue,Small,22,4,2020
1239,10420,66,92.95,6,6134.7,1242,In Process,Vintage Cars,92,S18_4409,Souveniers And Things Co.,+61 2 9495 8555,"Monitor Money Building, 815 Pacific Hwy",Chatswood,2067,Australia,Huxley,Adrian,Medium,29,5,2020
1240,10105,41,82.5,10,3382.5,2081,Shipped,Vintage Cars,87,S18_4522,Danish Wholesale Imports,31 12 3555,Vinb'ltet 34,Kobenhavn,1734,Denmark,Petersen,Jytte,Medium,11,2,2018
1241,10117,23,97.42,4,2240.66,2018,Shipped,Vintage Cars,87,S18_4522,"Dragon Souveniers, Ltd.",+65 221 7555,"Bronz Sok., Bronz Apt. 3/6 Tesvikiye",Singapore,79903,Singapore,Natividad,Eric,Small,16,4,2018
1242,10128,43,92.16,1,3962.88,1968,Shipped,Vintage Cars,87,S18_4522,Euro Shopping Channel,(91) 555 94 44,"C/ Moralzarzal, 86",Madrid,28034,Spain,Freyre,Diego,Medium,6,6,2018
1243,10142,24,70.22,7,1685.28,1906,Shipped,Vintage Cars,87,S18_4522,Mini Gifts Distributors Ltd.,4155551450,5677 Strong St.,San Rafael,97562,USA,Nelson,Valarie,Small,8,8,2018
1244,10153,22,83.38,6,1834.36,1856,Shipped,Vintage Cars,87,S18_4522,Euro Shopping Channel,(91) 555 94 44,"C/ Moralzarzal, 86",Madrid,28034,Spain,Freyre,Diego,Small,28,9,2018
1245,10166,26,73.73,1,1916.98,1834,Shipped,Vintage Cars,87,S18_4522,FunGiftIdeas.com,5085552555,1785 First Street,New Bedford,50553,USA,Benitez,Violeta,Small,21,10,2018
1246,10177,35,74.6,8,2611.0,1818,Shipped,Vintage Cars,87,S18_4522,CAF Imports,+34 913 728 555,"Merchants House, 27-30 Merchant's Quay",Madrid,28023,Spain,Fernandez,Jesus,Small,7,11,2018
1247,10185,47,77.24,8,3630.28,1812,Shipped,Vintage Cars,87,S18_4522,Mini Creations Ltd.,5085559555,4575 Hillside Dr.,New Bedford,50553,USA,Tam,Wing C,Medium,14,11,2018
1248,10197,50,101.81,14,5090.5,1801,Shipped,Vintage Cars,87,S18_4522,Enaco Distributors,(93) 203 4555,"Rambla de Catalu¤a, 23",Barcelona,8022,Spain,Saavedra,Eduardo,Medium,26,11,2018
1249,10208,45,87.77,8,3949.65,1765,Shipped,Vintage Cars,87,S18_4522,"Saveley & Henriot, Co.",78.32.5555,"2, rue du Commerce",Lyon,69004,France,Saveley,Mary,Medium,2,1,2019
1250,10221,39,89.53,2,3491.67,1719,Shipped,Vintage Cars,87,S18_4522,Petit Auto,(02) 5554 67,Rue Joseph-Bens 532,Bruxelles,B-1180,Belgium,Dewey,Catherine,Medium,18,2,2019
1251,10232,23,89.53,5,2059.19,1690,Shipped,Vintage Cars,87,S18_4522,giftsbymail.co.uk,(198) 555-8888,Garden House Crowther Way,Cowes,PO31 7PJ,UK,Bennett,Helen,Small,20,3,2019
1252,10248,42,75.48,11,3170.16,1643,Cancelled,Vintage Cars,87,S18_4522,Land of Toys Inc.,2125557818,897 Long Airport Avenue,NYC,10022,USA,Yu,Kwai,Medium,7,5,2019
1253,10261,20,89.53,9,1790.6,1603,Shipped,Vintage Cars,87,S18_4522,Quebec Home Shopping Network,(514) 555-8054,43 rue St. Laurent,Montreal,H1J 1C3,Canada,Fresnisre,Jean,Small,17,6,2019
1254,10273,33,71.09,12,2345.97,1570,Shipped,Vintage Cars,87,S18_4522,Petit Auto,(02) 5554 67,Rue Joseph-Bens 532,Bruxelles,B-1180,Belgium,Dewey,Catherine,Small,21,7,2019
1255,10283,34,105.32,14,3580.88,1541,Shipped,Vintage Cars,87,S18_4522,"Royal Canadian Collectables, Ltd.",(604) 555-4555,23 Tsawassen Blvd.,Tsawassen,T2F 8M4,Canada,Lincoln,Elizabeth,Medium,20,8,2019
1256,10293,49,100.94,3,4946.06,1522,Shipped,Vintage Cars,87,S18_4522,Amica Models & Co.,011-4988555,Via Monte Bianco 34,Torino,10100,Italy,Accorti,Paolo,Medium,9,9,2019
1257,10306,39,90.4,8,3525.6,1488,Shipped,Vintage Cars,87,S18_4522,"AV Stores, Co.",(171) 555-1555,Fauntleroy Circus,Manchester,EC2 5NT,UK,Ashworth,Victoria,Medium,14,10,2019
1258,10315,36,100.06,7,3602.16,1474,Shipped,Vintage Cars,87,S18_4522,La Rochelle Gifts,40.67.8555,"67, rue des Cinquante Otages",Nantes,44000,France,Labrune,Janine,Medium,29,10,2019
1259,10326,50,86.01,5,4300.5,1464,Shipped,Vintage Cars,87,S18_4522,"Volvo Model Replicas, Co",0921-12 3555,Berguvsvgen  8,Lule,S-958 22,Sweden,Berglund,Christina,Medium,9,11,2019
1260,10337,29,155.11,2,4498.19,1453,Shipped,Vintage Cars,87,S18_4522,Classic Legends Inc.,2125558493,5905 Pompton St.,NYC,10022,USA,Hernandez,Maria,Medium,21,11,2019
1261,10350,30,100.77,3,3023.1,1443,Shipped,Vintage Cars,87,S18_4522,Euro Shopping Channel,(91) 555 94 44,"C/ Moralzarzal, 86",Madrid,28034,Spain,Freyre,Diego,Medium,2,12,2019
1262,10372,41,86.89,7,3562.49,1389,Shipped,Vintage Cars,87,S18_4522,"Tokyo Collectables, Ltd",+81 3 3584 0555,2-2-8 Roppongi,Minato-ku,106-0032,Japan,Shimamura,Akiko,Medium,26,1,2020
1263,10383,28,58.58,7,1640.24,1363,Shipped,Vintage Cars,87,S18_4522,Euro Shopping Channel,(91) 555 94 44,"C/ Moralzarzal, 86",Madrid,28034,Spain,Freyre,Diego,Small,22,2,2020
1264,10396,45,105.32,5,4739.4,1334,Shipped,Vintage Cars,87,S18_4522,Mini Gifts Distributors Ltd.,4155551450,5677 Strong St.,San Rafael,97562,USA,Nelson,Valarie,Medium,23,3,2020
1265,10414,16,75.48,11,1207.68,1291,On Hold,Vintage Cars,87,S18_4522,Gifts4AllAges.com,6175559555,8616 Spinnaker Dr.,Boston,51003,USA,Yoshido,Juri,Small,6,5,2020
1266,10103,36,117.45,5,4228.2,2120,Shipped,Trucks and Buses,121,S18_4600,Baane Mini Imports,07-98 9555,Erling Skakkes gate 78,Stavern,4110,Norway,Bergulfsen,Jonas,Medium,29,1,2018
1267,10114,41,117.45,9,4815.45,2059,Shipped,Trucks and Buses,121,S18_4600,"La Corne D'abondance, Co.",(1) 42.34.2555,"265, boulevard Charonne",Paris,75012,France,Bertrand,Marie,Medium,1,4,2018
1268,10126,50,141.66,5,7083.0,2003,Shipped,Trucks and Buses,121,S18_4600,"Corrida Auto Replicas, Ltd",(91) 555 22 82,"C/ Araquil, 67",Madrid,28023,Spain,Sommer,Mart¡n,Large,28,5,2018
1269,10140,40,115.03,5,4601.2,1947,Shipped,Trucks and Buses,121,S18_4600,Technics Stores Inc.,6505556809,9408 Furth Circle,Burlingame,94217,USA,Hirano,Juri,Medium,24,7,2018
1270,10150,49,131.98,2,6467.02,1891,Shipped,Trucks and Buses,121,S18_4600,"Dragon Souveniers, Ltd.",+65 221 7555,"Bronz Sok., Bronz Apt. 3/6 Tesvikiye",Singapore,79903,Singapore,Natividad,Eric,Medium,19,9,2018
1271,10164,45,111.39,3,5012.55,1860,Resolved,Trucks and Buses,121,S18_4600,Mini Auto Werke,7675-3555,Kirchgasse 6,Graz,8010,Austria,Mendel,Roland,Medium,21,10,2018
1272,10175,47,108.97,10,5121.59,1845,Shipped,Trucks and Buses,121,S18_4600,"Stylish Desk Decors, Co.",(171) 555-0297,35 King George,London,WX3 6FW,UK,Brown,Ann,Medium,6,11,2018
1273,10183,21,116.24,2,2441.04,1839,Shipped,Trucks and Buses,121,S18_4600,"Classic Gift Ideas, Inc",2155554695,782 First Street,Philadelphia,71270,USA,Cervantes,Francisca,Small,13,11,2018
1274,10194,32,133.19,5,4262.08,1828,Shipped,Trucks and Buses,121,S18_4600,"Saveley & Henriot, Co.",78.32.5555,"2, rue du Commerce",Lyon,69004,France,Saveley,Mary,Medium,25,11,2018
1275,10207,47,141.66,16,6658.02,1815,Shipped,Trucks and Buses,121,S18_4600,Diecast Collectables,6175552555,6251 Ingle Ln.,Boston,51003,USA,Franco,Valarie,Medium,9,12,2018
1276,10217,38,118.66,5,4509.08,1759,Shipped,Trucks and Buses,121,S18_4600,Handji Gifts& Co,+65 224 1555,Village Close - 106 Linden Road Sandown,Singapore,69045,Singapore,Victorino,Wendy,Medium,4,2,2019
1277,10229,41,115.03,10,4716.23,1725,Shipped,Trucks and Buses,121,S18_4600,Mini Gifts Distributors Ltd.,4155551450,5677 Strong St.,San Rafael,97562,USA,Nelson,Valarie,Medium,11,3,2019
1278,10245,21,113.82,3,2390.22,1672,Shipped,Trucks and Buses,121,S18_4600,Super Scale Inc.,2035559545,567 North Pendale Street,New Haven,97823,USA,Murphy,Leslie,Small,4,5,2019
1279,10259,41,113.82,13,4666.62,1631,Shipped,Trucks and Buses,121,S18_4600,Handji Gifts& Co,+65 224 1555,Village Close - 106 Linden Road Sandown,Singapore,69045,Singapore,Victorino,Wendy,Medium,15,6,2019
1280,10270,38,141.66,3,5383.08,1598,Shipped,Trucks and Buses,121,S18_4600,Souveniers And Things Co.,+61 2 9495 8555,"Monitor Money Building, 815 Pacific Hwy",Chatswood,2067,Australia,Huxley,Adrian,Medium,19,7,2019
1281,10281,25,99.29,10,2482.25,1568,Shipped,Trucks and Buses,121,S18_4600,Diecast Classics Inc.,2155551555,7586 Pompton St.,Allentown,70267,USA,Yu,Kyung,Small,19,8,2019
1282,10291,48,110.18,5,5288.64,1549,Shipped,Trucks and Buses,121,S18_4600,Scandinavian Gift Ideas,0695-34 6555,?kergatan 24,Boras,S-844 67,Sweden,Larsson,Maria,Medium,8,9,2019
1283,10305,22,99.29,14,2184.38,1515,Shipped,Trucks and Buses,121,S18_4600,Marta's Replicas Co.,6175558555,39323 Spinnaker Dr.,Cambridge,51247,USA,Hernandez,Marta,Small,13,10,2019
1284,10313,28,102.92,8,2881.76,1507,Shipped,Trucks and Buses,121,S18_4600,Canadian Gift Exchange Network,(604) 555-3392,1900 Oak St.,Vancouver,V3F 2K1,Canada,Tannamuri,Yoshi,Small,22,10,2019
1285,10323,47,131.98,1,6203.06,1494,Shipped,Trucks and Buses,121,S18_4600,"Blauer See Auto, Co.",+49 69 66 90 2555,Lyonerstr. 34,Frankfurt,60528,Germany,Keitel,Roland,Medium,5,11,2019
1286,10334,49,138.03,4,6763.47,1481,On Hold,Trucks and Buses,121,S18_4600,"Volvo Model Replicas, Co",0921-12 3555,Berguvsvgen  8,Lule,S-958 22,Sweden,Berglund,Christina,Medium,19,11,2019
1287,10347,45,130.77,4,5884.65,1472,Shipped,Trucks and Buses,121,S18_4600,"Australian Collectors, Co.",03 9520 4555,636 St Kilda Road,Melbourne,3004,Australia,Ferguson,Peter,Medium,29,11,2019
1288,10357,28,127.13,2,3559.64,1462,Shipped,Trucks and Buses,121,S18_4600,Mini Gifts Distributors Ltd.,4155551450,5677 Strong St.,San Rafael,97562,USA,Nelson,Valarie,Medium,10,12,2019
1289,10370,29,57.53,6,1668.37,1422,Shipped,Trucks and Buses,121,S18_4600,"Anna's Decorations, Ltd",02 9936 8555,201 Miller Street,North Sydney,2060,Australia,O'Hara,Anna,Small,20,1,2020
1290,10382,39,125.4,1,4890.6,1395,Shipped,Trucks and Buses,121,S18_4600,Mini Gifts Distributors Ltd.,4155551450,5677 Strong St.,San Rafael,97562,USA,Nelson,Valarie,Medium,17,2,2020
1291,10411,46,113.82,3,5235.72,1322,Shipped,Trucks and Buses,121,S18_4600,Quebec Home Shopping Network,(514) 555-8054,43 rue St. Laurent,Montreal,H1J 1C3,Canada,Fresnisre,Jean,Medium,1,5,2020
1292,10425,38,113.82,13,4325.16,1293,In Process,Trucks and Buses,121,S18_4600,La Rochelle Gifts,40.67.8555,"67, rue des Cinquante Otages",Nantes,44000,France,Labrune,Janine,Medium,31,5,2020
1293,10103,41,47.29,9,1938.89,2147,Shipped,Vintage Cars,50,S18_4668,Baane Mini Imports,07-98 9555,Erling Skakkes gate 78,Stavern,4110,Norway,Bergulfsen,Jonas,Small,29,1,2018
1294,10113,50,49.81,3,2490.5,2092,Shipped,Vintage Cars,50,S18_4668,Mini Gifts Distributors Ltd.,4155551450,5677 Strong St.,San Rafael,97562,USA,Nelson,Valarie,Small,26,3,2018
1295,10126,43,53.83,9,2314.69,2030,Shipped,Vintage Cars,50,S18_4668,"Corrida Auto Replicas, Ltd",(91) 555 22 82,"C/ Araquil, 67",Madrid,28023,Spain,Sommer,Mart¡n,Small,28,5,2018
1296,10140,29,43.27,9,1254.83,1974,Shipped,Vintage Cars,50,S18_4668,Technics Stores Inc.,6505556809,9408 Furth Circle,Burlingame,94217,USA,Hirano,Juri,Small,24,7,2018
1297,10150,30,42.76,6,1282.8,1918,Shipped,Vintage Cars,50,S18_4668,"Dragon Souveniers, Ltd.",+65 221 7555,"Bronz Sok., Bronz Apt. 3/6 Tesvikiye",Singapore,79903,Singapore,Natividad,Eric,Small,19,9,2018
1298,10164,25,53.83,7,1345.75,1887,Resolved,Vintage Cars,50,S18_4668,Mini Auto Werke,7675-3555,Kirchgasse 6,Graz,8010,Austria,Mendel,Roland,Small,21,10,2018
1299,10174,49,44.78,2,2194.22,1872,Shipped,Vintage Cars,50,S18_4668,"Australian Gift Network, Co",61-7-3844-6555,31 Duncan St. West End,South Brisbane,4101,Australia,Calaghan,Tony,Small,6,11,2018
1300,10183,40,49.3,6,1972.0,1866,Shipped,Vintage Cars,50,S18_4668,"Classic Gift Ideas, Inc",2155554695,782 First Street,Philadelphia,71270,USA,Cervantes,Francisca,Small,13,11,2018
1301,10194,41,44.78,9,1835.98,1855,Shipped,Vintage Cars,50,S18_4668,"Saveley & Henriot, Co.",78.32.5555,"2, rue du Commerce",Lyon,69004,France,Saveley,Mary,Small,25,11,2018
1302,10206,21,53.33,4,1119.93,1846,Shipped,Vintage Cars,50,S18_4668,Canadian Gift Exchange Network,(604) 555-3392,1900 Oak St.,Vancouver,V3F 2K1,Canada,Tannamuri,Yoshi,Small,5,12,2018
1303,10215,46,45.28,1,2082.88,1792,Shipped,Vintage Cars,50,S18_4668,West Coast Collectables Co.,3105553722,3675 Furth Circle,Burbank,94019,USA,Thompson,Steve,Small,29,1,2019
1304,10229,39,40.25,14,1569.75,1752,Shipped,Vintage Cars,50,S18_4668,Mini Gifts Distributors Ltd.,4155551450,5677 Strong St.,San Rafael,97562,USA,Nelson,Valarie,Small,11,3,2019
1305,10245,45,59.87,7,2694.15,1699,Shipped,Vintage Cars,50,S18_4668,Super Scale Inc.,2035559545,567 North Pendale Street,New Haven,97823,USA,Murphy,Leslie,Small,4,5,2019
1306,10258,21,59.87,4,1257.27,1658,Shipped,Vintage Cars,50,S18_4668,"Tokyo Collectables, Ltd",+81 3 3584 0555,2-2-8 Roppongi,Minato-ku,106-0032,Japan,Shimamura,Akiko,Small,15,6,2019
1307,10270,44,58.36,7,2567.84,1625,Shipped,Vintage Cars,50,S18_4668,Souveniers And Things Co.,+61 2 9495 8555,"Monitor Money Building, 815 Pacific Hwy",Chatswood,2067,Australia,Huxley,Adrian,Small,19,7,2019
1308,10281,44,59.87,14,2634.28,1595,Shipped,Vintage Cars,50,S18_4668,Diecast Classics Inc.,2155551555,7586 Pompton St.,Allentown,70267,USA,Yu,Kyung,Small,19,8,2019
1309,10291,29,51.82,9,1502.78,1576,Shipped,Vintage Cars,50,S18_4668,Scandinavian Gift Ideas,0695-34 6555,?kergatan 24,Boras,S-844 67,Sweden,Larsson,Maria,Small,8,9,2019
1310,10304,34,49.3,4,1676.2,1544,Shipped,Vintage Cars,50,S18_4668,Auto Assoc. & Cie.,30.59.8555,"67, avenue de l'Europe",Versailles,78000,France,Tonini,Daniel,Small,11,10,2019
1311,10312,39,56.85,1,2217.15,1535,Shipped,Vintage Cars,50,S18_4668,Mini Gifts Distributors Ltd.,4155551450,5677 Strong St.,San Rafael,97562,USA,Nelson,Valarie,Small,21,10,2019
1312,10324,38,179.79,6,6832.02,1521,Shipped,Vintage Cars,50,S18_4668,Vitachrome Inc.,2125551500,2678 Kingston Rd.,NYC,10022,USA,Frick,Michael,Medium,5,11,2019
1313,10348,29,245.2,6,7110.8,1526,Shipped,Vintage Cars,50,S18_4668,"Corrida Auto Replicas, Ltd",(91) 555 22 82,"C/ Araquil, 67",Madrid,28023,Spain,Sommer,Mart¡n,Large,1,11,2019
1314,10358,30,176.76,8,5302.8,1488,Shipped,Vintage Cars,50,S18_4668,Euro Shopping Channel,(91) 555 94 44,"C/ Moralzarzal, 86",Madrid,28034,Spain,Freyre,Diego,Medium,10,12,2019
1315,10370,20,136.5,2,2730.0,1448,Shipped,Vintage Cars,50,S18_4668,"Anna's Decorations, Ltd",02 9936 8555,201 Miller Street,North Sydney,2060,Australia,O'Hara,Anna,Small,20,1,2020
1316,10382,39,200.7,2,7827.3,1421,Shipped,Vintage Cars,50,S18_4668,Mini Gifts Distributors Ltd.,4155551450,5677 Strong St.,San Rafael,97562,USA,Nelson,Valarie,Large,17,2,2020
1317,10411,35,59.87,7,2095.45,1348,Shipped,Vintage Cars,50,S18_4668,Quebec Home Shopping Network,(514) 555-8054,43 rue St. Laurent,Montreal,H1J 1C3,Canada,Fresnisre,Jean,Small,1,5,2020
1318,10424,26,59.87,4,1556.62,1319,In Process,Vintage Cars,50,S18_4668,Euro Shopping Channel,(91) 555 94 44,"C/ Moralzarzal, 86",Madrid,28034,Spain,Freyre,Diego,Small,31,5,2020
1319,10108,44,126.48,11,5565.12,2140,Shipped,Classic Cars,148,S18_4721,Cruz & Sons Co.,+63 2 555 3587,15 McCallum Street - NatWest Center #13-03,Makati City,1227 MM,Philippines,Cruz,Arnold,Medium,3,3,2018
1320,10122,28,127.97,15,3583.16,2075,Shipped,Classic Cars,148,S18_4721,Marseille Mini Autos,91.24.4555,"12, rue des Bouchers",Marseille,13008,France,Lebihan,Laurence,Medium,8,5,2018
1321,10135,31,151.78,12,4705.18,2021,Shipped,Classic Cars,148,S18_4721,Mini Gifts Distributors Ltd.,4155551450,5677 Strong St.,San Rafael,97562,USA,Nelson,Valarie,Medium,2,7,2018
1322,10146,29,153.26,1,4444.54,1959,Shipped,Classic Cars,148,S18_4721,Gift Ideas Corp.,2035554407,2440 Pompton St.,Glendale,97561,USA,Lewis,Dan,Medium,3,9,2018
1323,10169,33,148.8,7,4910.4,1898,Shipped,Classic Cars,148,S18_4721,"Anna's Decorations, Ltd",02 9936 8555,201 Miller Street,North Sydney,2060,Australia,O'Hara,Anna,Medium,4,11,2018
1324,10180,44,126.48,2,5565.12,1892,Shipped,Classic Cars,148,S18_4721,Daedalus Designs Imports,20.16.1555,"184, chausse de Tournai",Lille,59000,France,Rance,Martine,Medium,11,11,2018
1325,10191,32,132.43,8,4237.76,1884,Shipped,Classic Cars,148,S18_4721,"Toms Spezialitten, Ltd",0221-5554327,Mehrheimerstr. 369,Koln,50739,Germany,Pfalzheim,Henriette,Medium,20,11,2018
1326,10211,41,138.38,7,5673.58,1829,Shipped,Classic Cars,148,S18_4721,Auto Canal Petit,(1) 47.55.6555,"25, rue Lauriston",Paris,75016,France,Perrier,Dominique,Medium,15,1,2019
1327,10225,35,150.29,14,5260.15,1792,Shipped,Classic Cars,148,S18_4721,"Vida Sport, Ltd",0897-034555,Grenzacherweg 237,Gensve,1203,Switzerland,Holz,Michael,Medium,22,2,2019
1328,10238,44,144.34,8,6350.96,1747,Shipped,Classic Cars,148,S18_4721,Danish Wholesale Imports,31 12 3555,Vinb'ltet 34,Kobenhavn,1734,Denmark,Petersen,Jytte,Medium,9,4,2019
1329,10252,26,136.9,4,3559.4,1701,Shipped,Classic Cars,148,S18_4721,Auto Canal Petit,(1) 47.55.6555,"25, rue Lauriston",Paris,75016,France,Perrier,Dominique,Medium,26,5,2019
1330,10264,20,120.53,2,2410.6,1667,Shipped,Classic Cars,148,S18_4721,Gifts4AllAges.com,6175559555,8616 Spinnaker Dr.,Boston,51003,USA,Yoshido,Juri,Small,30,6,2019
1331,10276,48,119.04,8,5713.92,1635,Shipped,Classic Cars,148,S18_4721,Online Mini Collectables,6175557555,7635 Spinnaker Dr.,Brickhaven,58339,USA,Barajas,Miguel,Medium,2,8,2019
1332,10287,34,126.48,17,4300.32,1608,Shipped,Classic Cars,148,S18_4721,"Vida Sport, Ltd",0897-034555,Grenzacherweg 237,Gensve,1203,Switzerland,Holz,Michael,Medium,30,8,2019
1333,10299,49,162.19,2,7947.31,1578,Shipped,Classic Cars,148,S18_4721,"Toys of Finland, Co.",90-224 8555,Keskuskatu 45,Helsinki,21240,Finland,Karttunen,Matti,Large,30,9,2019
1334,10310,40,133.92,15,5356.8,1563,Shipped,Classic Cars,148,S18_4721,"Toms Spezialitten, Ltd",0221-5554327,Mehrheimerstr. 369,Koln,50739,Germany,Pfalzheim,Henriette,Medium,16,10,2019
1335,10319,45,175.58,3,7901.1,1546,Shipped,Classic Cars,148,S18_4721,Microscale Inc.,2125551957,5290 North Pendale Street,NYC,10022,USA,Kuo,Kee,Large,3,11,2019
1336,10330,50,122.02,4,6101.0,1534,Shipped,Classic Cars,148,S18_4721,Cruz & Sons Co.,+63 2 555 3587,15 McCallum Street - NatWest Center #13-03,Makati City,1227 MM,Philippines,Cruz,Arnold,Medium,16,11,2019
1337,10342,38,165.17,11,6276.46,1527,Shipped,Classic Cars,148,S18_4721,"Australian Collectors, Co.",03 9520 4555,636 St Kilda Road,Melbourne,3004,Australia,Ferguson,Peter,Medium,24,11,2019
1338,10355,25,168.14,2,4203.5,1515,Shipped,Classic Cars,148,S18_4721,Euro Shopping Channel,(91) 555 94 44,"C/ Moralzarzal, 86",Madrid,28034,Spain,Freyre,Diego,Medium,7,12,2019
1339,10363,28,58.18,13,1629.04,1486,Shipped,Classic Cars,148,S18_4721,Suominen Souveniers,+358 9 8045 555,"Software Engineering Center, SEC Oy",Espoo,FIN-02271,Finland,Suominen,Kalle,Small,6,1,2020
1340,10378,49,67.14,8,3289.86,1452,Shipped,Classic Cars,148,S18_4721,Euro Shopping Channel,(91) 555 94 44,"C/ Moralzarzal, 86",Madrid,28034,Spain,Freyre,Diego,Medium,10,2,2020
1341,10390,49,140.06,3,6862.94,1430,Shipped,Classic Cars,148,S18_4721,Mini Gifts Distributors Ltd.,4155551450,5677 Strong St.,San Rafael,97562,USA,Nelson,Valarie,Medium,4,3,2020
1342,10110,42,61.29,9,2574.18,2148,Shipped,Classic Cars,71,S18_4933,"AV Stores, Co.",(171) 555-1555,Fauntleroy Circus,Manchester,EC2 5NT,UK,Ashworth,Victoria,Small,18,3,2018
1343,10124,23,57.73,8,1327.79,2085,Shipped,Classic Cars,71,S18_4933,Signal Gift Stores,7025551838,8489 Strong St.,Las Vegas,83030,USA,King,Sue,Small,21,5,2018
1344,10148,29,81.25,2,2356.25,1973,Shipped,Classic Cars,71,S18_4933,"Anna's Decorations, Ltd",02 9936 8555,201 Miller Street,North Sydney,2060,Australia,O'Hara,Anna,Small,11,9,2018
1345,10161,25,80.54,1,2013.5,1938,Shipped,Classic Cars,71,S18_4933,Heintze Collectables,86 21 3555,Smagsloget 45,Aaarhus,8200,Denmark,Ibsen,Palle,Small,17,10,2018
1346,10173,39,71.98,15,2807.22,1920,Shipped,Classic Cars,71,S18_4933,Rovelli Gifts,035-640555,Via Ludovico il Moro 22,Bergamo,24100,Italy,Rovelli,Giovanni,Small,5,11,2018
1347,10182,44,69.84,12,3072.96,1914,Shipped,Classic Cars,71,S18_4933,Mini Gifts Distributors Ltd.,4155551450,5677 Strong St.,San Rafael,97562,USA,Nelson,Valarie,Medium,12,11,2018
1348,10193,25,76.26,16,1906.5,1906,Shipped,Classic Cars,71,S18_4933,"Australian Collectables, Ltd",61-9-3844-6555,7 Allen Street,Glen Waverly,3150,Australia,Connery,Sean,Small,21,11,2018
1349,10204,45,76.26,6,3431.7,1896,Shipped,Classic Cars,71,S18_4933,Muscle Machine Inc,2125557413,4092 Furth Circle,NYC,10022,USA,Young,Jeff,Medium,2,12,2018
1350,10213,25,83.39,2,2084.75,1846,Shipped,Classic Cars,71,S18_4933,"Double Decker Gift Stores, Ltd",(171) 555-7555,120 Hanover Sq.,London,WA1 1DP,UK,Hardy,Thomas,Small,22,1,2019
1351,10227,37,57.73,12,2136.01,1808,Shipped,Classic Cars,71,S18_4933,"Saveley & Henriot, Co.",78.32.5555,"2, rue du Commerce",Lyon,69004,France,Saveley,Mary,Small,2,3,2019
1352,10241,30,66.99,4,2009.7,1767,Shipped,Classic Cars,71,S18_4933,Mini Caravy,88.60.1555,"24, place Kluber",Strasbourg,67000,France,Citeaux,Frederique,Small,13,4,2019
1353,10267,36,75.55,1,2719.8,1683,Shipped,Classic Cars,71,S18_4933,Muscle Machine Inc,2125557413,4092 Furth Circle,NYC,10022,USA,Young,Jeff,Small,7,7,2019
1354,10279,26,60.58,1,1575.08,1651,Shipped,Classic Cars,71,S18_4933,Euro Shopping Channel,(91) 555 94 44,"C/ Moralzarzal, 86",Madrid,28034,Spain,Freyre,Diego,Small,9,8,2019
1355,10288,23,73.41,7,1688.43,1629,Shipped,Classic Cars,71,S18_4933,Handji Gifts& Co,+65 224 1555,Village Close - 106 Linden Road Sandown,Singapore,69045,Singapore,Victorino,Wendy,Small,1,9,2019
1356,10302,23,72.7,3,1672.1,1960,Shipped,Classic Cars,71,S18_4933,"UK Collectables, Ltd.",(171) 555-2282,Berkeley Gardens 12  Brewery,Liverpool,WX1 6LT,UK,Devon,Elizabeth,Small,6,10,2018
1357,10311,25,66.99,2,1674.75,1586,Shipped,Classic Cars,71,S18_4933,Euro Shopping Channel,(91) 555 94 44,"C/ Moralzarzal, 86",Madrid,28034,Spain,Freyre,Diego,Small,16,10,2019
1358,10332,21,165.38,3,3472.98,1555,Shipped,Classic Cars,71,S18_4933,"AV Stores, Co.",(171) 555-1555,Fauntleroy Circus,Manchester,EC2 5NT,UK,Ashworth,Victoria,Medium,17,11,2019
1359,10344,26,63.43,5,1649.18,1548,Shipped,Classic Cars,71,S18_4933,Marseille Mini Autos,91.24.4555,"12, rue des Bouchers",Marseille,13008,France,Lebihan,Laurence,Small,25,11,2019
1360,10367,44,85.25,9,3751.0,1501,Resolved,Classic Cars,71,S18_4933,Toys4GrownUps.com,6265557265,78934 Hillside Dr.,Pasadena,90003,USA,Young,Julie,Medium,12,1,2020
1361,10380,24,189.0,2,4536.0,1467,Shipped,Classic Cars,71,S18_4933,Euro Shopping Channel,(91) 555 94 44,"C/ Moralzarzal, 86",Madrid,28034,Spain,Freyre,Diego,Medium,16,2,2020
1362,10407,66,66.99,4,4421.34,1402,On Hold,Classic Cars,71,S18_4933,The Sharp Gifts Warehouse,4085553659,3086 Ingle Ln.,San Jose,94217,USA,Frick,Sue,Medium,22,4,2020
1363,10420,36,57.73,7,2078.28,1366,In Process,Classic Cars,71,S18_4933,Souveniers And Things Co.,+61 2 9495 8555,"Monitor Money Building, 815 Pacific Hwy",Chatswood,2067,Australia,Huxley,Adrian,Small,29,5,2020
1364,10110,36,85.25,13,3069.0,2170,Shipped,Classic Cars,73,S24_1046,"AV Stores, Co.",(171) 555-1555,Fauntleroy Circus,Manchester,EC2 5NT,UK,Ashworth,Victoria,Medium,18,3,2018
1365,10124,22,77.9,12,1713.8,2107,Shipped,Classic Cars,73,S24_1046,Signal Gift Stores,7025551838,8489 Strong St.,Las Vegas,83030,USA,King,Sue,Small,21,5,2018
1366,10148,25,60.26,6,1506.5,1995,Shipped,Classic Cars,73,S24_1046,"Anna's Decorations, Ltd",02 9936 8555,201 Miller Street,North Sydney,2060,Australia,O'Hara,Anna,Small,11,9,2018
1367,10161,37,72.76,5,2692.12,1960,Shipped,Classic Cars,73,S24_1046,Heintze Collectables,86 21 3555,Smagsloget 45,Aaarhus,8200,Denmark,Ibsen,Palle,Small,17,10,2018
1368,10172,32,75.69,3,2422.08,1942,Shipped,Classic Cars,73,S24_1046,Gift Depot Inc.,2035552570,25593 South Bay Ln.,Bridgewater,97562,USA,King,Julie,Small,5,11,2018
1369,10182,47,74.22,16,3488.34,1936,Shipped,Classic Cars,73,S24_1046,Mini Gifts Distributors Ltd.,4155551450,5677 Strong St.,San Rafael,97562,USA,Nelson,Valarie,Medium,12,11,2018
1370,10192,37,69.82,4,2583.34,1929,Shipped,Classic Cars,73,S24_1046,Online Diecast Creations Co.,6035558647,2304 Long Airport Avenue,Nashua,62005,USA,Young,Valarie,Small,20,11,2018
1371,10204,20,62.47,10,1249.4,1918,Shipped,Classic Cars,73,S24_1046,Muscle Machine Inc,2125557413,4092 Furth Circle,NYC,10022,USA,Young,Jeff,Small,2,12,2018
1372,10212,41,82.31,3,3374.71,1874,Shipped,Classic Cars,73,S24_1046,Euro Shopping Channel,(91) 555 94 44,"C/ Moralzarzal, 86",Madrid,28034,Spain,Freyre,Diego,Medium,16,1,2019
1373,10226,21,60.26,1,1265.46,1834,Shipped,Classic Cars,73,S24_1046,Collectable Mini Designs Co.,7605558146,361 Furth Circle,San Diego,91217,USA,Thompson,Valarie,Small,26,2,2019
1374,10241,22,76.43,8,1681.46,1789,Shipped,Classic Cars,73,S24_1046,Mini Caravy,88.60.1555,"24, place Kluber",Strasbourg,67000,France,Citeaux,Frederique,Small,13,4,2019
1375,10267,40,80.1,5,3204.0,1705,Shipped,Classic Cars,73,S24_1046,Muscle Machine Inc,2125557413,4092 Furth Circle,NYC,10022,USA,Young,Jeff,Medium,7,7,2019
1376,10279,32,74.96,5,2398.72,1673,Shipped,Classic Cars,73,S24_1046,Euro Shopping Channel,(91) 555 94 44,"C/ Moralzarzal, 86",Madrid,28034,Spain,Freyre,Diego,Small,9,8,2019
1377,10288,36,66.14,11,2381.04,1651,Shipped,Classic Cars,73,S24_1046,Handji Gifts& Co,+65 224 1555,Village Close - 106 Linden Road Sandown,Singapore,69045,Singapore,Victorino,Wendy,Small,1,9,2019
1378,10301,27,72.02,1,1944.54,1983,Shipped,Classic Cars,73,S24_1046,"Norway Gifts By Mail, Co.",+47 2212 1555,"Drammensveien 126 A, PB 744 Sentrum",Oslo,N 0106,Norway,Klaeboe,Jan,Small,5,10,2018
1379,10311,26,87.45,6,2273.7,1608,Shipped,Classic Cars,73,S24_1046,Euro Shopping Channel,(91) 555 94 44,"C/ Moralzarzal, 86",Madrid,28034,Spain,Freyre,Diego,Small,16,10,2019
1380,10321,30,70.55,3,2116.5,1590,Shipped,Classic Cars,73,S24_1046,FunGiftIdeas.com,5085552555,1785 First Street,New Bedford,50553,USA,Benitez,Violeta,Small,4,11,2019
1381,10332,23,56.84,4,1307.32,1578,Shipped,Classic Cars,73,S24_1046,"AV Stores, Co.",(171) 555-1555,Fauntleroy Circus,Manchester,EC2 5NT,UK,Ashworth,Victoria,Small,17,11,2019
1382,10344,29,59.53,7,1726.37,1571,Shipped,Classic Cars,73,S24_1046,Marseille Mini Autos,91.24.4555,"12, rue des Bouchers",Marseille,13008,France,Lebihan,Laurence,Small,25,11,2019
1383,10367,21,60.37,10,1267.77,1524,Resolved,Classic Cars,73,S24_1046,Toys4GrownUps.com,6265557265,78934 Hillside Dr.,Pasadena,90003,USA,Young,Julie,Small,12,1,2020
1384,10380,34,101.23,3,3441.82,1490,Shipped,Classic Cars,73,S24_1046,Euro Shopping Channel,(91) 555 94 44,"C/ Moralzarzal, 86",Madrid,28034,Spain,Freyre,Diego,Medium,16,2,2020
1385,10407,26,76.43,8,1987.18,1425,On Hold,Classic Cars,73,S24_1046,The Sharp Gifts Warehouse,4085553659,3086 Ingle Ln.,San Jose,94217,USA,Frick,Sue,Small,22,4,2020
1386,10420,60,64.67,11,3880.2,1389,In Process,Classic Cars,73,S24_1046,Souveniers And Things Co.,+61 2 9495 8555,"Monitor Money Building, 815 Pacific Hwy",Chatswood,2067,Australia,Huxley,Adrian,Medium,29,5,2020
1387,10104,35,55.49,6,1942.15,2239,Shipped,Classic Cars,57,S24_1444,Euro Shopping Channel,(91) 555 94 44,"C/ Moralzarzal, 86",Madrid,28034,Spain,Freyre,Diego,Small,31,1,2018
1388,10115,47,69.36,2,3259.92,2177,Shipped,Classic Cars,57,S24_1444,Classic Legends Inc.,2125558493,5905 Pompton St.,NYC,10022,USA,Hernandez,Maria,Medium,4,4,2018
1389,10127,20,60.69,8,1213.8,2118,Shipped,Classic Cars,57,S24_1444,Muscle Machine Inc,2125557413,4092 Furth Circle,NYC,10022,USA,Young,Jeff,Small,3,6,2018
1390,10141,20,54.33,2,1086.6,2060,Shipped,Classic Cars,57,S24_1444,Suominen Souveniers,+358 9 8045 555,"Software Engineering Center, SEC Oy",Espoo,FIN-02271,Finland,Suominen,Kalle,Small,1,8,2018
1391,10152,25,65.31,4,1632.75,2006,Shipped,Classic Cars,57,S24_1444,"Australian Gift Network, Co",61-7-3844-6555,31 Duncan St. West End,South Brisbane,4101,Australia,Calaghan,Tony,Small,25,9,2018
1392,10165,25,69.36,9,1734.0,1980,Shipped,Classic Cars,57,S24_1444,"Dragon Souveniers, Ltd.",+65 221 7555,"Bronz Sok., Bronz Apt. 3/6 Tesvikiye",Singapore,79903,Singapore,Natividad,Eric,Small,22,10,2018
1393,10176,27,68.78,8,1857.06,1966,Shipped,Classic Cars,57,S24_1444,L'ordine Souveniers,0522-556555,Strada Provinciale 124,Reggio Emilia,42100,Italy,Moroni,Maurizio,Small,6,11,2018
1394,10184,31,60.11,3,1863.41,1959,Shipped,Classic Cars,57,S24_1444,"Iberia Gift Imports, Corp.",(95) 555 82 82,"C/ Romero, 33",Sevilla,41101,Spain,Roel,Jose Pedro,Small,14,11,2018
1395,10195,44,66.47,3,2924.68,1949,Shipped,Classic Cars,57,S24_1444,Mini Classics,9145554562,3758 North Pendale Street,White Plains,24067,USA,Frick,Steve,Small,25,11,2018
1396,10207,49,46.82,4,2294.18,1936,Shipped,Classic Cars,57,S24_1444,Diecast Collectables,6175552555,6251 Ingle Ln.,Boston,51003,USA,Franco,Valarie,Small,9,12,2018
1397,10220,26,56.07,8,1457.82,1872,Shipped,Classic Cars,57,S24_1444,"Clover Collections, Co.",+353 1862 1555,25 Maiden Lane,Dublin,2,Ireland,Cassidy,Dean,Small,12,2,2019
1398,10230,36,54.33,6,1955.88,1842,Shipped,Classic Cars,57,S24_1444,"Blauer See Auto, Co.",+49 69 66 90 2555,Lyonerstr. 34,Frankfurt,60528,Germany,Keitel,Roland,Small,15,3,2019
1399,10246,44,52.6,2,2314.4,1792,Shipped,Classic Cars,57,S24_1444,Euro Shopping Channel,(91) 555 94 44,"C/ Moralzarzal, 86",Madrid,28034,Spain,Freyre,Diego,Small,5,5,2019
1400,10259,28,46.82,1,1310.96,1752,Shipped,Classic Cars,57,S24_1444,Handji Gifts& Co,+65 224 1555,Village Close - 106 Linden Road Sandown,Singapore,69045,Singapore,Victorino,Wendy,Small,15,6,2019
1401,10271,45,64.74,2,2913.3,1718,Shipped,Classic Cars,57,S24_1444,Mini Gifts Distributors Ltd.,4155551450,5677 Strong St.,San Rafael,97562,USA,Nelson,Valarie,Small,20,7,2019
1402,10282,29,46.82,11,1357.78,1688,Shipped,Classic Cars,57,S24_1444,Mini Gifts Distributors Ltd.,4155551450,5677 Strong St.,San Rafael,97562,USA,Nelson,Valarie,Small,20,8,2019
1403,10292,40,53.75,5,2150.0,1670,Shipped,Classic Cars,57,S24_1444,Land of Toys Inc.,2125557818,897 Long Airport Avenue,NYC,10022,USA,Yu,Kwai,Small,8,9,2019
1404,10305,45,61.85,2,2783.25,1636,Shipped,Classic Cars,57,S24_1444,Marta's Replicas Co.,6175558555,39323 Spinnaker Dr.,Cambridge,51247,USA,Hernandez,Marta,Small,13,10,2019
1405,10314,44,53.18,11,2339.92,1628,Shipped,Classic Cars,57,S24_1444,Heintze Collectables,86 21 3555,Smagsloget 45,Aaarhus,8200,Denmark,Ibsen,Palle,Small,22,10,2019
1406,10324,25,69.16,14,1729.0,1615,Shipped,Classic Cars,57,S24_1444,Vitachrome Inc.,2125551500,2678 Kingston Rd.,NYC,10022,USA,Frick,Michael,Small,5,11,2019
1407,10336,45,132.72,4,5972.4,1601,Shipped,Classic Cars,57,S24_1444,"La Corne D'abondance, Co.",(1) 42.34.2555,"265, boulevard Charonne",Paris,75012,France,Bertrand,Marie,Medium,20,11,2019
1408,10349,48,47.4,4,2275.2,1591,Shipped,Classic Cars,57,S24_1444,Muscle Machine Inc,2125557413,4092 Furth Circle,NYC,10022,USA,Young,Jeff,Small,1,12,2019
1409,10358,44,60.76,14,2673.44,1583,Shipped,Classic Cars,57,S24_1444,Euro Shopping Channel,(91) 555 94 44,"C/ Moralzarzal, 86",Madrid,28034,Spain,Freyre,Diego,Small,10,12,2019
1410,10371,25,97.27,12,2431.75,1540,Shipped,Classic Cars,57,S24_1444,Mini Gifts Distributors Ltd.,4155551450,5677 Strong St.,San Rafael,97562,USA,Nelson,Valarie,Small,23,1,2020
1411,10383,22,91.76,2,2018.72,1511,Shipped,Classic Cars,57,S24_1444,Euro Shopping Channel,(91) 555 94 44,"C/ Moralzarzal, 86",Madrid,28034,Spain,Freyre,Diego,Small,22,2,2020
1412,10394,31,50.29,2,1558.99,1490,Shipped,Classic Cars,57,S24_1444,Euro Shopping Channel,(91) 555 94 44,"C/ Moralzarzal, 86",Madrid,28034,Spain,Freyre,Diego,Small,15,3,2020
1413,10412,21,52.6,2,1104.6,1442,Shipped,Classic Cars,57,S24_1444,Euro Shopping Channel,(91) 555 94 44,"C/ Moralzarzal, 86",Madrid,28034,Spain,Freyre,Diego,Small,3,5,2020
1414,10425,55,46.82,1,2575.1,1415,In Process,Classic Cars,57,S24_1444,La Rochelle Gifts,40.67.8555,"67, rue des Cinquante Otages",Nantes,44000,France,Labrune,Janine,Small,31,5,2020
1415,10107,25,113.83,3,2845.75,2243,Shipped,Motorcycles,112,S24_1578,Land of Toys Inc.,2125557818,897 Long Airport Avenue,NYC,10022,USA,Yu,Kwai,Small,24,2,2018
1416,10120,35,98.05,1,3431.75,2180,Shipped,Motorcycles,112,S24_1578,"Australian Collectors, Co.",03 9520 4555,636 St Kilda Road,Melbourne,3004,Australia,Ferguson,Peter,Medium,29,4,2018
1417,10134,35,93.54,3,3273.9,2118,Shipped,Motorcycles,112,S24_1578,Lyon Souveniers,+33 1 46 62 7555,27 rue du Colonel Pierre Avia,Paris,75508,France,Da Cunha,Daniel,Medium,1,7,2018
1418,10145,43,95.8,7,4119.4,2064,Shipped,Motorcycles,112,S24_1578,Toys4GrownUps.com,6265557265,78934 Hillside Dr.,Pasadena,90003,USA,Young,Julie,Medium,25,8,2018
1419,10168,50,114.95,2,5747.5,2001,Shipped,Motorcycles,112,S24_1578,Technics Stores Inc.,6505556809,9408 Furth Circle,Burlingame,94217,USA,Hirano,Juri,Medium,28,10,2018
1420,10180,48,111.57,10,5355.36,1988,Shipped,Motorcycles,112,S24_1578,Daedalus Designs Imports,20.16.1555,"184, chausse de Tournai",Lille,59000,France,Rance,Martine,Medium,11,11,2018
1421,10188,25,101.43,2,2535.75,1982,Shipped,Motorcycles,112,S24_1578,Herkku Gifts,+47 2267 3215,"Drammen 121, PR 744 Sentrum",Bergen,N 5804,Norway,Oeztan,Veysel,Small,18,11,2018
1422,10211,25,90.16,15,2254.0,1925,Shipped,Motorcycles,112,S24_1578,Auto Canal Petit,(1) 47.55.6555,"25, rue Lauriston",Paris,75016,France,Perrier,Dominique,Small,15,1,2019
1423,10223,32,91.29,2,2921.28,1890,Shipped,Motorcycles,112,S24_1578,"Australian Collectors, Co.",03 9520 4555,636 St Kilda Road,Melbourne,3004,Australia,Ferguson,Peter,Small,20,2,2019
1424,10237,20,114.95,8,2299.0,1847,Shipped,Motorcycles,112,S24_1578,Vitachrome Inc.,2125551500,2678 Kingston Rd.,NYC,10022,USA,Frick,Michael,Small,5,4,2019
1425,10251,26,101.43,3,2637.18,1805,Shipped,Motorcycles,112,S24_1578,Tekni Collectables Inc.,2015559350,7476 Moss Rd.,Newark,94019,USA,Brown,William,Small,18,5,2019
1426,10263,42,102.56,3,4307.52,1765,Shipped,Motorcycles,112,S24_1578,Gift Depot Inc.,2035552570,25593 South Bay Ln.,Bridgewater,97562,USA,King,Julie,Medium,28,6,2019
1427,10275,21,102.56,2,2153.76,1741,Shipped,Motorcycles,112,S24_1578,La Rochelle Gifts,40.67.8555,"67, rue des Cinquante Otages",Nantes,44000,France,Labrune,Janine,Small,23,7,2019
1428,10285,34,109.32,7,3716.88,1707,Shipped,Motorcycles,112,S24_1578,Marta's Replicas Co.,6175558555,39323 Spinnaker Dr.,Cambridge,51247,USA,Hernandez,Marta,Medium,27,8,2019
1429,10299,47,116.08,10,5455.76,1674,Shipped,Motorcycles,112,S24_1578,"Toys of Finland, Co.",90-224 8555,Keskuskatu 45,Helsinki,21240,Finland,Karttunen,Matti,Medium,30,9,2019
1430,10309,21,126.22,6,2650.62,1660,Shipped,Motorcycles,112,S24_1578,Baane Mini Imports,07-98 9555,Erling Skakkes gate 78,Stavern,4110,Norway,Bergulfsen,Jonas,Small,15,10,2019
1431,10318,48,134.11,2,6437.28,1643,Shipped,Motorcycles,112,S24_1578,Diecast Classics Inc.,2155551555,7586 Pompton St.,Allentown,70267,USA,Yu,Kyung,Medium,2,11,2019
1432,10329,30,87.78,7,2633.4,1631,Shipped,Motorcycles,112,S24_1578,Land of Toys Inc.,2125557818,897 Long Airport Avenue,NYC,10022,USA,Yu,Kwai,Small,15,11,2019
1433,10339,27,84.39,10,2278.53,1624,Shipped,Motorcycles,112,S24_1578,"Tokyo Collectables, Ltd",+81 3 3584 0555,2-2-8 Roppongi,Minato-ku,106-0032,Japan,Shimamura,Akiko,Small,23,11,2019
1434,10362,50,96.92,2,4846.0,1582,Shipped,Motorcycles,112,S24_1578,Technics Stores Inc.,6505556809,9408 Furth Circle,Burlingame,94217,USA,Hirano,Juri,Medium,5,1,2020
1435,10374,38,110.45,6,4197.1,1555,Shipped,Motorcycles,112,S24_1578,"Australian Gift Network, Co",61-7-3844-6555,31 Duncan St. West End,South Brisbane,4101,Australia,Calaghan,Tony,Medium,2,2,2020
1436,10389,45,102.17,1,4597.65,1526,Shipped,Motorcycles,112,S24_1578,Scandinavian Gift Ideas,0695-34 6555,?kergatan 24,Boras,S-844 67,Sweden,Larsson,Maria,Medium,3,3,2020
1437,10403,46,114.95,8,5287.7,1491,Shipped,Motorcycles,112,S24_1578,"UK Collectables, Ltd.",(171) 555-2282,Berkeley Gardens 12  Brewery,Liverpool,WX1 6LT,UK,Devon,Elizabeth,Medium,8,4,2020
1438,10417,35,101.43,3,3550.05,1457,Disputed,Motorcycles,112,S24_1578,Euro Shopping Channel,(91) 555 94 44,"C/ Moralzarzal, 86",Madrid,28034,Spain,Freyre,Diego,Medium,13,5,2020
1439,10110,29,59.37,15,1721.73,2245,Shipped,Classic Cars,50,S24_1628,"AV Stores, Co.",(171) 555-1555,Fauntleroy Circus,Manchester,EC2 5NT,UK,Ashworth,Victoria,Small,18,3,2018
1440,10123,50,59.87,1,2993.5,2183,Shipped,Classic Cars,50,S24_1628,Atelier graphique,40.32.2555,"54, rue Royale",Nantes,44000,France,Schmitt,Carine,Small,20,5,2018
1441,10137,26,49.81,1,1295.06,2133,Shipped,Classic Cars,50,S24_1628,Reims Collectables,26.47.1555,59 rue de l'Abbaye,Reims,51100,France,Henriot,Paul,Small,10,7,2018
1442,10148,47,56.85,8,2671.95,2071,Shipped,Classic Cars,50,S24_1628,"Anna's Decorations, Ltd",02 9936 8555,201 Miller Street,North Sydney,2060,Australia,O'Hara,Anna,Small,11,9,2018
1443,10161,23,53.33,7,1226.59,2036,Shipped,Classic Cars,50,S24_1628,Heintze Collectables,86 21 3555,Smagsloget 45,Aaarhus,8200,Denmark,Ibsen,Palle,Small,17,10,2018
1444,10172,34,42.76,5,1453.84,2018,Shipped,Classic Cars,50,S24_1628,Gift Depot Inc.,2035552570,25593 South Bay Ln.,Bridgewater,97562,USA,King,Julie,Small,5,11,2018
1445,10181,34,53.83,1,1830.22,2012,Shipped,Classic Cars,50,S24_1628,Herkku Gifts,+47 2267 3215,"Drammen 121, PR 744 Sentrum",Bergen,N 5804,Norway,Oeztan,Veysel,Small,12,11,2018
1446,10192,47,53.83,6,2530.01,2005,Shipped,Classic Cars,50,S24_1628,Online Diecast Creations Co.,6035558647,2304 Long Airport Avenue,Nashua,62005,USA,Young,Valarie,Small,20,11,2018
1447,10204,45,49.81,12,2241.45,1994,Shipped,Classic Cars,50,S24_1628,Muscle Machine Inc,2125557413,4092 Furth Circle,NYC,10022,USA,Young,Jeff,Small,2,12,2018
1448,10212,45,53.33,5,2399.85,1950,Shipped,Classic Cars,50,S24_1628,Euro Shopping Channel,(91) 555 94 44,"C/ Moralzarzal, 86",Madrid,28034,Spain,Freyre,Diego,Small,16,1,2019
1449,10226,36,43.27,3,1557.72,1910,Shipped,Classic Cars,50,S24_1628,Collectable Mini Designs Co.,7605558146,361 Furth Circle,San Diego,91217,USA,Thompson,Valarie,Small,26,2,2019
1450,10241,21,40.25,10,845.25,1865,Shipped,Classic Cars,50,S24_1628,Mini Caravy,88.60.1555,"24, place Kluber",Strasbourg,67000,France,Citeaux,Frederique,Small,13,4,2019
1451,10266,28,48.3,1,1352.4,1782,Shipped,Classic Cars,50,S24_1628,L'ordine Souveniers,0522-556555,Strada Provinciale 124,Reggio Emilia,42100,Italy,Moroni,Maurizio,Small,6,7,2019
1452,10278,35,45.28,1,1584.8,1752,Shipped,Classic Cars,50,S24_1628,Signal Gift Stores,7025551838,8489 Strong St.,Las Vegas,83030,USA,King,Sue,Small,6,8,2019
1453,10288,50,52.32,13,2616.0,1727,Shipped,Classic Cars,50,S24_1628,Handji Gifts& Co,+65 224 1555,Village Close - 106 Linden Road Sandown,Singapore,69045,Singapore,Victorino,Wendy,Small,1,9,2019
1454,10301,22,51.32,3,1129.04,2059,Shipped,Classic Cars,50,S24_1628,"Norway Gifts By Mail, Co.",+47 2212 1555,"Drammensveien 126 A, PB 744 Sentrum",Oslo,N 0106,Norway,Klaeboe,Jan,Small,5,10,2018
1455,10311,45,49.3,8,2218.5,1684,Shipped,Classic Cars,50,S24_1628,Euro Shopping Channel,(91) 555 94 44,"C/ Moralzarzal, 86",Madrid,28034,Spain,Freyre,Diego,Small,16,10,2019
1456,10321,48,42.26,5,2028.48,1666,Shipped,Classic Cars,50,S24_1628,FunGiftIdeas.com,5085552555,1785 First Street,New Bedford,50553,USA,Benitez,Violeta,Small,4,11,2019
1457,10332,20,87.96,5,1759.2,1654,Shipped,Classic Cars,50,S24_1628,"AV Stores, Co.",(171) 555-1555,Fauntleroy Circus,Manchester,EC2 5NT,UK,Ashworth,Victoria,Small,17,11,2019
1458,10343,27,36.21,6,977.67,1648,Shipped,Classic Cars,50,S24_1628,Reims Collectables,26.47.1555,59 rue de l'Abbaye,Reims,51100,France,Henriot,Paul,Small,24,11,2019
1459,10367,38,38.5,11,1463.0,1600,Resolved,Classic Cars,50,S24_1628,Toys4GrownUps.com,6265557265,78934 Hillside Dr.,Pasadena,90003,USA,Young,Julie,Small,12,1,2020
1460,10379,32,124.08,3,3970.56,1572,Shipped,Classic Cars,50,S24_1628,Euro Shopping Channel,(91) 555 94 44,"C/ Moralzarzal, 86",Madrid,28034,Spain,Freyre,Diego,Medium,10,2,2020
1461,10407,64,40.25,10,2576.0,1501,On Hold,Classic Cars,50,S24_1628,The Sharp Gifts Warehouse,4085553659,3086 Ingle Ln.,San Jose,94217,USA,Frick,Sue,Small,22,4,2020
1462,10420,37,60.37,13,2233.69,1465,In Process,Classic Cars,50,S24_1628,Souveniers And Things Co.,+61 2 9495 8555,"Monitor Money Building, 815 Pacific Hwy",Chatswood,2067,Australia,Huxley,Adrian,Small,29,5,2020
1463,10106,28,88.63,4,2481.64,2298,Shipped,Planes,109,S24_1785,Rovelli Gifts,035-640555,Via Ludovico il Moro 22,Bergamo,24100,Italy,Rovelli,Giovanni,Small,17,2,2018
1464,10120,39,119.27,10,4651.53,2228,Shipped,Planes,109,S24_1785,"Australian Collectors, Co.",03 9520 4555,636 St Kilda Road,Melbourne,3004,Australia,Ferguson,Peter,Medium,29,4,2018
1465,10133,41,94.1,5,3858.1,2170,Shipped,Planes,109,S24_1785,Euro Shopping Channel,(91) 555 94 44,"C/ Moralzarzal, 86",Madrid,28034,Spain,Freyre,Diego,Medium,27,6,2018
1466,10145,40,87.54,16,3501.6,2112,Shipped,Planes,109,S24_1785,Toys4GrownUps.com,6265557265,78934 Hillside Dr.,Pasadena,90003,USA,Young,Julie,Medium,25,8,2018
1467,10168,49,131.3,11,6433.7,2049,Shipped,Planes,109,S24_1785,Technics Stores Inc.,6505556809,9408 Furth Circle,Burlingame,94217,USA,Hirano,Juri,Medium,28,10,2018
1468,10210,27,98.48,9,2658.96,1974,Shipped,Planes,109,S24_1785,Osaka Souveniers Co.,+81 06 6342 5555,"Dojima Avanza 4F, 1-6-20 Dojima, Kita-ku",Osaka,530-0003,Japan,Kentary,Mory,Small,12,1,2019
1469,10223,34,106.14,11,3608.76,1936,Shipped,Planes,109,S24_1785,"Australian Collectors, Co.",03 9520 4555,636 St Kilda Road,Melbourne,3004,Australia,Ferguson,Peter,Medium,20,2,2019
1470,10235,23,96.29,5,2214.67,1896,Shipped,Planes,109,S24_1785,"Royal Canadian Collectables, Ltd.",(604) 555-4555,23 Tsawassen Blvd.,Tsawassen,T2F 8M4,Canada,Lincoln,Elizabeth,Small,2,4,2019
1471,10250,31,88.63,6,2747.53,1858,Shipped,Planes,109,S24_1785,The Sharp Gifts Warehouse,4085553659,3086 Ingle Ln.,San Jose,94217,USA,Frick,Sue,Small,11,5,2019
1472,10262,34,97.38,1,3310.92,1815,Cancelled,Planes,109,S24_1785,Euro Shopping Channel,(91) 555 94 44,"C/ Moralzarzal, 86",Madrid,28034,Spain,Freyre,Diego,Medium,24,6,2019
1473,10275,25,95.2,11,2380.0,1787,Shipped,Planes,109,S24_1785,La Rochelle Gifts,40.67.8555,"67, rue des Cinquante Otages",Nantes,44000,France,Labrune,Janine,Small,23,7,2019
1474,10284,22,105.04,3,2310.88,1759,Shipped,Planes,109,S24_1785,"Norway Gifts By Mail, Co.",+47 2212 1555,"Drammensveien 126 A, PB 744 Sentrum",Oslo,N 0106,Norway,Klaeboe,Jan,Small,21,8,2019
1475,10297,32,126.93,6,4061.76,1734,Shipped,Planes,109,S24_1785,"Clover Collections, Co.",+353 1862 1555,25 Maiden Lane,Dublin,2,Ireland,Cassidy,Dean,Medium,16,9,2019
1476,10308,31,112.7,9,3493.7,1706,Shipped,Planes,109,S24_1785,Mini Classics,9145554562,3758 North Pendale Street,White Plains,24067,USA,Frick,Steve,Medium,15,10,2019
1477,10316,25,114.89,1,2872.25,1690,Shipped,Planes,109,S24_1785,giftsbymail.co.uk,(198) 555-8888,Garden House Crowther Way,Cowes,PO31 7PJ,UK,Bennett,Helen,Small,1,11,2019
1478,10328,47,87.54,14,4114.38,1680,Shipped,Planes,109,S24_1785,Rovelli Gifts,035-640555,Via Ludovico il Moro 22,Bergamo,24100,Italy,Rovelli,Giovanni,Medium,12,11,2019
1479,10339,21,50.65,7,1063.65,1670,Shipped,Planes,109,S24_1785,"Tokyo Collectables, Ltd",+81 3 3584 0555,2-2-8 Roppongi,Minato-ku,106-0032,Japan,Shimamura,Akiko,Small,23,11,2019
1480,10353,28,71.73,2,2008.44,1660,Shipped,Planes,109,S24_1785,Gift Ideas Corp.,2035554407,2440 Pompton St.,Glendale,97561,USA,Lewis,Dan,Small,4,12,2019
1481,10374,46,94.1,3,4328.6,1601,Shipped,Planes,109,S24_1785,"Australian Gift Network, Co",61-7-3844-6555,31 Duncan St. West End,South Brisbane,4101,Australia,Calaghan,Tony,Medium,2,2,2020
1482,10386,33,41.71,11,1376.43,1574,Resolved,Planes,109,S24_1785,Euro Shopping Channel,(91) 555 94 44,"C/ Moralzarzal, 86",Madrid,28034,Spain,Freyre,Diego,Small,1,3,2020
1483,10398,43,129.12,16,5552.16,1546,Shipped,Planes,109,S24_1785,Reims Collectables,26.47.1555,59 rue de l'Abbaye,Reims,51100,France,Henriot,Paul,Medium,30,3,2020
1484,10401,38,96.29,5,3659.02,1543,On Hold,Planes,109,S24_1785,Tekni Collectables Inc.,2015559350,7476 Moss Rd.,Newark,94019,USA,Brown,William,Medium,3,4,2020
1485,10416,47,88.63,6,4165.61,1507,Shipped,Planes,109,S24_1785,L'ordine Souveniers,0522-556555,Strada Provinciale 124,Reggio Emilia,42100,Italy,Moroni,Maurizio,Medium,10,5,2020
1486,10101,45,31.2,3,1404.0,2360,Shipped,Vintage Cars,33,S24_1937,"Blauer See Auto, Co.",+49 69 66 90 2555,Lyonerstr. 34,Frankfurt,60528,Germany,Keitel,Roland,Small,9,1,2018
1487,10110,20,35.51,3,710.2,2293,Shipped,Vintage Cars,33,S24_1937,"AV Stores, Co.",(171) 555-1555,Fauntleroy Circus,Manchester,EC2 5NT,UK,Ashworth,Victoria,Small,18,3,2018
1488,10124,45,37.84,2,1702.8,2230,Shipped,Vintage Cars,33,S24_1937,Signal Gift Stores,7025551838,8489 Strong St.,Las Vegas,83030,USA,King,Sue,Small,21,5,2018
1489,10149,36,33.19,7,1194.84,2117,Shipped,Vintage Cars,33,S24_1937,Signal Collectibles Ltd.,4155554312,2793 Furth Circle,Brisbane,94217,USA,Taylor,Sue,Small,12,9,2018
1490,10173,31,31.53,9,977.43,2064,Shipped,Vintage Cars,33,S24_1937,Rovelli Gifts,035-640555,Via Ludovico il Moro 22,Bergamo,24100,Italy,Rovelli,Giovanni,Small,5,11,2018
1491,10182,39,36.84,6,1436.76,2058,Shipped,Vintage Cars,33,S24_1937,Mini Gifts Distributors Ltd.,4155551450,5677 Strong St.,San Rafael,97562,USA,Nelson,Valarie,Small,12,11,2018
1492,10193,26,29.21,10,759.46,2050,Shipped,Vintage Cars,33,S24_1937,"Australian Collectables, Ltd",61-9-3844-6555,7 Allen Street,Glen Waverly,3150,Australia,Connery,Sean,Small,21,11,2018
1493,10205,32,37.17,5,1189.44,2039,Shipped,Vintage Cars,33,S24_1937,Euro Shopping Channel,(91) 555 94 44,"C/ Moralzarzal, 86",Madrid,28034,Spain,Freyre,Diego,Small,3,12,2018
1494,10214,20,34.19,3,683.8,1986,Shipped,Vintage Cars,33,S24_1937,"Corrida Auto Replicas, Ltd",(91) 555 22 82,"C/ Araquil, 67",Madrid,28023,Spain,Sommer,Mart¡n,Small,26,1,2019
1495,10227,42,29.21,6,1226.82,1952,Shipped,Vintage Cars,33,S24_1937,"Saveley & Henriot, Co.",78.32.5555,"2, rue du Commerce",Lyon,69004,France,Saveley,Mary,Small,2,3,2019
1496,10243,33,29.54,1,974.82,1898,Shipped,Vintage Cars,33,S24_1937,Diecast Collectables,6175552555,6251 Ingle Ln.,Boston,51003,USA,Franco,Valarie,Small,26,4,2019
1497,10280,20,28.88,12,577.6,1786,Shipped,Vintage Cars,33,S24_1937,Amica Models & Co.,011-4988555,Via Monte Bianco 34,Torino,10100,Italy,Accorti,Paolo,Small,17,8,2019
1498,10288,29,38.17,1,1106.93,1772,Shipped,Vintage Cars,33,S24_1937,Handji Gifts& Co,+65 224 1555,Village Close - 106 Linden Road Sandown,Singapore,69045,Singapore,Victorino,Wendy,Small,1,9,2019
1499,10304,23,30.2,16,694.6,1733,Shipped,Vintage Cars,33,S24_1937,Auto Assoc. & Cie.,30.59.8555,"67, avenue de l'Europe",Versailles,78000,France,Tonini,Daniel,Small,11,10,2019
1500,10312,39,29.54,13,1152.06,1724,Shipped,Vintage Cars,33,S24_1937,Mini Gifts Distributors Ltd.,4155551450,5677 Strong St.,San Rafael,97562,USA,Nelson,Valarie,Small,21,10,2019
1501,10322,20,131.2,3,2624.0,1711,Shipped,Vintage Cars,33,S24_1937,Online Diecast Creations Co.,6035558647,2304 Long Airport Avenue,Nashua,62005,USA,Young,Valarie,Small,4,11,2019
1502,10332,45,81.91,6,3685.95,1699,Shipped,Vintage Cars,33,S24_1937,"AV Stores, Co.",(171) 555-1555,Fauntleroy Circus,Manchester,EC2 5NT,UK,Ashworth,Victoria,Medium,17,11,2019
1503,10344,20,35.18,6,703.6,1692,Shipped,Vintage Cars,33,S24_1937,Marseille Mini Autos,91.24.4555,"12, rue des Bouchers",Marseille,13008,France,Lebihan,Laurence,Small,25,11,2019
1504,10356,48,202.5,5,9720.0,1679,Shipped,Vintage Cars,33,S24_1937,Lyon Souveniers,+33 1 46 62 7555,27 rue du Colonel Pierre Avia,Paris,75508,France,Da Cunha,Daniel,Large,9,12,2019
1505,10367,23,36.29,13,834.67,1646,Resolved,Vintage Cars,33,S24_1937,Toys4GrownUps.com,6265557265,78934 Hillside Dr.,Pasadena,90003,USA,Young,Julie,Small,12,1,2020
1506,10380,32,70.56,4,2257.92,1612,Shipped,Vintage Cars,33,S24_1937,Euro Shopping Channel,(91) 555 94 44,"C/ Moralzarzal, 86",Madrid,28034,Spain,Freyre,Diego,Small,16,2,2020
1507,10391,33,252.87,8,8344.71,1591,Shipped,Vintage Cars,33,S24_1937,"Anna's Decorations, Ltd",02 9936 8555,201 Miller Street,North Sydney,2060,Australia,O'Hara,Anna,Large,9,3,2020
1508,10409,61,29.54,1,1801.94,1547,Shipped,Vintage Cars,33,S24_1937,Handji Gifts& Co,+65 224 1555,Village Close - 106 Linden Road Sandown,Singapore,69045,Singapore,Victorino,Wendy,Small,23,4,2020
1509,10420,45,26.88,1,1209.6,1512,In Process,Vintage Cars,33,S24_1937,Souveniers And Things Co.,+61 2 9495 8555,"Monitor Money Building, 815 Pacific Hwy",Chatswood,2067,Australia,Huxley,Adrian,Small,29,5,2020
1510,10107,38,83.03,7,3155.14,2338,Shipped,Motorcycles,76,S24_2000,Land of Toys Inc.,2125557818,897 Long Airport Avenue,NYC,10022,USA,Yu,Kwai,Medium,24,2,2018
1511,10120,34,83.79,5,2848.86,2275,Shipped,Motorcycles,76,S24_2000,"Australian Collectors, Co.",03 9520 4555,636 St Kilda Road,Melbourne,3004,Australia,Ferguson,Peter,Small,29,4,2018
1512,10134,43,83.03,7,3570.29,2213,Shipped,Motorcycles,76,S24_2000,Lyon Souveniers,+33 1 46 62 7555,27 rue du Colonel Pierre Avia,Paris,75508,France,Da Cunha,Daniel,Medium,1,7,2018
1513,10145,47,83.03,11,3902.41,2159,Shipped,Motorcycles,76,S24_2000,Toys4GrownUps.com,6265557265,78934 Hillside Dr.,Pasadena,90003,USA,Young,Julie,Medium,25,8,2018
1514,10158,22,67.03,1,1474.66,2114,Shipped,Motorcycles,76,S24_2000,Baane Mini Imports,07-98 9555,Erling Skakkes gate 78,Stavern,4110,Norway,Bergulfsen,Jonas,Small,10,10,2018
1515,10168,29,75.41,6,2186.89,2097,Shipped,Motorcycles,76,S24_2000,Technics Stores Inc.,6505556809,9408 Furth Circle,Burlingame,94217,USA,Hirano,Juri,Small,28,10,2018
1516,10180,28,68.55,14,1919.4,2084,Shipped,Motorcycles,76,S24_2000,Daedalus Designs Imports,20.16.1555,"184, chausse de Tournai",Lille,59000,France,Rance,Martine,Small,11,11,2018
1517,10188,40,91.4,6,3656.0,2078,Shipped,Motorcycles,76,S24_2000,Herkku Gifts,+47 2267 3215,"Drammen 121, PR 744 Sentrum",Bergen,N 5804,Norway,Oeztan,Veysel,Medium,18,11,2018
1518,10210,30,61.7,4,1851.0,2024,Shipped,Motorcycles,76,S24_2000,Osaka Souveniers Co.,+81 06 6342 5555,"Dojima Avanza 4F, 1-6-20 Dojima, Kita-ku",Osaka,530-0003,Japan,Kentary,Mory,Small,12,1,2019
1519,10223,38,69.31,6,2633.78,1986,Shipped,Motorcycles,76,S24_2000,"Australian Collectors, Co.",03 9520 4555,636 St Kilda Road,Melbourne,3004,Australia,Ferguson,Peter,Small,20,2,2019
1520,10236,36,87.6,3,3153.6,1945,Shipped,Motorcycles,76,S24_2000,Motor Mint Distributors Inc.,2155559857,11328 Douglas Av.,Philadelphia,71270,USA,Hernandez,Rosa,Medium,3,4,2019
1521,10250,32,87.6,1,2803.2,1908,Shipped,Motorcycles,76,S24_2000,The Sharp Gifts Warehouse,4085553659,3086 Ingle Ln.,San Jose,94217,USA,Frick,Sue,Small,11,5,2019
1522,10263,37,62.46,7,2311.02,1861,Shipped,Motorcycles,76,S24_2000,Gift Depot Inc.,2035552570,25593 South Bay Ln.,Bridgewater,97562,USA,King,Julie,Small,28,6,2019
1523,10275,30,79.98,6,2399.4,1837,Shipped,Motorcycles,76,S24_2000,La Rochelle Gifts,40.67.8555,"67, rue des Cinquante Otages",Nantes,44000,France,Labrune,Janine,Small,23,7,2019
1524,10285,39,70.08,11,2733.12,1803,Shipped,Motorcycles,76,S24_2000,Marta's Replicas Co.,6175558555,39323 Spinnaker Dr.,Cambridge,51247,USA,Hernandez,Marta,Small,27,8,2019
1525,10297,32,65.51,1,2096.32,1784,Shipped,Motorcycles,76,S24_2000,"Clover Collections, Co.",+353 1862 1555,25 Maiden Lane,Dublin,2,Ireland,Cassidy,Dean,Small,16,9,2019
1526,10308,47,63.22,4,2971.34,1756,Shipped,Motorcycles,76,S24_2000,Mini Classics,9145554562,3758 North Pendale Street,White Plains,24067,USA,Frick,Steve,Small,15,10,2019
1527,10318,26,86.83,6,2257.58,1739,Shipped,Motorcycles,76,S24_2000,Diecast Classics Inc.,2155551555,7586 Pompton St.,Allentown,70267,USA,Yu,Kyung,Small,2,11,2019
1528,10329,37,94.43,4,3493.91,1727,Shipped,Motorcycles,76,S24_2000,Land of Toys Inc.,2125557818,897 Long Airport Avenue,NYC,10022,USA,Yu,Kwai,Medium,15,11,2019
1529,10340,55,79.98,8,4398.9,1719,Shipped,Motorcycles,76,S24_2000,Enaco Distributors,(93) 203 4555,"Rambla de Catalu¤a, 23",Barcelona,8022,Spain,Saavedra,Eduardo,Medium,24,11,2019
1530,10363,21,171.22,8,3595.62,1677,Shipped,Motorcycles,76,S24_2000,Suominen Souveniers,+358 9 8045 555,"Software Engineering Center, SEC Oy",Espoo,FIN-02271,Finland,Suominen,Kalle,Medium,6,1,2020
1531,10375,23,106.23,9,2443.29,1650,Shipped,Motorcycles,76,S24_2000,La Rochelle Gifts,40.67.8555,"67, rue des Cinquante Otages",Nantes,44000,France,Labrune,Janine,Small,3,2,2020
1532,10389,49,81.4,2,3988.6,1622,Shipped,Motorcycles,76,S24_2000,Scandinavian Gift Ideas,0695-34 6555,?kergatan 24,Boras,S-844 67,Sweden,Larsson,Maria,Medium,3,3,2020
1533,10402,59,87.6,3,5168.4,1588,Shipped,Motorcycles,76,S24_2000,Auto Canal Petit,(1) 47.55.6555,"25, rue Lauriston",Paris,75016,France,Perrier,Dominique,Medium,7,4,2020
1534,10416,32,87.6,1,2803.2,1556,Shipped,Motorcycles,76,S24_2000,L'ordine Souveniers,0522-556555,Strada Provinciale 124,Reggio Emilia,42100,Italy,Moroni,Maurizio,Small,10,5,2020
1535,10105,43,147.47,9,6341.21,2376,Shipped,Ships,122,S24_2011,Danish Wholesale Imports,31 12 3555,Vinb'ltet 34,Kobenhavn,1734,Denmark,Petersen,Jytte,Medium,11,2,2018
1536,10117,41,126.58,3,5189.78,2313,Shipped,Ships,122,S24_2011,"Dragon Souveniers, Ltd.",+65 221 7555,"Bronz Sok., Bronz Apt. 3/6 Tesvikiye",Singapore,79903,Singapore,Natividad,Eric,Medium,16,4,2018
1537,10129,45,133.95,9,6027.75,2257,Shipped,Ships,122,S24_2011,"Stylish Desk Decors, Co.",(171) 555-0297,35 King George,London,WX3 6FW,UK,Brown,Ann,Medium,12,6,2018
1538,10142,33,102.0,6,3366.0,2201,Shipped,Ships,122,S24_2011,Mini Gifts Distributors Ltd.,4155551450,5677 Strong St.,San Rafael,97562,USA,Nelson,Valarie,Medium,8,8,2018
1539,10153,40,136.41,5,5456.4,2151,Shipped,Ships,122,S24_2011,Euro Shopping Channel,(91) 555 94 44,"C/ Moralzarzal, 86",Madrid,28034,Spain,Freyre,Diego,Medium,28,9,2018
1540,10167,33,115.52,16,3812.16,2127,Cancelled,Ships,122,S24_2011,Scandinavian Gift Ideas,0695-34 6555,?kergatan 24,Boras,S-844 67,Sweden,Larsson,Maria,Medium,23,10,2018
1541,10177,50,121.66,7,6083.0,2113,Shipped,Ships,122,S24_2011,CAF Imports,+34 913 728 555,"Merchants House, 27-30 Merchant's Quay",Madrid,28023,Spain,Fernandez,Jesus,Medium,7,11,2018
1542,10185,30,105.69,7,3170.7,2107,Shipped,Ships,122,S24_2011,Mini Creations Ltd.,5085559555,4575 Hillside Dr.,New Bedford,50553,USA,Tam,Wing C,Medium,14,11,2018
1543,10197,41,110.6,13,4534.6,2096,Shipped,Ships,122,S24_2011,Enaco Distributors,(93) 203 4555,"Rambla de Catalu¤a, 23",Barcelona,8022,Spain,Saavedra,Eduardo,Medium,26,11,2018
1544,10208,35,122.89,7,4301.15,2060,Shipped,Ships,122,S24_2011,"Saveley & Henriot, Co.",78.32.5555,"2, rue du Commerce",Lyon,69004,France,Saveley,Mary,Medium,2,1,2019
1545,10221,49,138.87,1,6804.63,2014,Shipped,Ships,122,S24_2011,Petit Auto,(02) 5554 67,Rue Joseph-Bens 532,Bruxelles,B-1180,Belgium,Dewey,Catherine,Medium,18,2,2019
1546,10232,46,122.89,4,5652.94,1985,Shipped,Ships,122,S24_2011,giftsbymail.co.uk,(198) 555-8888,Garden House Crowther Way,Cowes,PO31 7PJ,UK,Bennett,Helen,Medium,20,3,2019
1547,10248,48,145.01,10,6960.48,1938,Cancelled,Ships,122,S24_2011,Land of Toys Inc.,2125557818,897 Long Airport Avenue,NYC,10022,USA,Yu,Kwai,Medium,7,5,2019
1548,10261,36,125.35,8,4512.6,1898,Shipped,Ships,122,S24_2011,Quebec Home Shopping Network,(514) 555-8054,43 rue St. Laurent,Montreal,H1J 1C3,Canada,Fresnisre,Jean,Medium,17,6,2019
1549,10273,22,126.58,11,2784.76,1865,Shipped,Ships,122,S24_2011,Petit Auto,(02) 5554 67,Rue Joseph-Bens 532,Bruxelles,B-1180,Belgium,Dewey,Catherine,Small,21,7,2019
1550,10283,42,126.58,13,5316.36,1836,Shipped,Ships,122,S24_2011,"Royal Canadian Collectables, Ltd.",(604) 555-4555,23 Tsawassen Blvd.,Tsawassen,T2F 8M4,Canada,Lincoln,Elizabeth,Medium,20,8,2019
1551,10293,21,140.09,2,2941.89,1817,Shipped,Ships,122,S24_2011,Amica Models & Co.,011-4988555,Via Monte Bianco 34,Torino,10100,Italy,Accorti,Paolo,Small,9,9,2019
1552,10306,29,110.6,7,3207.4,1783,Shipped,Ships,122,S24_2011,"AV Stores, Co.",(171) 555-1555,Fauntleroy Circus,Manchester,EC2 5NT,UK,Ashworth,Victoria,Medium,14,10,2019
1553,10315,35,120.43,6,4215.05,1769,Shipped,Ships,122,S24_2011,La Rochelle Gifts,40.67.8555,"67, rue des Cinquante Otages",Nantes,44000,France,Labrune,Janine,Medium,29,10,2019
1554,10326,41,105.69,4,4333.29,1759,Shipped,Ships,122,S24_2011,"Volvo Model Replicas, Co",0921-12 3555,Berguvsvgen  8,Lule,S-958 22,Sweden,Berglund,Christina,Medium,9,11,2019
1555,10337,29,71.97,4,2087.13,1748,Shipped,Ships,122,S24_2011,Classic Legends Inc.,2125558493,5905 Pompton St.,NYC,10022,USA,Hernandez,Maria,Small,21,11,2019
1556,10350,34,50.33,7,1711.22,1738,Shipped,Ships,122,S24_2011,Euro Shopping Channel,(91) 555 94 44,"C/ Moralzarzal, 86",Madrid,28034,Spain,Freyre,Diego,Small,2,12,2019
1557,10372,37,105.69,8,3910.53,1684,Shipped,Ships,122,S24_2011,"Tokyo Collectables, Ltd",+81 3 3584 0555,2-2-8 Roppongi,Minato-ku,106-0032,Japan,Shimamura,Akiko,Medium,26,1,2020
1558,10396,49,116.75,6,5720.75,1628,Shipped,Ships,122,S24_2011,Mini Gifts Distributors Ltd.,4155551450,5677 Strong St.,San Rafael,97562,USA,Nelson,Valarie,Medium,23,3,2020
1559,10414,23,145.01,10,3335.23,1585,On Hold,Ships,122,S24_2011,Gifts4AllAges.com,6175559555,8616 Spinnaker Dr.,Boston,51003,USA,Yoshido,Juri,Medium,6,5,2020
1560,10101,46,53.76,2,2472.96,2434,Shipped,Vintage Cars,44,S24_2022,"Blauer See Auto, Co.",+49 69 66 90 2555,Lyonerstr. 34,Frankfurt,60528,Germany,Keitel,Roland,Small,9,1,2018
1561,10110,39,44.35,2,1729.65,2367,Shipped,Vintage Cars,44,S24_2022,"AV Stores, Co.",(171) 555-1555,Fauntleroy Circus,Manchester,EC2 5NT,UK,Ashworth,Victoria,Small,18,3,2018
1562,10124,22,45.25,1,995.5,2304,Shipped,Vintage Cars,44,S24_2022,Signal Gift Stores,7025551838,8489 Strong St.,Las Vegas,83030,USA,King,Sue,Small,21,5,2018
1563,10149,49,49.28,6,2414.72,2191,Shipped,Vintage Cars,44,S24_2022,Signal Collectibles Ltd.,4155554312,2793 Furth Circle,Brisbane,94217,USA,Taylor,Sue,Small,12,9,2018
1564,10173,27,41.22,8,1112.94,2138,Shipped,Vintage Cars,44,S24_2022,Rovelli Gifts,035-640555,Via Ludovico il Moro 22,Bergamo,24100,Italy,Rovelli,Giovanni,Small,5,11,2018
1565,10182,31,36.74,5,1138.94,2132,Shipped,Vintage Cars,44,S24_2022,Mini Gifts Distributors Ltd.,4155551450,5677 Strong St.,San Rafael,97562,USA,Nelson,Valarie,Small,12,11,2018
1566,10193,20,50.62,9,1012.4,2124,Shipped,Vintage Cars,44,S24_2022,"Australian Collectables, Ltd",61-9-3844-6555,7 Allen Street,Glen Waverly,3150,Australia,Connery,Sean,Small,21,11,2018
1567,10205,24,38.08,4,913.92,2113,Shipped,Vintage Cars,44,S24_2022,Euro Shopping Channel,(91) 555 94 44,"C/ Moralzarzal, 86",Madrid,28034,Spain,Freyre,Diego,Small,3,12,2018
1568,10214,49,47.94,2,2349.06,2060,Shipped,Vintage Cars,44,S24_2022,"Corrida Auto Replicas, Ltd",(91) 555 22 82,"C/ Araquil, 67",Madrid,28023,Spain,Sommer,Mart¡n,Small,26,1,2019
1569,10227,24,48.38,5,1161.12,2026,Shipped,Vintage Cars,44,S24_2022,"Saveley & Henriot, Co.",78.32.5555,"2, rue du Commerce",Lyon,69004,France,Saveley,Mary,Small,2,3,2019
1570,10244,39,45.25,9,1764.75,1969,Shipped,Vintage Cars,44,S24_2022,Euro Shopping Channel,(91) 555 94 44,"C/ Moralzarzal, 86",Madrid,28034,Spain,Freyre,Diego,Small,29,4,2019
1571,10255,37,45.7,2,1690.9,1934,Shipped,Vintage Cars,44,S24_2022,Mini Caravy,88.60.1555,"24, place Kluber",Strasbourg,67000,France,Citeaux,Frederique,Small,4,6,2019
1572,10280,45,47.49,11,2137.05,1861,Shipped,Vintage Cars,44,S24_2022,Amica Models & Co.,011-4988555,Via Monte Bianco 34,Torino,10100,Italy,Accorti,Paolo,Small,17,8,2019
1573,10289,45,48.38,4,2177.1,1845,Shipped,Vintage Cars,44,S24_2022,Herkku Gifts,+47 2267 3215,"Drammen 121, PR 744 Sentrum",Bergen,N 5804,Norway,Oeztan,Veysel,Small,3,9,2019
1574,10304,44,39.42,15,1734.48,1808,Shipped,Vintage Cars,44,S24_2022,Auto Assoc. & Cie.,30.59.8555,"67, avenue de l'Europe",Versailles,78000,France,Tonini,Daniel,Small,11,10,2019
1575,10312,23,37.63,12,865.49,1799,Shipped,Vintage Cars,44,S24_2022,Mini Gifts Distributors Ltd.,4155551450,5677 Strong St.,San Rafael,97562,USA,Nelson,Valarie,Small,21,10,2019
1576,10322,30,116.67,4,3500.1,1786,Shipped,Vintage Cars,44,S24_2022,Online Diecast Creations Co.,6035558647,2304 Long Airport Avenue,Nashua,62005,USA,Young,Valarie,Medium,4,11,2019
1577,10332,26,85.52,10,2223.52,1774,Shipped,Vintage Cars,44,S24_2022,"AV Stores, Co.",(171) 555-1555,Fauntleroy Circus,Manchester,EC2 5NT,UK,Ashworth,Victoria,Small,17,11,2019
1578,10345,43,53.76,1,2311.68,1767,Shipped,Vintage Cars,44,S24_2022,Atelier graphique,40.32.2555,"54, rue Royale",Nantes,44000,France,Schmitt,Carine,Small,25,11,2019
1579,10356,26,31.86,7,828.36,1754,Shipped,Vintage Cars,44,S24_2022,Lyon Souveniers,+33 1 46 62 7555,27 rue du Colonel Pierre Avia,Paris,75508,France,Da Cunha,Daniel,Small,9,12,2019
1580,10367,28,30.59,12,856.52,1721,Resolved,Vintage Cars,44,S24_2022,Toys4GrownUps.com,6265557265,78934 Hillside Dr.,Pasadena,90003,USA,Young,Julie,Small,12,1,2020
1581,10380,27,68.35,5,1845.45,1687,Shipped,Vintage Cars,44,S24_2022,Euro Shopping Channel,(91) 555 94 44,"C/ Moralzarzal, 86",Madrid,28034,Spain,Freyre,Diego,Small,16,2,2020
1582,10391,24,168.42,1,4042.08,1666,Shipped,Vintage Cars,44,S24_2022,"Anna's Decorations, Ltd",02 9936 8555,201 Miller Street,North Sydney,2060,Australia,O'Hara,Anna,Medium,9,3,2020
1583,10421,40,45.7,2,1828.0,1586,In Process,Vintage Cars,44,S24_2022,Mini Gifts Distributors Ltd.,4155551450,5677 Strong St.,San Rafael,97562,USA,Nelson,Valarie,Small,29,5,2020
1584,10103,36,102.23,1,3680.28,2438,Shipped,Trucks and Buses,127,S24_2300,Baane Mini Imports,07-98 9555,Erling Skakkes gate 78,Stavern,4110,Norway,Bergulfsen,Jonas,Medium,29,1,2018
1585,10114,21,139.29,5,2925.09,2377,Shipped,Trucks and Buses,127,S24_2300,"La Corne D'abondance, Co.",(1) 42.34.2555,"265, boulevard Charonne",Paris,75012,France,Bertrand,Marie,Small,1,4,2018
1586,10126,27,126.51,1,3415.77,2321,Shipped,Trucks and Buses,127,S24_2300,"Corrida Auto Replicas, Ltd",(91) 555 22 82,"C/ Araquil, 67",Madrid,28023,Spain,Sommer,Mart¡n,Medium,28,5,2018
1587,10140,47,108.62,1,5105.14,2265,Shipped,Trucks and Buses,127,S24_2300,Technics Stores Inc.,6505556809,9408 Furth Circle,Burlingame,94217,USA,Hirano,Juri,Medium,24,7,2018
1588,10151,42,121.4,8,5098.8,2207,Shipped,Trucks and Buses,127,S24_2300,"Oulu Toy Supplies, Inc.",981-443655,Torikatu 38,Oulu,90110,Finland,Koskitalo,Pirkko,Medium,21,9,2018
1589,10165,32,145.68,17,4661.76,2177,Shipped,Trucks and Buses,127,S24_2300,"Dragon Souveniers, Ltd.",+65 221 7555,"Bronz Sok., Bronz Apt. 3/6 Tesvikiye",Singapore,79903,Singapore,Natividad,Eric,Medium,22,10,2018
1590,10175,28,106.07,6,2969.96,2163,Shipped,Trucks and Buses,127,S24_2300,"Stylish Desk Decors, Co.",(171) 555-0297,35 King George,London,WX3 6FW,UK,Brown,Ann,Small,6,11,2018
1591,10184,24,145.68,11,3496.32,2156,Shipped,Trucks and Buses,127,S24_2300,"Iberia Gift Imports, Corp.",(95) 555 82 82,"C/ Romero, 33",Sevilla,41101,Spain,Roel,Jose Pedro,Medium,14,11,2018
1592,10194,49,117.57,1,5760.93,2146,Shipped,Trucks and Buses,127,S24_2300,"Saveley & Henriot, Co.",78.32.5555,"2, rue du Commerce",Lyon,69004,France,Saveley,Mary,Medium,25,11,2018
1593,10207,46,148.24,12,6819.04,2133,Shipped,Trucks and Buses,127,S24_2300,Diecast Collectables,6175552555,6251 Ingle Ln.,Boston,51003,USA,Franco,Valarie,Medium,9,12,2018
1594,10217,28,112.46,1,3148.88,2077,Shipped,Trucks and Buses,127,S24_2300,Handji Gifts& Co,+65 224 1555,Village Close - 106 Linden Road Sandown,Singapore,69045,Singapore,Victorino,Wendy,Medium,4,2,2019
1595,10229,48,118.84,6,5704.32,2043,Shipped,Trucks and Buses,127,S24_2300,Mini Gifts Distributors Ltd.,4155551450,5677 Strong St.,San Rafael,97562,USA,Nelson,Valarie,Medium,11,3,2019
1596,10246,29,121.4,10,3520.6,1989,Shipped,Trucks and Buses,127,S24_2300,Euro Shopping Channel,(91) 555 94 44,"C/ Moralzarzal, 86",Madrid,28034,Spain,Freyre,Diego,Medium,5,5,2019
1597,10259,47,112.46,9,5285.62,1949,Shipped,Trucks and Buses,127,S24_2300,Handji Gifts& Co,+65 224 1555,Village Close - 106 Linden Road Sandown,Singapore,69045,Singapore,Victorino,Wendy,Medium,15,6,2019
1598,10271,43,130.35,10,5605.05,1915,Shipped,Trucks and Buses,127,S24_2300,Mini Gifts Distributors Ltd.,4155551450,5677 Strong St.,San Rafael,97562,USA,Nelson,Valarie,Medium,20,7,2019
1599,10281,25,111.18,6,2779.5,1886,Shipped,Trucks and Buses,127,S24_2300,Diecast Classics Inc.,2155551555,7586 Pompton St.,Allentown,70267,USA,Yu,Kyung,Small,19,8,2019
1600,10291,48,112.46,1,5398.08,1867,Shipped,Trucks and Buses,127,S24_2300,Scandinavian Gift Ideas,0695-34 6555,?kergatan 24,Boras,S-844 67,Sweden,Larsson,Maria,Medium,8,9,2019
1601,10305,24,132.9,10,3189.6,1833,Shipped,Trucks and Buses,127,S24_2300,Marta's Replicas Co.,6175558555,39323 Spinnaker Dr.,Cambridge,51247,USA,Hernandez,Marta,Medium,13,10,2019
1602,10313,42,132.9,4,5581.8,1825,Shipped,Trucks and Buses,127,S24_2300,Canadian Gift Exchange Network,(604) 555-3392,1900 Oak St.,Vancouver,V3F 2K1,Canada,Tannamuri,Yoshi,Medium,22,10,2019
1603,10324,31,123.24,2,3820.44,1812,Shipped,Trucks and Buses,127,S24_2300,Vitachrome Inc.,2125551500,2678 Kingston Rd.,NYC,10022,USA,Frick,Michael,Medium,5,11,2019
1604,10334,42,131.62,5,5528.04,1799,On Hold,Trucks and Buses,127,S24_2300,"Volvo Model Replicas, Co",0921-12 3555,Berguvsvgen  8,Lule,S-958 22,Sweden,Berglund,Christina,Medium,19,11,2019
1605,10348,37,161.66,1,5981.42,1818,Shipped,Trucks and Buses,127,S24_2300,"Corrida Auto Replicas, Ltd",(91) 555 22 82,"C/ Araquil, 67",Madrid,28023,Spain,Sommer,Mart¡n,Medium,1,11,2019
1606,10358,41,138.65,7,5684.65,1780,Shipped,Trucks and Buses,127,S24_2300,Euro Shopping Channel,(91) 555 94 44,"C/ Moralzarzal, 86",Madrid,28034,Spain,Freyre,Diego,Medium,10,12,2019
1607,10371,20,172.47,5,3449.4,1737,Shipped,Trucks and Buses,127,S24_2300,Mini Gifts Distributors Ltd.,4155551450,5677 Strong St.,San Rafael,97562,USA,Nelson,Valarie,Medium,23,1,2020
1608,10382,20,132.72,3,2654.4,1713,Shipped,Trucks and Buses,127,S24_2300,Mini Gifts Distributors Ltd.,4155551450,5677 Strong St.,San Rafael,97562,USA,Nelson,Valarie,Small,17,2,2020
1609,10412,70,121.4,10,8498.0,1638,Shipped,Trucks and Buses,127,S24_2300,Euro Shopping Channel,(91) 555 94 44,"C/ Moralzarzal, 86",Madrid,28034,Spain,Freyre,Diego,Large,3,5,2020
1610,10425,49,112.46,9,5510.54,1611,In Process,Trucks and Buses,127,S24_2300,La Rochelle Gifts,40.67.8555,"67, rue des Cinquante Otages",Nantes,44000,France,Labrune,Janine,Medium,31,5,2020
1611,10108,35,58.87,15,2060.45,2432,Shipped,Motorcycles,69,S24_2360,Cruz & Sons Co.,+63 2 555 3587,15 McCallum Street - NatWest Center #13-03,Makati City,1227 MM,Philippines,Cruz,Arnold,Small,3,3,2018
1612,10121,32,76.88,2,2460.16,2368,Shipped,Motorcycles,69,S24_2360,Reims Collectables,26.47.1555,59 rue de l'Abbaye,Reims,51100,France,Henriot,Paul,Small,7,5,2018
1613,10135,29,61.64,16,1787.56,2313,Shipped,Motorcycles,69,S24_2360,Mini Gifts Distributors Ltd.,4155551450,5677 Strong St.,San Rafael,97562,USA,Nelson,Valarie,Small,2,7,2018
1614,10145,27,60.95,3,1645.65,2260,Shipped,Motorcycles,69,S24_2360,Toys4GrownUps.com,6265557265,78934 Hillside Dr.,Pasadena,90003,USA,Young,Julie,Small,25,8,2018
1615,10169,38,74.11,11,2816.18,2190,Shipped,Motorcycles,69,S24_2360,"Anna's Decorations, Ltd",02 9936 8555,201 Miller Street,North Sydney,2060,Australia,O'Hara,Anna,Small,4,11,2018
1616,10180,35,72.03,6,2521.05,2184,Shipped,Motorcycles,69,S24_2360,Daedalus Designs Imports,20.16.1555,"184, chausse de Tournai",Lille,59000,France,Rance,Martine,Small,11,11,2018
1617,10190,42,76.19,3,3199.98,2177,Shipped,Motorcycles,69,S24_2360,Euro Shopping Channel,(91) 555 94 44,"C/ Moralzarzal, 86",Madrid,28034,Spain,Freyre,Diego,Medium,19,11,2018
1618,10211,21,63.72,11,1338.12,2121,Shipped,Motorcycles,69,S24_2360,Auto Canal Petit,(1) 47.55.6555,"25, rue Lauriston",Paris,75016,France,Perrier,Dominique,Small,15,1,2019
1619,10224,37,80.34,4,2972.58,2085,Shipped,Motorcycles,69,S24_2360,Daedalus Designs Imports,20.16.1555,"184, chausse de Tournai",Lille,59000,France,Rance,Martine,Small,21,2,2019
1620,10237,26,79.65,4,2070.9,2043,Shipped,Motorcycles,69,S24_2360,Vitachrome Inc.,2125551500,2678 Kingston Rd.,NYC,10022,USA,Frick,Michael,Small,5,4,2019
1621,10252,47,65.8,8,3092.6,1993,Shipped,Motorcycles,69,S24_2360,Auto Canal Petit,(1) 47.55.6555,"25, rue Lauriston",Paris,75016,France,Perrier,Dominique,Medium,26,5,2019
1622,10264,37,65.1,6,2408.7,1959,Shipped,Motorcycles,69,S24_2360,Gifts4AllAges.com,6175559555,8616 Spinnaker Dr.,Boston,51003,USA,Yoshido,Juri,Small,30,6,2019
1623,10276,46,75.49,12,3472.54,1927,Shipped,Motorcycles,69,S24_2360,Online Mini Collectables,6175557555,7635 Spinnaker Dr.,Brickhaven,58339,USA,Barajas,Miguel,Medium,2,8,2019
1624,10285,38,59.56,3,2263.28,1903,Shipped,Motorcycles,69,S24_2360,Marta's Replicas Co.,6175558555,39323 Spinnaker Dr.,Cambridge,51247,USA,Hernandez,Marta,Small,27,8,2019
1625,10299,33,66.49,6,2194.17,1870,Shipped,Motorcycles,69,S24_2360,"Toys of Finland, Co.",90-224 8555,Keskuskatu 45,Helsinki,21240,Finland,Karttunen,Matti,Small,30,9,2019
1626,10309,24,56.1,2,1346.4,1856,Shipped,Motorcycles,69,S24_2360,Baane Mini Imports,07-98 9555,Erling Skakkes gate 78,Stavern,4110,Norway,Bergulfsen,Jonas,Small,15,10,2019
1627,10319,31,81.73,7,2533.63,1838,Shipped,Motorcycles,69,S24_2360,Microscale Inc.,2125551957,5290 North Pendale Street,NYC,10022,USA,Kuo,Kee,Small,3,11,2019
1628,10330,42,81.03,1,3403.26,1826,Shipped,Motorcycles,69,S24_2360,Cruz & Sons Co.,+63 2 555 3587,15 McCallum Street - NatWest Center #13-03,Makati City,1227 MM,Philippines,Cruz,Arnold,Medium,16,11,2019
1629,10341,32,103.35,6,3307.2,1819,Shipped,Motorcycles,69,S24_2360,Salzburg Collectables,6562-9555,Geislweg 14,Salzburg,5020,Austria,Pipps,Georg,Medium,24,11,2019
1630,10355,41,70.65,3,2896.65,1807,Shipped,Motorcycles,69,S24_2360,Euro Shopping Channel,(91) 555 94 44,"C/ Moralzarzal, 86",Madrid,28034,Spain,Freyre,Diego,Small,7,12,2019
1631,10363,43,61.23,14,2632.89,1778,Shipped,Motorcycles,69,S24_2360,Suominen Souveniers,+358 9 8045 555,"Software Engineering Center, SEC Oy",Espoo,FIN-02271,Finland,Suominen,Kalle,Small,6,1,2020
1632,10375,20,102.3,14,2046.0,1751,Shipped,Motorcycles,69,S24_2360,La Rochelle Gifts,40.67.8555,"67, rue des Cinquante Otages",Nantes,44000,France,Labrune,Janine,Small,3,2,2020
1633,10390,35,65.13,4,2279.55,1722,Shipped,Motorcycles,69,S24_2360,Mini Gifts Distributors Ltd.,4155551450,5677 Strong St.,San Rafael,97562,USA,Nelson,Valarie,Small,4,3,2020
1634,10403,27,79.65,4,2150.55,1688,Shipped,Motorcycles,69,S24_2360,"UK Collectables, Ltd.",(171) 555-2282,Berkeley Gardens 12  Brewery,Liverpool,WX1 6LT,UK,Devon,Elizabeth,Small,8,4,2020
1635,10110,43,78.15,11,3360.45,2441,Shipped,Classic Cars,90,S24_2766,"AV Stores, Co.",(171) 555-1555,Fauntleroy Circus,Manchester,EC2 5NT,UK,Ashworth,Victoria,Medium,18,3,2018
1636,10124,32,72.7,10,2326.4,2378,Shipped,Classic Cars,90,S24_2766,Signal Gift Stores,7025551838,8489 Strong St.,Las Vegas,83030,USA,King,Sue,Small,21,5,2018
1637,10148,21,73.6,4,1545.6,2266,Shipped,Classic Cars,90,S24_2766,"Anna's Decorations, Ltd",02 9936 8555,201 Miller Street,North Sydney,2060,Australia,O'Hara,Anna,Small,11,9,2018
1638,10161,20,107.23,3,2144.6,2231,Shipped,Classic Cars,90,S24_2766,Heintze Collectables,86 21 3555,Smagsloget 45,Aaarhus,8200,Denmark,Ibsen,Palle,Small,17,10,2018
1639,10172,22,74.51,1,1639.22,2213,Shipped,Classic Cars,90,S24_2766,Gift Depot Inc.,2035552570,25593 South Bay Ln.,Bridgewater,97562,USA,King,Julie,Small,5,11,2018
1640,10182,36,73.6,14,2649.6,2207,Shipped,Classic Cars,90,S24_2766,Mini Gifts Distributors Ltd.,4155551450,5677 Strong St.,San Rafael,97562,USA,Nelson,Valarie,Small,12,11,2018
1641,10192,46,83.6,2,3845.6,2200,Shipped,Classic Cars,90,S24_2766,Online Diecast Creations Co.,6035558647,2304 Long Airport Avenue,Nashua,62005,USA,Young,Valarie,Medium,20,11,2018
1642,10204,47,96.32,8,4527.04,2189,Shipped,Classic Cars,90,S24_2766,Muscle Machine Inc,2125557413,4092 Furth Circle,NYC,10022,USA,Young,Jeff,Medium,2,12,2018
1643,10212,45,88.14,1,3966.3,2145,Shipped,Classic Cars,90,S24_2766,Euro Shopping Channel,(91) 555 94 44,"C/ Moralzarzal, 86",Madrid,28034,Spain,Freyre,Diego,Medium,16,1,2019
1644,10227,47,88.14,14,4142.58,2101,Shipped,Classic Cars,90,S24_2766,"Saveley & Henriot, Co.",78.32.5555,"2, rue du Commerce",Lyon,69004,France,Saveley,Mary,Medium,2,3,2019
1645,10241,47,94.5,6,4441.5,2060,Shipped,Classic Cars,90,S24_2766,Mini Caravy,88.60.1555,"24, place Kluber",Strasbourg,67000,France,Citeaux,Frederique,Medium,13,4,2019
1646,10267,38,87.24,3,3315.12,1976,Shipped,Classic Cars,90,S24_2766,Muscle Machine Inc,2125557413,4092 Furth Circle,NYC,10022,USA,Young,Jeff,Medium,7,7,2019
1647,10279,49,79.97,3,3918.53,1944,Shipped,Classic Cars,90,S24_2766,Euro Shopping Channel,(91) 555 94 44,"C/ Moralzarzal, 86",Madrid,28034,Spain,Freyre,Diego,Medium,9,8,2019
1648,10288,35,80.87,9,2830.45,1922,Shipped,Classic Cars,90,S24_2766,Handji Gifts& Co,+65 224 1555,Village Close - 106 Linden Road Sandown,Singapore,69045,Singapore,Victorino,Wendy,Small,1,9,2019
1649,10302,49,108.14,5,5298.86,2253,Shipped,Classic Cars,90,S24_2766,"UK Collectables, Ltd.",(171) 555-2282,Berkeley Gardens 12  Brewery,Liverpool,WX1 6LT,UK,Devon,Elizabeth,Medium,6,10,2018
1650,10311,28,93.6,4,2620.8,1879,Shipped,Classic Cars,90,S24_2766,Euro Shopping Channel,(91) 555 94 44,"C/ Moralzarzal, 86",Madrid,28034,Spain,Freyre,Diego,Small,16,10,2019
1651,10321,30,72.7,1,2181.0,1861,Shipped,Classic Cars,90,S24_2766,FunGiftIdeas.com,5085552555,1785 First Street,New Bedford,50553,USA,Benitez,Violeta,Small,4,11,2019
1652,10332,39,86.72,7,3382.08,1849,Shipped,Classic Cars,90,S24_2766,"AV Stores, Co.",(171) 555-1555,Fauntleroy Circus,Manchester,EC2 5NT,UK,Ashworth,Victoria,Medium,17,11,2019
1653,10346,25,115.07,1,2876.75,1838,Shipped,Classic Cars,90,S24_2766,Signal Gift Stores,7025551838,8489 Strong St.,Las Vegas,83030,USA,King,Sue,Small,29,11,2019
1654,10368,40,102.68,2,4107.2,1788,Shipped,Classic Cars,90,S24_2766,Mini Gifts Distributors Ltd.,4155551450,5677 Strong St.,San Rafael,97562,USA,Nelson,Valarie,Medium,19,1,2020
1655,10380,36,37.5,6,1350.0,1761,Shipped,Classic Cars,90,S24_2766,Euro Shopping Channel,(91) 555 94 44,"C/ Moralzarzal, 86",Madrid,28034,Spain,Freyre,Diego,Small,16,2,2020
1656,10407,76,94.5,6,7182.0,1696,On Hold,Classic Cars,90,S24_2766,The Sharp Gifts Warehouse,4085553659,3086 Ingle Ln.,San Jose,94217,USA,Frick,Sue,Large,22,4,2020
1657,10420,39,100.87,9,3933.93,1660,In Process,Classic Cars,90,S24_2766,Souveniers And Things Co.,+61 2 9495 8555,"Monitor Money Building, 815 Pacific Hwy",Chatswood,2067,Australia,Huxley,Adrian,Medium,29,5,2020
1658,10104,44,39.6,10,1742.4,2510,Shipped,Classic Cars,35,S24_2840,Euro Shopping Channel,(91) 555 94 44,"C/ Moralzarzal, 86",Madrid,28034,Spain,Freyre,Diego,Small,31,1,2018
1659,10114,24,30.06,1,721.44,2451,Shipped,Classic Cars,35,S24_2840,"La Corne D'abondance, Co.",(1) 42.34.2555,"265, boulevard Charonne",Paris,75012,France,Bertrand,Marie,Small,1,4,2018
1660,10127,39,38.19,12,1489.41,2389,Shipped,Classic Cars,35,S24_2840,Muscle Machine Inc,2125557413,4092 Furth Circle,NYC,10022,USA,Young,Jeff,Small,3,6,2018
1661,10141,21,42.43,6,891.03,2331,Shipped,Classic Cars,35,S24_2840,Suominen Souveniers,+358 9 8045 555,"Software Engineering Center, SEC Oy",Espoo,FIN-02271,Finland,Suominen,Kalle,Small,1,8,2018
1662,10151,30,40.31,4,1209.3,2281,Shipped,Classic Cars,35,S24_2840,"Oulu Toy Supplies, Inc.",981-443655,Torikatu 38,Oulu,90110,Finland,Koskitalo,Pirkko,Small,21,9,2018
1663,10165,27,31.82,13,859.14,2251,Shipped,Classic Cars,35,S24_2840,"Dragon Souveniers, Ltd.",+65 221 7555,"Bronz Sok., Bronz Apt. 3/6 Tesvikiye",Singapore,79903,Singapore,Natividad,Eric,Small,22,10,2018
1664,10175,37,31.12,2,1151.44,2237,Shipped,Classic Cars,35,S24_2840,"Stylish Desk Decors, Co.",(171) 555-0297,35 King George,London,WX3 6FW,UK,Brown,Ann,Small,6,11,2018
1665,10184,42,31.82,7,1336.44,2230,Shipped,Classic Cars,35,S24_2840,"Iberia Gift Imports, Corp.",(95) 555 82 82,"C/ Romero, 33",Sevilla,41101,Spain,Roel,Jose Pedro,Small,14,11,2018
1666,10195,32,28.29,7,905.28,2220,Shipped,Classic Cars,35,S24_2840,Mini Classics,9145554562,3758 North Pendale Street,White Plains,24067,USA,Frick,Steve,Small,25,11,2018
1667,10207,42,29.7,8,1247.4,2207,Shipped,Classic Cars,35,S24_2840,Diecast Collectables,6175552555,6251 Ingle Ln.,Boston,51003,USA,Franco,Valarie,Small,9,12,2018
1668,10219,21,40.31,3,846.51,2145,Shipped,Classic Cars,35,S24_2840,Signal Collectibles Ltd.,4155554312,2793 Furth Circle,Brisbane,94217,USA,Taylor,Sue,Small,10,2,2019
1669,10229,33,32.88,2,1085.04,2117,Shipped,Classic Cars,35,S24_2840,Mini Gifts Distributors Ltd.,4155551450,5677 Strong St.,San Rafael,97562,USA,Nelson,Valarie,Small,11,3,2019
1670,10246,49,36.07,6,1767.43,2063,Shipped,Classic Cars,35,S24_2840,Euro Shopping Channel,(91) 555 94 44,"C/ Moralzarzal, 86",Madrid,28034,Spain,Freyre,Diego,Small,5,5,2019
1671,10259,31,33.24,5,1030.44,2023,Shipped,Classic Cars,35,S24_2840,Handji Gifts& Co,+65 224 1555,Village Close - 106 Linden Road Sandown,Singapore,69045,Singapore,Victorino,Wendy,Small,15,6,2019
1672,10271,38,41.72,6,1585.36,1989,Shipped,Classic Cars,35,S24_2840,Mini Gifts Distributors Ltd.,4155551450,5677 Strong St.,San Rafael,97562,USA,Nelson,Valarie,Small,20,7,2019
1673,10281,20,40.66,2,813.2,1960,Shipped,Classic Cars,35,S24_2840,Diecast Classics Inc.,2155551555,7586 Pompton St.,Allentown,70267,USA,Yu,Kyung,Small,19,8,2019
1674,10292,39,30.06,9,1172.34,1941,Shipped,Classic Cars,35,S24_2840,Land of Toys Inc.,2125557818,897 Long Airport Avenue,NYC,10022,USA,Yu,Kwai,Small,8,9,2019
1675,10305,48,31.47,6,1510.56,1907,Shipped,Classic Cars,35,S24_2840,Marta's Replicas Co.,6175558555,39323 Spinnaker Dr.,Cambridge,51247,USA,Hernandez,Marta,Small,13,10,2019
1676,10314,39,37.13,15,1448.07,1899,Shipped,Classic Cars,35,S24_2840,Heintze Collectables,86 21 3555,Smagsloget 45,Aaarhus,8200,Denmark,Ibsen,Palle,Small,22,10,2019
1677,10324,30,111.27,9,3338.1,1886,Shipped,Classic Cars,35,S24_2840,Vitachrome Inc.,2125551500,2678 Kingston Rd.,NYC,10022,USA,Frick,Michael,Medium,5,11,2019
1678,10335,33,37.13,2,1225.29,1873,Shipped,Classic Cars,35,S24_2840,Mini Gifts Distributors Ltd.,4155551450,5677 Strong St.,San Rafael,97562,USA,Nelson,Valarie,Small,19,11,2019
1679,10349,36,37.13,3,1336.68,1862,Shipped,Classic Cars,35,S24_2840,Muscle Machine Inc,2125557413,4092 Furth Circle,NYC,10022,USA,Young,Jeff,Small,1,12,2019
1680,10358,36,82.94,4,2985.84,1854,Shipped,Classic Cars,35,S24_2840,Euro Shopping Channel,(91) 555 94 44,"C/ Moralzarzal, 86",Madrid,28034,Spain,Freyre,Diego,Small,10,12,2019
1681,10371,45,123.24,8,5545.8,1811,Shipped,Classic Cars,35,S24_2840,Mini Gifts Distributors Ltd.,4155551450,5677 Strong St.,San Rafael,97562,USA,Nelson,Valarie,Medium,23,1,2020
1682,10383,40,152.24,3,6089.6,1782,Shipped,Classic Cars,35,S24_2840,Euro Shopping Channel,(91) 555 94 44,"C/ Moralzarzal, 86",Madrid,28034,Spain,Freyre,Diego,Medium,22,2,2020
1683,10394,46,38.9,6,1789.4,1761,Shipped,Classic Cars,35,S24_2840,Euro Shopping Channel,(91) 555 94 44,"C/ Moralzarzal, 86",Madrid,28034,Spain,Freyre,Diego,Small,15,3,2020
1684,10412,30,36.07,6,1082.1,1713,Shipped,Classic Cars,35,S24_2840,Euro Shopping Channel,(91) 555 94 44,"C/ Moralzarzal, 86",Madrid,28034,Spain,Freyre,Diego,Small,3,5,2020
1685,10425,31,33.24,5,1030.44,1686,In Process,Classic Cars,35,S24_2840,La Rochelle Gifts,40.67.8555,"67, rue des Cinquante Otages",Nantes,44000,France,Labrune,Janine,Small,31,5,2020
1686,10106,49,74.68,13,3659.32,2521,Shipped,Planes,68,S24_2841,Rovelli Gifts,035-640555,Via Ludovico il Moro 22,Bergamo,24100,Italy,Rovelli,Giovanni,Medium,17,2,2018
1687,10119,41,59.6,4,2443.6,2452,Shipped,Planes,68,S24_2841,Salzburg Collectables,6562-9555,Geislweg 14,Salzburg,5020,Austria,Pipps,Georg,Small,28,4,2018
1688,10131,35,67.14,5,2349.9,2404,Shipped,Planes,68,S24_2841,Gift Ideas Corp.,2035554407,2440 Pompton St.,Glendale,97561,USA,Lewis,Dan,Small,16,6,2018
1689,10143,27,60.97,8,1646.19,2350,Shipped,Planes,68,S24_2841,Mini Creations Ltd.,5085559555,4575 Hillside Dr.,New Bedford,50553,USA,Tam,Wing C,Small,10,8,2018
1690,10155,23,72.62,6,1670.26,2294,Shipped,Planes,68,S24_2841,"Toys of Finland, Co.",90-224 8555,Keskuskatu 45,Helsinki,21240,Finland,Karttunen,Matti,Small,6,10,2018
1691,10167,21,69.88,2,1467.48,2278,Cancelled,Planes,68,S24_2841,Scandinavian Gift Ideas,0695-34 6555,?kergatan 24,Boras,S-844 67,Sweden,Larsson,Maria,Small,23,10,2018
1692,10178,34,80.84,5,2748.56,2263,Shipped,Planes,68,S24_2841,Alpha Cognac,61.77.6555,1 rue Alsace-Lorraine,Toulouse,31000,France,Roulet,Annette,Small,8,11,2018
1693,10186,22,69.2,2,1522.4,2258,Shipped,Planes,68,S24_2841,"Double Decker Gift Stores, Ltd",(171) 555-7555,120 Hanover Sq.,London,WA1 1DP,UK,Hardy,Thomas,Small,14,11,2018
1694,10198,48,67.82,5,3255.36,2246,Shipped,Planes,68,S24_2841,Cruz & Sons Co.,+63 2 555 3587,15 McCallum Street - NatWest Center #13-03,Makati City,1227 MM,Philippines,Cruz,Arnold,Medium,27,11,2018
1695,10222,32,81.53,5,2608.96,2163,Shipped,Planes,68,S24_2841,Collectable Mini Designs Co.,7605558146,361 Furth Circle,San Diego,91217,USA,Thompson,Valarie,Small,19,2,2019
1696,10249,20,67.82,1,1356.4,2086,Shipped,Planes,68,S24_2841,Cambridge Collectables Co.,6175555555,4658 Baden Av.,Cambridge,51247,USA,Tseng,Kyung,Small,8,5,2019
1697,10262,24,67.14,10,1611.36,2040,Cancelled,Planes,68,S24_2841,Euro Shopping Channel,(91) 555 94 44,"C/ Moralzarzal, 86",Madrid,28034,Spain,Freyre,Diego,Small,24,6,2019
1698,10274,40,65.08,2,2603.2,2014,Shipped,Planes,68,S24_2841,Collectables For Less Inc.,6175558555,7825 Douglas Av.,Brickhaven,58339,USA,Nelson,Allen,Small,21,7,2019
1699,10284,30,73.99,12,2219.7,1984,Shipped,Planes,68,S24_2841,"Norway Gifts By Mail, Co.",+47 2212 1555,"Drammensveien 126 A, PB 744 Sentrum",Oslo,N 0106,Norway,Klaeboe,Jan,Small,21,8,2019
1700,10296,21,71.25,8,1496.25,1960,Shipped,Planes,68,S24_2841,"Bavarian Collectables Imports, Co.",+49 89 61 08 9555,Hansastr. 15,Munich,80686,Germany,Donnermeyer,Michael,Small,15,9,2019
1701,10307,25,75.36,2,1884.0,1932,Shipped,Planes,68,S24_2841,"Classic Gift Ideas, Inc",2155554695,782 First Street,Philadelphia,71270,USA,Cervantes,Francisca,Small,14,10,2019
1702,10316,34,63.71,10,2166.14,1915,Shipped,Planes,68,S24_2841,giftsbymail.co.uk,(198) 555-8888,Garden House Crowther Way,Cowes,PO31 7PJ,UK,Bennett,Helen,Small,1,11,2019
1703,10328,48,58.92,1,2828.16,1905,Shipped,Planes,68,S24_2841,Rovelli Gifts,035-640555,Via Ludovico il Moro 22,Bergamo,24100,Italy,Rovelli,Giovanni,Small,12,11,2019
1704,10339,55,112.99,12,6214.45,1895,Shipped,Planes,68,S24_2841,"Tokyo Collectables, Ltd",+81 3 3584 0555,2-2-8 Roppongi,Minato-ku,106-0032,Japan,Shimamura,Akiko,Medium,23,11,2019
1705,10351,25,74.68,5,1867.0,1886,Shipped,Planes,68,S24_2841,"Stylish Desk Decors, Co.",(171) 555-0297,35 King George,London,WX3 6FW,UK,Brown,Ann,Small,3,12,2019
1706,10373,38,70.44,7,2676.72,1828,Shipped,Planes,68,S24_2841,"Oulu Toy Supplies, Inc.",981-443655,Torikatu 38,Oulu,90110,Finland,Koskitalo,Pirkko,Small,31,1,2020
1707,10386,39,55.96,1,2182.44,1799,Resolved,Planes,68,S24_2841,Euro Shopping Channel,(91) 555 94 44,"C/ Moralzarzal, 86",Madrid,28034,Spain,Freyre,Diego,Small,1,3,2020
1708,10398,28,57.55,3,1611.4,1771,Shipped,Planes,68,S24_2841,Reims Collectables,26.47.1555,59 rue de l'Abbaye,Reims,51100,France,Henriot,Paul,Small,30,3,2020
1709,10400,24,61.66,2,1479.84,1770,Shipped,Planes,68,S24_2841,The Sharp Gifts Warehouse,4085553659,3086 Ingle Ln.,San Jose,94217,USA,Frick,Sue,Small,1,4,2020
1710,10415,21,67.82,1,1424.22,1733,Disputed,Planes,68,S24_2841,"Australian Collectables, Ltd",61-9-3844-6555,7 Allen Street,Glen Waverly,3150,Australia,Connery,Sean,Small,9,5,2020
1711,10110,46,129.18,10,5942.28,2517,Shipped,Classic Cars,117,S24_2887,"AV Stores, Co.",(171) 555-1555,Fauntleroy Circus,Manchester,EC2 5NT,UK,Ashworth,Victoria,Medium,18,3,2018
1712,10124,25,93.95,9,2348.75,2454,Shipped,Classic Cars,117,S24_2887,Signal Gift Stores,7025551838,8489 Strong St.,Las Vegas,83030,USA,King,Sue,Small,21,5,2018
1713,10148,34,129.18,3,4392.12,2342,Shipped,Classic Cars,117,S24_2887,"Anna's Decorations, Ltd",02 9936 8555,201 Miller Street,North Sydney,2060,Australia,O'Hara,Anna,Medium,11,9,2018
1714,10161,25,110.39,2,2759.75,2307,Shipped,Classic Cars,117,S24_2887,Heintze Collectables,86 21 3555,Smagsloget 45,Aaarhus,8200,Denmark,Ibsen,Palle,Small,17,10,2018
1715,10173,23,118.61,16,2728.03,2289,Shipped,Classic Cars,117,S24_2887,Rovelli Gifts,035-640555,Via Ludovico il Moro 22,Bergamo,24100,Italy,Rovelli,Giovanni,Small,5,11,2018
1716,10182,20,119.79,13,2395.8,2283,Shipped,Classic Cars,117,S24_2887,Mini Gifts Distributors Ltd.,4155551450,5677 Strong St.,San Rafael,97562,USA,Nelson,Valarie,Small,12,11,2018
1717,10192,23,132.71,1,3052.33,2276,Shipped,Classic Cars,117,S24_2887,Online Diecast Creations Co.,6035558647,2304 Long Airport Avenue,Nashua,62005,USA,Young,Valarie,Medium,20,11,2018
1718,10204,42,101.0,7,4242.0,2265,Shipped,Classic Cars,117,S24_2887,Muscle Machine Inc,2125557413,4092 Furth Circle,NYC,10022,USA,Young,Jeff,Medium,2,12,2018
1719,10213,27,103.35,3,2790.45,2215,Shipped,Classic Cars,117,S24_2887,"Double Decker Gift Stores, Ltd",(171) 555-7555,120 Hanover Sq.,London,WA1 1DP,UK,Hardy,Thomas,Small,22,1,2019
1720,10227,33,131.53,13,4340.49,2177,Shipped,Classic Cars,117,S24_2887,"Saveley & Henriot, Co.",78.32.5555,"2, rue du Commerce",Lyon,69004,France,Saveley,Mary,Medium,2,3,2019
1721,10241,28,98.65,5,2762.2,2136,Shipped,Classic Cars,117,S24_2887,Mini Caravy,88.60.1555,"24, place Kluber",Strasbourg,67000,France,Citeaux,Frederique,Small,13,4,2019
1722,10267,43,108.04,2,4645.72,2052,Shipped,Classic Cars,117,S24_2887,Muscle Machine Inc,2125557413,4092 Furth Circle,NYC,10022,USA,Young,Jeff,Medium,7,7,2019
1723,10279,48,116.27,2,5580.96,2020,Shipped,Classic Cars,117,S24_2887,Euro Shopping Channel,(91) 555 94 44,"C/ Moralzarzal, 86",Madrid,28034,Spain,Freyre,Diego,Medium,9,8,2019
1724,10288,48,136.23,8,6539.04,1998,Shipped,Classic Cars,117,S24_2887,Handji Gifts& Co,+65 224 1555,Village Close - 106 Linden Road Sandown,Singapore,69045,Singapore,Victorino,Wendy,Medium,1,9,2019
1725,10302,45,123.31,4,5548.95,2329,Shipped,Classic Cars,117,S24_2887,"UK Collectables, Ltd.",(171) 555-2282,Berkeley Gardens 12  Brewery,Liverpool,WX1 6LT,UK,Devon,Elizabeth,Medium,6,10,2018
1726,10311,43,106.87,3,4595.41,1955,Shipped,Classic Cars,117,S24_2887,Euro Shopping Channel,(91) 555 94 44,"C/ Moralzarzal, 86",Madrid,28034,Spain,Freyre,Diego,Medium,16,10,2019
1727,10332,44,42.26,11,1859.44,1924,Shipped,Classic Cars,117,S24_2887,"AV Stores, Co.",(171) 555-1555,Fauntleroy Circus,Manchester,EC2 5NT,UK,Ashworth,Victoria,Small,17,11,2019
1728,10346,24,87.24,5,2093.76,1913,Shipped,Classic Cars,117,S24_2887,Signal Gift Stores,7025551838,8489 Strong St.,Las Vegas,83030,USA,King,Sue,Small,29,11,2019
1729,10368,31,136.23,5,4223.13,1863,Shipped,Classic Cars,117,S24_2887,Mini Gifts Distributors Ltd.,4155551450,5677 Strong St.,San Rafael,97562,USA,Nelson,Valarie,Medium,19,1,2020
1730,10380,44,36.29,7,1596.76,1836,Shipped,Classic Cars,117,S24_2887,Euro Shopping Channel,(91) 555 94 44,"C/ Moralzarzal, 86",Madrid,28034,Spain,Freyre,Diego,Small,16,2,2020
1731,10407,59,98.65,5,5820.35,1771,On Hold,Classic Cars,117,S24_2887,The Sharp Gifts Warehouse,4085553659,3086 Ingle Ln.,San Jose,94217,USA,Frick,Sue,Medium,22,4,2020
1732,10420,55,96.3,8,5296.5,1735,In Process,Classic Cars,117,S24_2887,Souveniers And Things Co.,+61 2 9495 8555,"Monitor Money Building, 815 Pacific Hwy",Chatswood,2067,Australia,Huxley,Adrian,Medium,29,5,2020
1733,10109,29,32.1,6,930.9,2547,Shipped,Classic Cars,37,S24_2972,Motor Mint Distributors Inc.,2155559857,11328 Douglas Av.,Philadelphia,71270,USA,Hernandez,Rosa,Small,10,3,2018
1734,10122,39,30.96,4,1207.44,2489,Shipped,Classic Cars,37,S24_2972,Marseille Mini Autos,91.24.4555,"12, rue des Bouchers",Marseille,13008,France,Lebihan,Laurence,Small,8,5,2018
1735,10135,20,35.87,1,717.4,2435,Shipped,Classic Cars,37,S24_2972,Mini Gifts Distributors Ltd.,4155551450,5677 Strong St.,San Rafael,97562,USA,Nelson,Valarie,Small,2,7,2018
1736,10147,25,42.67,1,1066.75,2371,Shipped,Classic Cars,37,S24_2972,Collectables For Less Inc.,6175558555,7825 Douglas Av.,Brickhaven,58339,USA,Nelson,Allen,Small,5,9,2018
1737,10171,36,35.49,4,1277.64,2311,Shipped,Classic Cars,37,S24_2972,Quebec Home Shopping Network,(514) 555-8054,43 rue St. Laurent,Montreal,H1J 1C3,Canada,Fresnisre,Jean,Small,5,11,2018
1738,10181,37,42.67,8,1578.79,2305,Shipped,Classic Cars,37,S24_2972,Herkku Gifts,+47 2267 3215,"Drammen 121, PR 744 Sentrum",Bergen,N 5804,Norway,Oeztan,Veysel,Small,12,11,2018
1739,10192,30,30.59,13,917.7,2298,Shipped,Classic Cars,37,S24_2972,Online Diecast Creations Co.,6035558647,2304 Long Airport Avenue,Nashua,62005,USA,Young,Valarie,Small,20,11,2018
1740,10203,21,37.0,2,777.0,2287,Shipped,Classic Cars,37,S24_2972,Euro Shopping Channel,(91) 555 94 44,"C/ Moralzarzal, 86",Madrid,28034,Spain,Freyre,Diego,Small,2,12,2018
1741,10212,34,43.42,12,1476.28,2243,Shipped,Classic Cars,37,S24_2972,Euro Shopping Channel,(91) 555 94 44,"C/ Moralzarzal, 86",Madrid,28034,Spain,Freyre,Diego,Small,16,1,2019
1742,10225,42,36.63,3,1538.46,2207,Shipped,Classic Cars,37,S24_2972,"Vida Sport, Ltd",0897-034555,Grenzacherweg 237,Gensve,1203,Switzerland,Holz,Michael,Small,22,2,2019
1743,10239,20,44.56,2,891.2,2159,Shipped,Classic Cars,37,S24_2972,"Oulu Toy Supplies, Inc.",981-443655,Torikatu 38,Oulu,90110,Finland,Koskitalo,Pirkko,Small,12,4,2019
1744,10253,40,42.67,7,1706.8,2110,Cancelled,Classic Cars,37,S24_2972,"UK Collectables, Ltd.",(171) 555-2282,Berkeley Gardens 12  Brewery,Liverpool,WX1 6LT,UK,Devon,Elizabeth,Small,1,6,2019
1745,10266,34,40.4,8,1373.6,2076,Shipped,Classic Cars,37,S24_2972,L'ordine Souveniers,0522-556555,Strada Provinciale 124,Reggio Emilia,42100,Italy,Moroni,Maurizio,Small,6,7,2019
1746,10278,31,38.89,8,1205.59,2046,Shipped,Classic Cars,37,S24_2972,Signal Gift Stores,7025551838,8489 Strong St.,Las Vegas,83030,USA,King,Sue,Small,6,8,2019
1747,10287,36,39.65,6,1427.4,2023,Shipped,Classic Cars,37,S24_2972,"Vida Sport, Ltd",0897-034555,Grenzacherweg 237,Gensve,1203,Switzerland,Holz,Michael,Small,30,8,2019
1748,10301,48,34.36,10,1649.28,2353,Shipped,Classic Cars,37,S24_2972,"Norway Gifts By Mail, Co.",+47 2212 1555,"Drammensveien 126 A, PB 744 Sentrum",Oslo,N 0106,Norway,Klaeboe,Jan,Small,5,10,2018
1749,10310,33,41.91,4,1383.03,1978,Shipped,Classic Cars,37,S24_2972,"Toms Spezialitten, Ltd",0221-5554327,Mehrheimerstr. 369,Koln,50739,Germany,Pfalzheim,Henriette,Small,16,10,2019
1750,10321,37,33.23,12,1229.51,1960,Shipped,Classic Cars,37,S24_2972,FunGiftIdeas.com,5085552555,1785 First Street,New Bedford,50553,USA,Benitez,Violeta,Small,4,11,2019
1751,10331,27,42.24,13,1140.48,1948,Shipped,Classic Cars,37,S24_2972,Motor Mint Distributors Inc.,2155559857,11328 Douglas Av.,Philadelphia,71270,USA,Hernandez,Rosa,Small,17,11,2019
1752,10342,39,40.4,9,1575.6,1942,Shipped,Classic Cars,37,S24_2972,"Australian Collectors, Co.",03 9520 4555,636 St Kilda Road,Melbourne,3004,Australia,Ferguson,Peter,Small,24,11,2019
1753,10355,36,38.52,4,1386.72,1930,Shipped,Classic Cars,37,S24_2972,Euro Shopping Channel,(91) 555 94 44,"C/ Moralzarzal, 86",Madrid,28034,Spain,Freyre,Diego,Small,7,12,2019
1754,10367,36,139.4,2,5018.4,1895,Resolved,Classic Cars,37,S24_2972,Toys4GrownUps.com,6265557265,78934 Hillside Dr.,Pasadena,90003,USA,Young,Julie,Medium,12,1,2020
1755,10378,41,142.85,7,5856.85,1867,Shipped,Classic Cars,37,S24_2972,Euro Shopping Channel,(91) 555 94 44,"C/ Moralzarzal, 86",Madrid,28034,Spain,Freyre,Diego,Medium,10,2,2020
1756,10390,37,132.29,5,4894.73,1845,Shipped,Classic Cars,37,S24_2972,Mini Gifts Distributors Ltd.,4155551450,5677 Strong St.,San Rafael,97562,USA,Nelson,Valarie,Medium,4,3,2020
1757,10405,47,44.56,2,2094.32,1805,Shipped,Classic Cars,37,S24_2972,Mini Caravy,88.60.1555,"24, place Kluber",Strasbourg,67000,France,Citeaux,Frederique,Small,14,4,2020
1758,10419,15,42.67,7,640.05,1773,Shipped,Classic Cars,37,S24_2972,Salzburg Collectables,6562-9555,Geislweg 14,Salzburg,5020,Austria,Pipps,Georg,Small,17,5,2020
1759,10105,44,72.58,4,3193.52,2600,Shipped,Vintage Cars,88,S24_3151,Danish Wholesale Imports,31 12 3555,Vinb'ltet 34,Kobenhavn,1734,Denmark,Petersen,Jytte,Medium,11,2,2018
1760,10119,35,87.62,13,3066.7,2525,Shipped,Vintage Cars,88,S24_3151,Salzburg Collectables,6562-9555,Geislweg 14,Salzburg,5020,Austria,Pipps,Georg,Medium,28,4,2018
1761,10129,41,94.71,4,3883.11,2481,Shipped,Vintage Cars,88,S24_3151,"Stylish Desk Decors, Co.",(171) 555-0297,35 King George,London,WX3 6FW,UK,Brown,Ann,Medium,12,6,2018
1762,10142,49,98.25,1,4814.25,2425,Shipped,Vintage Cars,88,S24_3151,Mini Gifts Distributors Ltd.,4155551450,5677 Strong St.,San Rafael,97562,USA,Nelson,Valarie,Medium,8,8,2018
1763,10154,31,91.17,2,2826.27,2371,Shipped,Vintage Cars,88,S24_3151,Boards & Toys Co.,3105552373,4097 Douglas Av.,Glendale,92561,USA,Young,Leslie,Small,2,10,2018
1764,10167,20,79.66,11,1593.2,2351,Cancelled,Vintage Cars,88,S24_3151,Scandinavian Gift Ideas,0695-34 6555,?kergatan 24,Boras,S-844 67,Sweden,Larsson,Maria,Small,23,10,2018
1765,10177,45,72.58,2,3266.1,2337,Shipped,Vintage Cars,88,S24_3151,CAF Imports,+34 913 728 555,"Merchants House, 27-30 Merchant's Quay",Madrid,28023,Spain,Fernandez,Jesus,Medium,7,11,2018
1766,10185,33,74.35,2,2453.55,2331,Shipped,Vintage Cars,88,S24_3151,Mini Creations Ltd.,5085559555,4575 Hillside Dr.,New Bedford,50553,USA,Tam,Wing C,Small,14,11,2018
1767,10197,47,83.2,8,3910.4,2320,Shipped,Vintage Cars,88,S24_3151,Enaco Distributors,(93) 203 4555,"Rambla de Catalu¤a, 23",Barcelona,8022,Spain,Saavedra,Eduardo,Medium,26,11,2018
1768,10208,20,89.4,2,1788.0,2284,Shipped,Vintage Cars,88,S24_3151,"Saveley & Henriot, Co.",78.32.5555,"2, rue du Commerce",Lyon,69004,France,Saveley,Mary,Small,2,1,2019
1769,10222,47,70.81,14,3328.07,2237,Shipped,Vintage Cars,88,S24_3151,Collectable Mini Designs Co.,7605558146,361 Furth Circle,San Diego,91217,USA,Thompson,Valarie,Medium,19,2,2019
1770,10233,40,94.71,2,3788.4,2200,Shipped,Vintage Cars,88,S24_3151,Tekni Collectables Inc.,2015559350,7476 Moss Rd.,Newark,94019,USA,Brown,William,Medium,29,3,2019
1771,10248,30,101.79,5,3053.7,2162,Cancelled,Vintage Cars,88,S24_3151,Land of Toys Inc.,2125557818,897 Long Airport Avenue,NYC,10022,USA,Yu,Kwai,Medium,7,5,2019
1772,10261,22,91.17,3,2005.74,2122,Shipped,Vintage Cars,88,S24_3151,Quebec Home Shopping Network,(514) 555-8054,43 rue St. Laurent,Montreal,H1J 1C3,Canada,Fresnisre,Jean,Small,17,6,2019
1773,10273,27,103.56,6,2796.12,2089,Shipped,Vintage Cars,88,S24_3151,Petit Auto,(02) 5554 67,Rue Joseph-Bens 532,Bruxelles,B-1180,Belgium,Dewey,Catherine,Small,21,7,2019
1774,10283,34,92.94,8,3159.96,2060,Shipped,Vintage Cars,88,S24_3151,"Royal Canadian Collectables, Ltd.",(604) 555-4555,23 Tsawassen Blvd.,Tsawassen,T2F 8M4,Canada,Lincoln,Elizabeth,Medium,20,8,2019
1775,10295,46,84.97,3,3908.62,2040,Shipped,Vintage Cars,88,S24_3151,Gifts4AllAges.com,6175559555,8616 Spinnaker Dr.,Boston,51003,USA,Yoshido,Juri,Medium,10,9,2019
1776,10306,31,84.08,2,2606.48,2007,Shipped,Vintage Cars,88,S24_3151,"AV Stores, Co.",(171) 555-1555,Fauntleroy Circus,Manchester,EC2 5NT,UK,Ashworth,Victoria,Small,14,10,2019
1777,10315,24,86.74,1,2081.76,1993,Shipped,Vintage Cars,88,S24_3151,La Rochelle Gifts,40.67.8555,"67, rue des Cinquante Otages",Nantes,44000,France,Labrune,Janine,Small,29,10,2019
1778,10326,41,85.85,3,3519.85,1983,Shipped,Vintage Cars,88,S24_3151,"Volvo Model Replicas, Co",0921-12 3555,Berguvsvgen  8,Lule,S-958 22,Sweden,Berglund,Christina,Medium,9,11,2019
1779,10339,55,195.6,13,10758.0,1970,Shipped,Vintage Cars,88,S24_3151,"Tokyo Collectables, Ltd",+81 3 3584 0555,2-2-8 Roppongi,Minato-ku,106-0032,Japan,Shimamura,Akiko,Large,23,11,2019
1780,10350,30,100.7,9,3021.0,1962,Shipped,Vintage Cars,88,S24_3151,Euro Shopping Channel,(91) 555 94 44,"C/ Moralzarzal, 86",Madrid,28034,Spain,Freyre,Diego,Medium,2,12,2019
1781,10373,33,57.32,12,1891.56,1903,Shipped,Vintage Cars,88,S24_3151,"Oulu Toy Supplies, Inc.",981-443655,Torikatu 38,Oulu,90110,Finland,Koskitalo,Pirkko,Small,31,1,2020
1782,10396,27,83.2,7,2246.4,1852,Shipped,Vintage Cars,88,S24_3151,Mini Gifts Distributors Ltd.,4155551450,5677 Strong St.,San Rafael,97562,USA,Nelson,Valarie,Small,23,3,2020
1783,10414,60,101.79,5,6107.4,1809,On Hold,Vintage Cars,88,S24_3151,Gifts4AllAges.com,6175559555,8616 Spinnaker Dr.,Boston,51003,USA,Yoshido,Juri,Medium,6,5,2020
1784,10110,27,73.62,12,1987.74,2590,Shipped,Classic Cars,85,S24_3191,"AV Stores, Co.",(171) 555-1555,Fauntleroy Circus,Manchester,EC2 5NT,UK,Ashworth,Victoria,Small,18,3,2018
1785,10124,49,83.04,11,4068.96,2527,Shipped,Classic Cars,85,S24_3191,Signal Gift Stores,7025551838,8489 Strong St.,Las Vegas,83030,USA,King,Sue,Medium,21,5,2018
1786,10148,31,73.62,5,2282.22,2415,Shipped,Classic Cars,85,S24_3191,"Anna's Decorations, Ltd",02 9936 8555,201 Miller Street,North Sydney,2060,Australia,O'Hara,Anna,Small,11,9,2018
1787,10161,20,77.05,4,1541.0,2380,Shipped,Classic Cars,85,S24_3191,Heintze Collectables,86 21 3555,Smagsloget 45,Aaarhus,8200,Denmark,Ibsen,Palle,Small,17,10,2018
1788,10172,24,81.33,2,1951.92,2362,Shipped,Classic Cars,85,S24_3191,Gift Depot Inc.,2035552570,25593 South Bay Ln.,Bridgewater,97562,USA,King,Julie,Small,5,11,2018
1789,10182,33,94.17,15,3107.61,2356,Shipped,Classic Cars,85,S24_3191,Mini Gifts Distributors Ltd.,4155551450,5677 Strong St.,San Rafael,97562,USA,Nelson,Valarie,Medium,12,11,2018
1790,10192,32,72.77,3,2328.64,2349,Shipped,Classic Cars,85,S24_3191,Online Diecast Creations Co.,6035558647,2304 Long Airport Avenue,Nashua,62005,USA,Young,Valarie,Small,20,11,2018
1791,10204,40,79.62,9,3184.8,2338,Shipped,Classic Cars,85,S24_3191,Muscle Machine Inc,2125557413,4092 Furth Circle,NYC,10022,USA,Young,Jeff,Medium,2,12,2018
1792,10212,27,79.62,2,2149.74,2294,Shipped,Classic Cars,85,S24_3191,Euro Shopping Channel,(91) 555 94 44,"C/ Moralzarzal, 86",Madrid,28034,Spain,Freyre,Diego,Small,16,1,2019
1793,10227,40,79.62,15,3184.8,2250,Shipped,Classic Cars,85,S24_3191,"Saveley & Henriot, Co.",78.32.5555,"2, rue du Commerce",Lyon,69004,France,Saveley,Mary,Medium,2,3,2019
1794,10241,26,81.33,7,2114.58,2209,Shipped,Classic Cars,85,S24_3191,Mini Caravy,88.60.1555,"24, place Kluber",Strasbourg,67000,France,Citeaux,Frederique,Small,13,4,2019
1795,10267,44,96.74,4,4256.56,2125,Shipped,Classic Cars,85,S24_3191,Muscle Machine Inc,2125557413,4092 Furth Circle,NYC,10022,USA,Young,Jeff,Medium,7,7,2019
1796,10279,33,71.06,4,2344.98,2093,Shipped,Classic Cars,85,S24_3191,Euro Shopping Channel,(91) 555 94 44,"C/ Moralzarzal, 86",Madrid,28034,Spain,Freyre,Diego,Small,9,8,2019
1797,10288,34,68.49,10,2328.66,2071,Shipped,Classic Cars,85,S24_3191,Handji Gifts& Co,+65 224 1555,Village Close - 106 Linden Road Sandown,Singapore,69045,Singapore,Victorino,Wendy,Small,1,9,2019
1798,10302,48,74.48,6,3575.04,2402,Shipped,Classic Cars,85,S24_3191,"UK Collectables, Ltd.",(171) 555-2282,Berkeley Gardens 12  Brewery,Liverpool,WX1 6LT,UK,Devon,Elizabeth,Medium,6,10,2018
1799,10311,25,83.04,5,2076.0,2028,Shipped,Classic Cars,85,S24_3191,Euro Shopping Channel,(91) 555 94 44,"C/ Moralzarzal, 86",Madrid,28034,Spain,Freyre,Diego,Small,16,10,2019
1800,10321,39,84.75,2,3305.25,2010,Shipped,Classic Cars,85,S24_3191,FunGiftIdeas.com,5085552555,1785 First Street,New Bedford,50553,USA,Benitez,Violeta,Medium,4,11,2019
1801,10332,45,34.19,12,1538.55,1998,Shipped,Classic Cars,85,S24_3191,"AV Stores, Co.",(171) 555-1555,Fauntleroy Circus,Manchester,EC2 5NT,UK,Ashworth,Victoria,Small,17,11,2019
1802,10346,24,138.58,2,3325.92,1987,Shipped,Classic Cars,85,S24_3191,Signal Gift Stores,7025551838,8489 Strong St.,Las Vegas,83030,USA,King,Sue,Medium,29,11,2019
1803,10368,46,79.62,1,3662.52,1937,Shipped,Classic Cars,85,S24_3191,Mini Gifts Distributors Ltd.,4155551450,5677 Strong St.,San Rafael,97562,USA,Nelson,Valarie,Medium,19,1,2020
1804,10380,44,79.06,9,3478.64,1910,Shipped,Classic Cars,85,S24_3191,Euro Shopping Channel,(91) 555 94 44,"C/ Moralzarzal, 86",Madrid,28034,Spain,Freyre,Diego,Medium,16,2,2020
1805,10407,13,81.33,7,1057.29,1845,On Hold,Classic Cars,85,S24_3191,The Sharp Gifts Warehouse,4085553659,3086 Ingle Ln.,San Jose,94217,USA,Frick,Sue,Small,22,4,2020
1806,10420,35,96.74,10,3385.9,1809,In Process,Classic Cars,85,S24_3191,Souveniers And Things Co.,+61 2 9495 8555,"Monitor Money Building, 815 Pacific Hwy",Chatswood,2067,Australia,Huxley,Adrian,Medium,29,5,2020
1807,10108,30,63.07,5,1892.1,2628,Shipped,Classic Cars,61,S24_3371,Cruz & Sons Co.,+63 2 555 3587,15 McCallum Street - NatWest Center #13-03,Makati City,1227 MM,Philippines,Cruz,Arnold,Small,3,3,2018
1808,10122,34,50.21,9,1707.14,2563,Shipped,Classic Cars,61,S24_3371,Marseille Mini Autos,91.24.4555,"12, rue des Bouchers",Marseille,13008,France,Lebihan,Laurence,Small,8,5,2018
1809,10135,27,66.13,6,1785.51,2509,Shipped,Classic Cars,61,S24_3371,Mini Gifts Distributors Ltd.,4155551450,5677 Strong St.,San Rafael,97562,USA,Nelson,Valarie,Small,2,7,2018
1810,10147,30,68.58,6,2057.4,2445,Shipped,Classic Cars,61,S24_3371,Collectables For Less Inc.,6175558555,7825 Douglas Av.,Brickhaven,58339,USA,Nelson,Allen,Small,5,9,2018
1811,10169,34,50.21,1,1707.14,2386,Shipped,Classic Cars,61,S24_3371,"Anna's Decorations, Ltd",02 9936 8555,201 Miller Street,North Sydney,2060,Australia,O'Hara,Anna,Small,4,11,2018
1812,10181,23,65.52,13,1506.96,2379,Shipped,Classic Cars,61,S24_3371,Herkku Gifts,+47 2267 3215,"Drammen 121, PR 744 Sentrum",Bergen,N 5804,Norway,Oeztan,Veysel,Small,12,11,2018
1813,10191,48,60.01,2,2880.48,2372,Shipped,Classic Cars,61,S24_3371,"Toms Spezialitten, Ltd",0221-5554327,Mehrheimerstr. 369,Koln,50739,Germany,Pfalzheim,Henriette,Small,20,11,2018
1814,10203,34,64.9,7,2206.6,2361,Shipped,Classic Cars,61,S24_3371,Euro Shopping Channel,(91) 555 94 44,"C/ Moralzarzal, 86",Madrid,28034,Spain,Freyre,Diego,Small,2,12,2018
1815,10211,48,48.98,1,2351.04,2318,Shipped,Classic Cars,61,S24_3371,Auto Canal Petit,(1) 47.55.6555,"25, rue Lauriston",Paris,75016,France,Perrier,Dominique,Small,15,1,2019
1816,10225,24,50.21,8,1205.04,2281,Shipped,Classic Cars,61,S24_3371,"Vida Sport, Ltd",0897-034555,Grenzacherweg 237,Gensve,1203,Switzerland,Holz,Michael,Small,22,2,2019
1817,10238,47,62.45,2,2935.15,2236,Shipped,Classic Cars,61,S24_3371,Danish Wholesale Imports,31 12 3555,Vinb'ltet 34,Kobenhavn,1734,Denmark,Petersen,Jytte,Small,9,4,2019
1818,10253,24,52.66,12,1263.84,2184,Cancelled,Classic Cars,61,S24_3371,"UK Collectables, Ltd.",(171) 555-2282,Berkeley Gardens 12  Brewery,Liverpool,WX1 6LT,UK,Devon,Elizabeth,Small,1,6,2019
1819,10266,47,62.45,13,2935.15,2150,Shipped,Classic Cars,61,S24_3371,L'ordine Souveniers,0522-556555,Strada Provinciale 124,Reggio Emilia,42100,Italy,Moroni,Maurizio,Small,6,7,2019
1820,10276,20,61.23,2,1224.6,2124,Shipped,Classic Cars,61,S24_3371,Online Mini Collectables,6175557555,7635 Spinnaker Dr.,Brickhaven,58339,USA,Barajas,Miguel,Small,2,8,2019
1821,10287,20,67.97,11,1359.4,2097,Shipped,Classic Cars,61,S24_3371,"Vida Sport, Ltd",0897-034555,Grenzacherweg 237,Gensve,1203,Switzerland,Holz,Michael,Small,30,8,2019
1822,10300,31,58.78,4,1822.18,2428,Shipped,Classic Cars,61,S24_3371,"Blauer See Auto, Co.",+49 69 66 90 2555,Lyonerstr. 34,Frankfurt,60528,Germany,Keitel,Roland,Small,4,10,2018
1823,10310,38,56.94,9,2163.72,2052,Shipped,Classic Cars,61,S24_3371,"Toms Spezialitten, Ltd",0221-5554327,Mehrheimerstr. 369,Koln,50739,Germany,Pfalzheim,Henriette,Small,16,10,2019
1824,10320,26,61.23,2,1591.98,2035,Shipped,Classic Cars,61,S24_3371,"Volvo Model Replicas, Co",0921-12 3555,Berguvsvgen  8,Lule,S-958 22,Sweden,Berglund,Christina,Small,3,11,2019
1825,10331,25,123.14,9,3078.5,2022,Shipped,Classic Cars,61,S24_3371,Motor Mint Distributors Inc.,2155559857,11328 Douglas Av.,Philadelphia,71270,USA,Hernandez,Rosa,Medium,17,11,2019
1826,10342,48,62.45,10,2997.6,2016,Shipped,Classic Cars,61,S24_3371,"Australian Collectors, Co.",03 9520 4555,636 St Kilda Road,Melbourne,3004,Australia,Ferguson,Peter,Small,24,11,2019
1827,10355,44,62.45,6,2747.8,2004,Shipped,Classic Cars,61,S24_3371,Euro Shopping Channel,(91) 555 94 44,"C/ Moralzarzal, 86",Madrid,28034,Spain,Freyre,Diego,Small,7,12,2019
1828,10363,21,116.56,15,2447.76,1975,Shipped,Classic Cars,61,S24_3371,Suominen Souveniers,+358 9 8045 555,"Software Engineering Center, SEC Oy",Espoo,FIN-02271,Finland,Suominen,Kalle,Small,6,1,2020
1829,10378,46,41.54,6,1910.84,1941,Shipped,Classic Cars,61,S24_3371,Euro Shopping Channel,(91) 555 94 44,"C/ Moralzarzal, 86",Madrid,28034,Spain,Freyre,Diego,Small,10,2,2020
1830,10390,46,52.84,6,2430.64,1919,Shipped,Classic Cars,61,S24_3371,Mini Gifts Distributors Ltd.,4155551450,5677 Strong St.,San Rafael,97562,USA,Nelson,Valarie,Small,4,3,2020
1831,10419,55,52.66,12,2896.3,1846,Shipped,Classic Cars,61,S24_3371,Salzburg Collectables,6562-9555,Geislweg 14,Salzburg,5020,Austria,Pipps,Georg,Small,17,5,2020
1832,10106,31,52.6,14,1630.6,2667,Shipped,Vintage Cars,65,S24_3420,Rovelli Gifts,035-640555,Via Ludovico il Moro 22,Bergamo,24100,Italy,Rovelli,Giovanni,Small,17,2,2018
1833,10119,20,72.98,5,1459.6,2598,Shipped,Vintage Cars,65,S24_3420,Salzburg Collectables,6562-9555,Geislweg 14,Salzburg,5020,Austria,Pipps,Georg,Small,28,4,2018
1834,10131,29,59.18,6,1716.22,2550,Shipped,Vintage Cars,65,S24_3420,Gift Ideas Corp.,2035554407,2440 Pompton St.,Glendale,97561,USA,Lewis,Dan,Small,16,6,2018
1835,10143,33,77.59,9,2560.47,2496,Shipped,Vintage Cars,65,S24_3420,Mini Creations Ltd.,5085559555,4575 Hillside Dr.,New Bedford,50553,USA,Tam,Wing C,Small,10,8,2018
1836,10155,34,55.89,7,1900.26,2440,Shipped,Vintage Cars,65,S24_3420,"Toys of Finland, Co.",90-224 8555,Keskuskatu 45,Helsinki,21240,Finland,Karttunen,Matti,Small,6,10,2018
1837,10167,32,63.12,3,2019.84,2424,Cancelled,Vintage Cars,65,S24_3420,Scandinavian Gift Ideas,0695-34 6555,?kergatan 24,Boras,S-844 67,Sweden,Larsson,Maria,Small,23,10,2018
1838,10178,27,73.64,6,1988.28,2409,Shipped,Vintage Cars,65,S24_3420,Alpha Cognac,61.77.6555,1 rue Alsace-Lorraine,Toulouse,31000,France,Roulet,Annette,Small,8,11,2018
1839,10186,21,69.04,3,1449.84,2404,Shipped,Vintage Cars,65,S24_3420,"Double Decker Gift Stores, Ltd",(171) 555-7555,120 Hanover Sq.,London,WA1 1DP,UK,Hardy,Thomas,Small,14,11,2018
1840,10198,27,71.67,6,1935.09,2392,Shipped,Vintage Cars,65,S24_3420,Cruz & Sons Co.,+63 2 555 3587,15 McCallum Street - NatWest Center #13-03,Makati City,1227 MM,Philippines,Cruz,Arnold,Small,27,11,2018
1841,10222,43,70.35,6,3025.05,2309,Shipped,Vintage Cars,65,S24_3420,Collectable Mini Designs Co.,7605558146,361 Furth Circle,San Diego,91217,USA,Thompson,Valarie,Medium,19,2,2019
1842,10249,25,69.7,2,1742.5,2232,Shipped,Vintage Cars,65,S24_3420,Cambridge Collectables Co.,6175555555,4658 Baden Av.,Cambridge,51247,USA,Tseng,Kyung,Small,8,5,2019
1843,10262,46,70.35,11,3236.1,2186,Cancelled,Vintage Cars,65,S24_3420,Euro Shopping Channel,(91) 555 94 44,"C/ Moralzarzal, 86",Madrid,28034,Spain,Freyre,Diego,Medium,24,6,2019
1844,10274,24,72.33,3,1735.92,2160,Shipped,Vintage Cars,65,S24_3420,Collectables For Less Inc.,6175558555,7825 Douglas Av.,Brickhaven,58339,USA,Nelson,Allen,Small,21,7,2019
1845,10284,39,71.67,13,2795.13,2130,Shipped,Vintage Cars,65,S24_3420,"Norway Gifts By Mail, Co.",+47 2212 1555,"Drammensveien 126 A, PB 744 Sentrum",Oslo,N 0106,Norway,Klaeboe,Jan,Small,21,8,2019
1846,10296,31,53.92,9,1671.52,2106,Shipped,Vintage Cars,65,S24_3420,"Bavarian Collectables Imports, Co.",+49 89 61 08 9555,Hansastr. 15,Munich,80686,Germany,Donnermeyer,Michael,Small,15,9,2019
1847,10307,22,71.67,3,1576.74,2078,Shipped,Vintage Cars,65,S24_3420,"Classic Gift Ideas, Inc",2155554695,782 First Street,Philadelphia,71270,USA,Cervantes,Francisca,Small,14,10,2019
1848,10316,47,76.93,11,3615.71,2061,Shipped,Vintage Cars,65,S24_3420,giftsbymail.co.uk,(198) 555-8888,Garden House Crowther Way,Cowes,PO31 7PJ,UK,Bennett,Helen,Medium,1,11,2019
1849,10328,20,72.98,2,1459.6,2051,Shipped,Vintage Cars,65,S24_3420,Rovelli Gifts,035-640555,Via Ludovico il Moro 22,Bergamo,24100,Italy,Rovelli,Giovanni,Small,12,11,2019
1850,10339,29,99.69,14,2891.01,2041,Shipped,Vintage Cars,65,S24_3420,"Tokyo Collectables, Ltd",+81 3 3584 0555,2-2-8 Roppongi,Minato-ku,106-0032,Japan,Shimamura,Akiko,Small,23,11,2019
1851,10351,38,68.38,4,2598.44,2032,Shipped,Vintage Cars,65,S24_3420,"Stylish Desk Decors, Co.",(171) 555-0297,35 King George,London,WX3 6FW,UK,Brown,Ann,Small,3,12,2019
1852,10361,34,113.88,6,3871.92,2019,Shipped,Vintage Cars,65,S24_3420,Souveniers And Things Co.,+61 2 9495 8555,"Monitor Money Building, 815 Pacific Hwy",Chatswood,2067,Australia,Huxley,Adrian,Medium,17,12,2019
1853,10373,46,66.0,11,3036.0,1975,Shipped,Vintage Cars,65,S24_3420,"Oulu Toy Supplies, Inc.",981-443655,Torikatu 38,Oulu,90110,Finland,Koskitalo,Pirkko,Medium,31,1,2020
1854,10386,35,63.76,9,2231.6,1946,Resolved,Vintage Cars,65,S24_3420,Euro Shopping Channel,(91) 555 94 44,"C/ Moralzarzal, 86",Madrid,28034,Spain,Freyre,Diego,Small,1,3,2020
1855,10398,34,71.67,13,2436.78,1918,Shipped,Vintage Cars,65,S24_3420,Reims Collectables,26.47.1555,59 rue de l'Abbaye,Reims,51100,France,Henriot,Paul,Small,30,3,2020
1856,10400,38,57.2,3,2173.6,1917,Shipped,Vintage Cars,65,S24_3420,The Sharp Gifts Warehouse,4085553659,3086 Ingle Ln.,San Jose,94217,USA,Frick,Sue,Small,1,4,2020
1857,10415,18,69.7,2,1254.6,1880,Disputed,Vintage Cars,65,S24_3420,"Australian Collectables, Ltd",61-9-3844-6555,7 Allen Street,Glen Waverly,3150,Australia,Connery,Sean,Small,9,5,2020
1858,10110,37,100.66,14,3724.42,2664,Shipped,Classic Cars,107,S24_3432,"AV Stores, Co.",(171) 555-1555,Fauntleroy Circus,Manchester,EC2 5NT,UK,Ashworth,Victoria,Medium,18,3,2018
1859,10124,43,121.0,13,5203.0,2601,Shipped,Classic Cars,107,S24_3432,Signal Gift Stores,7025551838,8489 Strong St.,Las Vegas,83030,USA,King,Sue,Medium,21,5,2018
1860,10148,27,128.5,7,3469.5,2489,Shipped,Classic Cars,107,S24_3432,"Anna's Decorations, Ltd",02 9936 8555,201 Miller Street,North Sydney,2060,Australia,O'Hara,Anna,Medium,11,9,2018
1861,10161,30,104.94,6,3148.2,2454,Shipped,Classic Cars,107,S24_3432,Heintze Collectables,86 21 3555,Smagsloget 45,Aaarhus,8200,Denmark,Ibsen,Palle,Medium,17,10,2018
1862,10172,22,98.51,4,2167.22,2436,Shipped,Classic Cars,107,S24_3432,Gift Depot Inc.,2035552570,25593 South Bay Ln.,Bridgewater,97562,USA,King,Julie,Small,5,11,2018
1863,10182,49,127.43,17,6244.07,2430,Shipped,Classic Cars,107,S24_3432,Mini Gifts Distributors Ltd.,4155551450,5677 Strong St.,San Rafael,97562,USA,Nelson,Valarie,Medium,12,11,2018
1864,10192,46,121.0,5,5566.0,2423,Shipped,Classic Cars,107,S24_3432,Online Diecast Creations Co.,6035558647,2304 Long Airport Avenue,Nashua,62005,USA,Young,Valarie,Medium,20,11,2018
1865,10204,48,91.02,11,4368.96,2412,Shipped,Classic Cars,107,S24_3432,Muscle Machine Inc,2125557413,4092 Furth Circle,NYC,10022,USA,Young,Jeff,Medium,2,12,2018
1866,10212,46,87.81,4,4039.26,2368,Shipped,Classic Cars,107,S24_3432,Euro Shopping Channel,(91) 555 94 44,"C/ Moralzarzal, 86",Madrid,28034,Spain,Freyre,Diego,Medium,16,1,2019
1867,10226,48,92.09,2,4420.32,2328,Shipped,Classic Cars,107,S24_3432,Collectable Mini Designs Co.,7605558146,361 Furth Circle,San Diego,91217,USA,Thompson,Valarie,Medium,26,2,2019
1868,10241,27,86.73,9,2341.71,2283,Shipped,Classic Cars,107,S24_3432,Mini Caravy,88.60.1555,"24, place Kluber",Strasbourg,67000,France,Citeaux,Frederique,Small,13,4,2019
1869,10267,43,118.86,6,5110.98,2199,Shipped,Classic Cars,107,S24_3432,Muscle Machine Inc,2125557413,4092 Furth Circle,NYC,10022,USA,Young,Jeff,Medium,7,7,2019
1870,10279,48,128.5,6,6168.0,2167,Shipped,Classic Cars,107,S24_3432,Euro Shopping Channel,(91) 555 94 44,"C/ Moralzarzal, 86",Madrid,28034,Spain,Freyre,Diego,Medium,9,8,2019
1871,10288,41,118.86,12,4873.26,2145,Shipped,Classic Cars,107,S24_3432,Handji Gifts& Co,+65 224 1555,Village Close - 106 Linden Road Sandown,Singapore,69045,Singapore,Victorino,Wendy,Medium,1,9,2019
1872,10301,22,96.37,2,2120.14,2477,Shipped,Classic Cars,107,S24_3432,"Norway Gifts By Mail, Co.",+47 2212 1555,"Drammensveien 126 A, PB 744 Sentrum",Oslo,N 0106,Norway,Klaeboe,Jan,Small,5,10,2018
1873,10311,46,92.09,7,4236.14,2102,Shipped,Classic Cars,107,S24_3432,Euro Shopping Channel,(91) 555 94 44,"C/ Moralzarzal, 86",Madrid,28034,Spain,Freyre,Diego,Medium,16,10,2019
1874,10321,21,89.95,4,1888.95,2084,Shipped,Classic Cars,107,S24_3432,FunGiftIdeas.com,5085552555,1785 First Street,New Bedford,50553,USA,Benitez,Violeta,Small,4,11,2019
1875,10332,31,37.18,13,1152.58,2072,Shipped,Classic Cars,107,S24_3432,"AV Stores, Co.",(171) 555-1555,Fauntleroy Circus,Manchester,EC2 5NT,UK,Ashworth,Victoria,Small,17,11,2019
1876,10346,26,95.88,6,2492.88,2061,Shipped,Classic Cars,107,S24_3432,Signal Gift Stores,7025551838,8489 Strong St.,Las Vegas,83030,USA,King,Sue,Small,29,11,2019
1877,10368,20,99.58,4,1991.6,2011,Shipped,Classic Cars,107,S24_3432,Mini Gifts Distributors Ltd.,4155551450,5677 Strong St.,San Rafael,97562,USA,Nelson,Valarie,Small,19,1,2020
1878,10380,34,116.27,11,3953.18,1984,Shipped,Classic Cars,107,S24_3432,Euro Shopping Channel,(91) 555 94 44,"C/ Moralzarzal, 86",Madrid,28034,Spain,Freyre,Diego,Medium,16,2,2020
1879,10407,43,86.73,9,3729.39,1919,On Hold,Classic Cars,107,S24_3432,The Sharp Gifts Warehouse,4085553659,3086 Ingle Ln.,San Jose,94217,USA,Frick,Sue,Medium,22,4,2020
1880,10420,26,100.66,12,2617.16,1883,In Process,Classic Cars,107,S24_3432,Souveniers And Things Co.,+61 2 9495 8555,"Monitor Money Building, 815 Pacific Hwy",Chatswood,2067,Australia,Huxley,Adrian,Small,29,5,2020
1881,10105,50,79.67,1,3983.5,2722,Shipped,Vintage Cars,83,S24_3816,Danish Wholesale Imports,31 12 3555,Vinb'ltet 34,Kobenhavn,1734,Denmark,Petersen,Jytte,Medium,11,2,2018
1882,10119,35,90.57,10,3169.95,2647,Shipped,Vintage Cars,83,S24_3816,Salzburg Collectables,6562-9555,Geislweg 14,Salzburg,5020,Austria,Pipps,Georg,Medium,28,4,2018
1883,10129,50,77.99,1,3899.5,2603,Shipped,Vintage Cars,83,S24_3816,"Stylish Desk Decors, Co.",(171) 555-0297,35 King George,London,WX3 6FW,UK,Brown,Ann,Medium,12,6,2018
1884,10143,23,80.51,14,1851.73,2545,Shipped,Vintage Cars,83,S24_3816,Mini Creations Ltd.,5085559555,4575 Hillside Dr.,New Bedford,50553,USA,Tam,Wing C,Small,10,8,2018
1885,10155,37,67.93,12,2513.41,2489,Shipped,Vintage Cars,83,S24_3816,"Toys of Finland, Co.",90-224 8555,Keskuskatu 45,Helsinki,21240,Finland,Karttunen,Matti,Small,6,10,2018
1886,10167,29,83.86,8,2431.94,2473,Cancelled,Vintage Cars,83,S24_3816,Scandinavian Gift Ideas,0695-34 6555,?kergatan 24,Boras,S-844 67,Sweden,Larsson,Maria,Small,23,10,2018
1887,10178,21,72.12,11,1514.52,2458,Shipped,Vintage Cars,83,S24_3816,Alpha Cognac,61.77.6555,1 rue Alsace-Lorraine,Toulouse,31000,France,Roulet,Annette,Small,8,11,2018
1888,10186,36,85.54,8,3079.44,2453,Shipped,Vintage Cars,83,S24_3816,"Double Decker Gift Stores, Ltd",(171) 555-7555,120 Hanover Sq.,London,WA1 1DP,UK,Hardy,Thomas,Medium,14,11,2018
1889,10197,22,86.38,5,1900.36,2442,Shipped,Vintage Cars,83,S24_3816,Enaco Distributors,(93) 203 4555,"Rambla de Catalu¤a, 23",Barcelona,8022,Spain,Saavedra,Eduardo,Small,26,11,2018
1890,10222,46,80.51,11,3703.46,2358,Shipped,Vintage Cars,83,S24_3816,Collectable Mini Designs Co.,7605558146,361 Furth Circle,San Diego,91217,USA,Thompson,Valarie,Medium,19,2,2019
1891,10248,23,76.31,2,1755.13,2282,Cancelled,Vintage Cars,83,S24_3816,Land of Toys Inc.,2125557818,897 Long Airport Avenue,NYC,10022,USA,Yu,Kwai,Small,7,5,2019
1892,10262,49,87.21,16,4273.29,2235,Cancelled,Vintage Cars,83,S24_3816,Euro Shopping Channel,(91) 555 94 44,"C/ Moralzarzal, 86",Madrid,28034,Spain,Freyre,Diego,Medium,24,6,2019
1893,10273,48,83.02,3,3984.96,2209,Shipped,Vintage Cars,83,S24_3816,Petit Auto,(02) 5554 67,Rue Joseph-Bens 532,Bruxelles,B-1180,Belgium,Dewey,Catherine,Medium,21,7,2019
1894,10283,33,72.96,5,2407.68,2180,Shipped,Vintage Cars,83,S24_3816,"Royal Canadian Collectables, Ltd.",(604) 555-4555,23 Tsawassen Blvd.,Tsawassen,T2F 8M4,Canada,Lincoln,Elizabeth,Small,20,8,2019
1895,10296,22,77.15,14,1697.3,2155,Shipped,Vintage Cars,83,S24_3816,"Bavarian Collectables Imports, Co.",+49 89 61 08 9555,Hansastr. 15,Munich,80686,Germany,Donnermeyer,Michael,Small,15,9,2019
1896,10307,22,91.41,8,2011.02,2127,Shipped,Vintage Cars,83,S24_3816,"Classic Gift Ideas, Inc",2155554695,782 First Street,Philadelphia,71270,USA,Cervantes,Francisca,Small,14,10,2019
1897,10316,25,92.25,16,2306.25,2110,Shipped,Vintage Cars,83,S24_3816,giftsbymail.co.uk,(198) 555-8888,Garden House Crowther Way,Cowes,PO31 7PJ,UK,Bennett,Helen,Small,1,11,2019
1898,10326,20,92.25,2,1845.0,2103,Shipped,Vintage Cars,83,S24_3816,"Volvo Model Replicas, Co",0921-12 3555,Berguvsvgen  8,Lule,S-958 22,Sweden,Berglund,Christina,Small,9,11,2019
1899,10339,42,59.36,16,2493.12,2090,Shipped,Vintage Cars,83,S24_3816,"Tokyo Collectables, Ltd",+81 3 3584 0555,2-2-8 Roppongi,Minato-ku,106-0032,Japan,Shimamura,Akiko,Small,23,11,2019
1900,10350,25,60.34,10,1508.5,2082,Shipped,Vintage Cars,83,S24_3816,Euro Shopping Channel,(91) 555 94 44,"C/ Moralzarzal, 86",Madrid,28034,Spain,Freyre,Diego,Small,2,12,2019
1901,10373,23,104.1,10,2394.3,2023,Shipped,Vintage Cars,83,S24_3816,"Oulu Toy Supplies, Inc.",981-443655,Torikatu 38,Oulu,90110,Finland,Koskitalo,Pirkko,Small,31,1,2020
1902,10385,37,85.54,2,3164.98,1996,Shipped,Vintage Cars,83,S24_3816,Mini Gifts Distributors Ltd.,4155551450,5677 Strong St.,San Rafael,97562,USA,Nelson,Valarie,Medium,28,2,2020
1903,10396,37,90.57,8,3351.09,1973,Shipped,Vintage Cars,83,S24_3816,Mini Gifts Distributors Ltd.,4155551450,5677 Strong St.,San Rafael,97562,USA,Nelson,Valarie,Medium,23,3,2020
1904,10400,42,72.96,8,3064.32,1965,Shipped,Vintage Cars,83,S24_3816,The Sharp Gifts Warehouse,4085553659,3086 Ingle Ln.,San Jose,94217,USA,Frick,Sue,Medium,1,4,2020
1905,10414,51,76.31,2,3891.81,1931,On Hold,Vintage Cars,83,S24_3816,Gifts4AllAges.com,6175559555,8616 Spinnaker Dr.,Boston,51003,USA,Yoshido,Juri,Medium,6,5,2020
1906,10108,40,136.22,1,5448.8,2727,Shipped,Classic Cars,140,S24_3856,Cruz & Sons Co.,+63 2 555 3587,15 McCallum Street - NatWest Center #13-03,Makati City,1227 MM,Philippines,Cruz,Arnold,Medium,3,3,2018
1907,10122,43,127.79,5,5494.97,2662,Shipped,Classic Cars,140,S24_3856,Marseille Mini Autos,91.24.4555,"12, rue des Bouchers",Marseille,13008,France,Lebihan,Laurence,Medium,8,5,2018
1908,10135,47,134.81,2,6336.07,2608,Shipped,Classic Cars,140,S24_3856,Mini Gifts Distributors Ltd.,4155551450,5677 Strong St.,San Rafael,97562,USA,Nelson,Valarie,Medium,2,7,2018
1909,10147,23,126.39,2,2906.97,2544,Shipped,Classic Cars,140,S24_3856,Collectables For Less Inc.,6175558555,7825 Douglas Av.,Brickhaven,58339,USA,Nelson,Allen,Small,5,9,2018
1910,10170,34,112.34,1,3819.56,2485,Shipped,Classic Cars,140,S24_3856,Mini Auto Werke,7675-3555,Kirchgasse 6,Graz,8010,Austria,Mendel,Roland,Medium,4,11,2018
1911,10181,25,154.47,9,3861.75,2478,Shipped,Classic Cars,140,S24_3856,Herkku Gifts,+47 2267 3215,"Drammen 121, PR 744 Sentrum",Bergen,N 5804,Norway,Oeztan,Veysel,Medium,12,11,2018
1912,10192,45,140.43,14,6319.35,2471,Shipped,Classic Cars,140,S24_3856,Online Diecast Creations Co.,6035558647,2304 Long Airport Avenue,Nashua,62005,USA,Young,Valarie,Medium,20,11,2018
1913,10203,47,148.86,3,6996.42,2460,Shipped,Classic Cars,140,S24_3856,Euro Shopping Channel,(91) 555 94 44,"C/ Moralzarzal, 86",Madrid,28034,Spain,Freyre,Diego,Medium,2,12,2018
1914,10212,49,141.83,13,6949.67,2416,Shipped,Classic Cars,140,S24_3856,Euro Shopping Channel,(91) 555 94 44,"C/ Moralzarzal, 86",Madrid,28034,Spain,Freyre,Diego,Medium,16,1,2019
1915,10225,40,113.75,4,4550.0,2380,Shipped,Classic Cars,140,S24_3856,"Vida Sport, Ltd",0897-034555,Grenzacherweg 237,Gensve,1203,Switzerland,Holz,Michael,Medium,22,2,2019
1916,10239,29,154.47,3,4479.63,2332,Shipped,Classic Cars,140,S24_3856,"Oulu Toy Supplies, Inc.",981-443655,Torikatu 38,Oulu,90110,Finland,Koskitalo,Pirkko,Medium,12,4,2019
1917,10253,39,132.0,8,5148.0,2283,Cancelled,Classic Cars,140,S24_3856,"UK Collectables, Ltd.",(171) 555-2282,Berkeley Gardens 12  Brewery,Liverpool,WX1 6LT,UK,Devon,Elizabeth,Medium,1,6,2019
1918,10266,24,122.17,9,2932.08,2249,Shipped,Classic Cars,140,S24_3856,L'ordine Souveniers,0522-556555,Strada Provinciale 124,Reggio Emilia,42100,Italy,Moroni,Maurizio,Small,6,7,2019
1919,10278,25,126.39,9,3159.75,2219,Shipped,Classic Cars,140,S24_3856,Signal Gift Stores,7025551838,8489 Strong St.,Las Vegas,83030,USA,King,Sue,Medium,6,8,2019
1920,10287,36,119.37,7,4297.32,2196,Shipped,Classic Cars,140,S24_3856,"Vida Sport, Ltd",0897-034555,Grenzacherweg 237,Gensve,1203,Switzerland,Holz,Michael,Medium,30,8,2019
1921,10301,50,154.47,11,7723.5,2526,Shipped,Classic Cars,140,S24_3856,"Norway Gifts By Mail, Co.",+47 2212 1555,"Drammensveien 126 A, PB 744 Sentrum",Oslo,N 0106,Norway,Klaeboe,Jan,Large,5,10,2018
1922,10310,45,122.17,5,5497.65,2151,Shipped,Classic Cars,140,S24_3856,"Toms Spezialitten, Ltd",0221-5554327,Mehrheimerstr. 369,Koln,50739,Germany,Pfalzheim,Henriette,Medium,16,10,2019
1923,10321,26,155.88,13,4052.88,2133,Shipped,Classic Cars,140,S24_3856,FunGiftIdeas.com,5085552555,1785 First Street,New Bedford,50553,USA,Benitez,Violeta,Medium,4,11,2019
1924,10331,21,149.33,1,3135.93,2121,Shipped,Classic Cars,140,S24_3856,Motor Mint Distributors Inc.,2155559857,11328 Douglas Av.,Philadelphia,71270,USA,Hernandez,Rosa,Medium,17,11,2019
1925,10342,42,119.37,6,5013.54,2115,Shipped,Classic Cars,140,S24_3856,"Australian Collectors, Co.",03 9520 4555,636 St Kilda Road,Melbourne,3004,Australia,Ferguson,Peter,Medium,24,11,2019
1926,10355,32,165.71,8,5302.72,2103,Shipped,Classic Cars,140,S24_3856,Euro Shopping Channel,(91) 555 94 44,"C/ Moralzarzal, 86",Madrid,28034,Spain,Freyre,Diego,Medium,7,12,2019
1927,10363,31,94.58,1,2931.98,2074,Shipped,Classic Cars,140,S24_3856,Suominen Souveniers,+358 9 8045 555,"Software Engineering Center, SEC Oy",Espoo,FIN-02271,Finland,Suominen,Kalle,Small,6,1,2020
1928,10378,33,53.27,3,1757.91,2040,Shipped,Classic Cars,140,S24_3856,Euro Shopping Channel,(91) 555 94 44,"C/ Moralzarzal, 86",Madrid,28034,Spain,Freyre,Diego,Small,10,2,2020
1929,10390,45,150.29,8,6763.05,2018,Shipped,Classic Cars,140,S24_3856,Mini Gifts Distributors Ltd.,4155551450,5677 Strong St.,San Rafael,97562,USA,Nelson,Valarie,Medium,4,3,2020
1930,10405,76,154.47,3,11739.7,1978,Shipped,Classic Cars,140,S24_3856,Mini Caravy,88.60.1555,"24, place Kluber",Strasbourg,67000,France,Citeaux,Frederique,Large,14,4,2020
1931,10419,70,132.0,8,9240.0,1946,Shipped,Classic Cars,140,S24_3856,Salzburg Collectables,6562-9555,Geislweg 14,Salzburg,5020,Austria,Pipps,Georg,Large,17,5,2020
1932,10106,50,64.83,11,3241.5,2767,Shipped,Planes,68,S24_3949,Rovelli Gifts,035-640555,Via Ludovico il Moro 22,Bergamo,24100,Italy,Rovelli,Giovanni,Medium,17,2,2018
1933,10119,28,70.29,2,1968.12,2698,Shipped,Planes,68,S24_3949,Salzburg Collectables,6562-9555,Geislweg 14,Salzburg,5020,Austria,Pipps,Georg,Small,28,4,2018
1934,10131,50,81.89,3,4094.5,2650,Shipped,Planes,68,S24_3949,Gift Ideas Corp.,2035554407,2440 Pompton St.,Glendale,97561,USA,Lewis,Dan,Medium,16,6,2018
1935,10143,28,66.19,6,1853.32,2596,Shipped,Planes,68,S24_3949,Mini Creations Ltd.,5085559555,4575 Hillside Dr.,New Bedford,50553,USA,Tam,Wing C,Small,10,8,2018
1936,10155,44,77.11,4,3392.84,2540,Shipped,Planes,68,S24_3949,"Toys of Finland, Co.",90-224 8555,Keskuskatu 45,Helsinki,21240,Finland,Karttunen,Matti,Medium,6,10,2018
1937,10168,27,73.02,18,1971.54,2519,Shipped,Planes,68,S24_3949,Technics Stores Inc.,6505556809,9408 Furth Circle,Burlingame,94217,USA,Hirano,Juri,Small,28,10,2018
1938,10178,30,72.33,3,2169.9,2509,Shipped,Planes,68,S24_3949,Alpha Cognac,61.77.6555,1 rue Alsace-Lorraine,Toulouse,31000,France,Roulet,Annette,Small,8,11,2018
1939,10198,43,66.19,3,2846.17,2491,Shipped,Planes,68,S24_3949,Cruz & Sons Co.,+63 2 555 3587,15 McCallum Street - NatWest Center #13-03,Makati City,1227 MM,Philippines,Cruz,Arnold,Small,27,11,2018
1940,10210,29,69.6,16,2018.4,2446,Shipped,Planes,68,S24_3949,Osaka Souveniers Co.,+81 06 6342 5555,"Dojima Avanza 4F, 1-6-20 Dojima, Kita-ku",Osaka,530-0003,Japan,Kentary,Mory,Small,12,1,2019
1941,10222,48,56.64,3,2718.72,2409,Shipped,Planes,68,S24_3949,Collectable Mini Designs Co.,7605558146,361 Furth Circle,San Diego,91217,USA,Thompson,Valarie,Small,19,2,2019
1942,10235,33,60.05,12,1981.65,2368,Shipped,Planes,68,S24_3949,"Royal Canadian Collectables, Ltd.",(604) 555-4555,23 Tsawassen Blvd.,Tsawassen,T2F 8M4,Canada,Lincoln,Elizabeth,Small,2,4,2019
1943,10250,40,75.06,13,3002.4,2330,Shipped,Planes,68,S24_3949,The Sharp Gifts Warehouse,4085553659,3086 Ingle Ln.,San Jose,94217,USA,Frick,Sue,Medium,11,5,2019
1944,10262,48,61.42,8,2948.16,2287,Cancelled,Planes,68,S24_3949,Euro Shopping Channel,(91) 555 94 44,"C/ Moralzarzal, 86",Madrid,28034,Spain,Freyre,Diego,Small,24,6,2019
1945,10275,41,81.89,18,3357.49,2259,Shipped,Planes,68,S24_3949,La Rochelle Gifts,40.67.8555,"67, rue des Cinquante Otages",Nantes,44000,France,Labrune,Janine,Medium,23,7,2019
1946,10284,21,55.96,10,1175.16,2231,Shipped,Planes,68,S24_3949,"Norway Gifts By Mail, Co.",+47 2212 1555,"Drammensveien 126 A, PB 744 Sentrum",Oslo,N 0106,Norway,Klaeboe,Jan,Small,21,8,2019
1947,10296,32,71.65,6,2292.8,2207,Shipped,Planes,68,S24_3949,"Bavarian Collectables Imports, Co.",+49 89 61 08 9555,Hansastr. 15,Munich,80686,Germany,Donnermeyer,Michael,Small,15,9,2019
1948,10308,43,76.43,16,3286.49,2178,Shipped,Planes,68,S24_3949,Mini Classics,9145554562,3758 North Pendale Street,White Plains,24067,USA,Frick,Steve,Medium,15,10,2019
1949,10316,30,77.79,8,2333.7,2162,Shipped,Planes,68,S24_3949,giftsbymail.co.uk,(198) 555-8888,Garden House Crowther Way,Cowes,PO31 7PJ,UK,Bennett,Helen,Small,1,11,2019
1950,10328,35,76.43,3,2675.05,2152,Shipped,Planes,68,S24_3949,Rovelli Gifts,035-640555,Via Ludovico il Moro 22,Bergamo,24100,Italy,Rovelli,Giovanni,Small,12,11,2019
1951,10339,45,96.92,11,4361.4,2142,Shipped,Planes,68,S24_3949,"Tokyo Collectables, Ltd",+81 3 3584 0555,2-2-8 Roppongi,Minato-ku,106-0032,Japan,Shimamura,Akiko,Medium,23,11,2019
1952,10351,34,59.37,3,2018.58,2133,Shipped,Planes,68,S24_3949,"Stylish Desk Decors, Co.",(171) 555-0297,35 King George,London,WX3 6FW,UK,Brown,Ann,Small,3,12,2019
1953,10361,26,142.73,7,3710.98,2120,Shipped,Planes,68,S24_3949,Souveniers And Things Co.,+61 2 9495 8555,"Monitor Money Building, 815 Pacific Hwy",Chatswood,2067,Australia,Huxley,Adrian,Medium,17,12,2019
1954,10373,39,73.0,13,2847.0,2076,Shipped,Planes,68,S24_3949,"Oulu Toy Supplies, Inc.",981-443655,Torikatu 38,Oulu,90110,Finland,Koskitalo,Pirkko,Small,31,1,2020
1955,10386,41,73.32,12,3006.12,2047,Resolved,Planes,68,S24_3949,Euro Shopping Channel,(91) 555 94 44,"C/ Moralzarzal, 86",Madrid,28034,Spain,Freyre,Diego,Medium,1,3,2020
1956,10398,41,68.24,2,2797.84,2019,Shipped,Planes,68,S24_3949,Reims Collectables,26.47.1555,59 rue de l'Abbaye,Reims,51100,France,Henriot,Paul,Small,30,3,2020
1957,10401,64,60.05,12,3843.2,2016,On Hold,Planes,68,S24_3949,Tekni Collectables Inc.,2015559350,7476 Moss Rd.,Newark,94019,USA,Brown,William,Medium,3,4,2020
1958,10416,18,75.06,13,1351.08,1980,Shipped,Planes,68,S24_3949,L'ordine Souveniers,0522-556555,Strada Provinciale 124,Reggio Emilia,42100,Italy,Moroni,Maurizio,Small,10,5,2020
1959,10100,49,34.47,1,1689.03,2836,Shipped,Vintage Cars,41,S24_3969,Online Diecast Creations Co.,6035558647,2304 Long Airport Avenue,Nashua,62005,USA,Young,Valarie,Small,6,1,2018
1960,10110,48,34.47,5,1654.56,2766,Shipped,Vintage Cars,41,S24_3969,"AV Stores, Co.",(171) 555-1555,Fauntleroy Circus,Manchester,EC2 5NT,UK,Ashworth,Victoria,Small,18,3,2018
1961,10124,46,33.23,4,1528.58,2703,Shipped,Vintage Cars,41,S24_3969,Signal Gift Stores,7025551838,8489 Strong St.,Las Vegas,83030,USA,King,Sue,Small,21,5,2018
1962,10149,26,38.98,9,1013.48,2590,Shipped,Vintage Cars,41,S24_3969,Signal Collectibles Ltd.,4155554312,2793 Furth Circle,Brisbane,94217,USA,Taylor,Sue,Small,12,9,2018
1963,10173,35,33.23,11,1163.05,2537,Shipped,Vintage Cars,41,S24_3969,Rovelli Gifts,035-640555,Via Ludovico il Moro 22,Bergamo,24100,Italy,Rovelli,Giovanni,Small,5,11,2018
1964,10182,23,42.26,8,971.98,2531,Shipped,Vintage Cars,41,S24_3969,Mini Gifts Distributors Ltd.,4155551450,5677 Strong St.,San Rafael,97562,USA,Nelson,Valarie,Small,12,11,2018
1965,10193,22,41.03,12,902.66,2523,Shipped,Vintage Cars,41,S24_3969,"Australian Collectables, Ltd",61-9-3844-6555,7 Allen Street,Glen Waverly,3150,Australia,Connery,Sean,Small,21,11,2018
1966,10204,39,33.23,2,1295.97,2513,Shipped,Vintage Cars,41,S24_3969,Muscle Machine Inc,2125557413,4092 Furth Circle,NYC,10022,USA,Young,Jeff,Small,2,12,2018
1967,10214,44,34.88,5,1534.72,2459,Shipped,Vintage Cars,41,S24_3969,"Corrida Auto Replicas, Ltd",(91) 555 22 82,"C/ Araquil, 67",Madrid,28023,Spain,Sommer,Mart¡n,Small,26,1,2019
1968,10227,27,43.9,8,1185.3,2425,Shipped,Vintage Cars,41,S24_3969,"Saveley & Henriot, Co.",78.32.5555,"2, rue du Commerce",Lyon,69004,France,Saveley,Mary,Small,2,3,2019
1969,10242,46,36.93,1,1698.78,2377,Shipped,Vintage Cars,41,S24_3969,Microscale Inc.,2125551957,5290 North Pendale Street,NYC,10022,USA,Kuo,Kee,Small,20,4,2019
1970,10280,33,41.85,14,1381.05,2259,Shipped,Vintage Cars,41,S24_3969,Amica Models & Co.,011-4988555,Via Monte Bianco 34,Torino,10100,Italy,Accorti,Paolo,Small,17,8,2019
1971,10288,33,40.62,3,1340.46,2245,Shipped,Vintage Cars,41,S24_3969,Handji Gifts& Co,+65 224 1555,Village Close - 106 Linden Road Sandown,Singapore,69045,Singapore,Victorino,Wendy,Small,1,9,2019
1972,10303,24,40.21,1,965.04,2211,Shipped,Vintage Cars,41,S24_3969,"Iberia Gift Imports, Corp.",(95) 555 82 82,"C/ Romero, 33",Sevilla,41101,Spain,Roel,Jose Pedro,Small,6,10,2019
1973,10312,31,35.29,15,1093.99,2197,Shipped,Vintage Cars,41,S24_3969,Mini Gifts Distributors Ltd.,4155551450,5677 Strong St.,San Rafael,97562,USA,Nelson,Valarie,Small,21,10,2019
1974,10332,41,77.24,14,3166.84,2171,Shipped,Vintage Cars,41,S24_3969,"AV Stores, Co.",(171) 555-1555,Fauntleroy Circus,Manchester,EC2 5NT,UK,Ashworth,Victoria,Medium,17,11,2019
1975,10346,22,97.44,4,2143.68,2160,Shipped,Vintage Cars,41,S24_3969,Signal Gift Stores,7025551838,8489 Strong St.,Las Vegas,83030,USA,King,Sue,Small,29,11,2019
1976,10368,46,37.34,3,1717.64,2110,Shipped,Vintage Cars,41,S24_3969,Mini Gifts Distributors Ltd.,4155551450,5677 Strong St.,San Rafael,97562,USA,Nelson,Valarie,Small,19,1,2020
1977,10380,43,95.03,12,4086.29,2083,Shipped,Vintage Cars,41,S24_3969,Euro Shopping Channel,(91) 555 94 44,"C/ Moralzarzal, 86",Madrid,28034,Spain,Freyre,Diego,Medium,16,2,2020
1978,10408,15,36.93,1,553.95,2018,Shipped,Vintage Cars,41,S24_3969,"Tokyo Collectables, Ltd",+81 3 3584 0555,2-2-8 Roppongi,Minato-ku,106-0032,Japan,Shimamura,Akiko,Small,22,4,2020
1979,10420,15,43.49,3,652.35,1982,In Process,Vintage Cars,41,S24_3969,Souveniers And Things Co.,+61 2 9495 8555,"Monitor Money Building, 815 Pacific Hwy",Chatswood,2067,Australia,Huxley,Adrian,Small,29,5,2020
1980,10104,26,112.37,5,2921.62,2832,Shipped,Classic Cars,118,S24_4048,Euro Shopping Channel,(91) 555 94 44,"C/ Moralzarzal, 86",Madrid,28034,Spain,Freyre,Diego,Small,31,1,2018
1981,10115,44,126.56,1,5568.64,2770,Shipped,Classic Cars,118,S24_4048,Classic Legends Inc.,2125558493,5905 Pompton St.,NYC,10022,USA,Hernandez,Maria,Medium,4,4,2018
1982,10127,20,96.99,7,1939.8,2711,Shipped,Classic Cars,118,S24_4048,Muscle Machine Inc,2125557413,4092 Furth Circle,NYC,10022,USA,Young,Jeff,Small,3,6,2018
1983,10141,40,94.62,1,3784.8,2653,Shipped,Classic Cars,118,S24_4048,Suominen Souveniers,+358 9 8045 555,"Software Engineering Center, SEC Oy",Espoo,FIN-02271,Finland,Suominen,Kalle,Medium,1,8,2018
1984,10152,23,121.83,3,2802.09,2599,Shipped,Classic Cars,118,S24_4048,"Australian Gift Network, Co",61-7-3844-6555,31 Duncan St. West End,South Brisbane,4101,Australia,Calaghan,Tony,Small,25,9,2018
1985,10165,24,99.36,8,2384.64,2573,Shipped,Classic Cars,118,S24_4048,"Dragon Souveniers, Ltd.",+65 221 7555,"Bronz Sok., Bronz Apt. 3/6 Tesvikiye",Singapore,79903,Singapore,Natividad,Eric,Small,22,10,2018
1986,10176,29,100.54,7,2915.66,2559,Shipped,Classic Cars,118,S24_4048,L'ordine Souveniers,0522-556555,Strada Provinciale 124,Reggio Emilia,42100,Italy,Moroni,Maurizio,Small,6,11,2018
1987,10184,49,118.28,2,5795.72,2552,Shipped,Classic Cars,118,S24_4048,"Iberia Gift Imports, Corp.",(95) 555 82 82,"C/ Romero, 33",Sevilla,41101,Spain,Roel,Jose Pedro,Medium,14,11,2018
1988,10195,34,108.82,2,3699.88,2542,Shipped,Classic Cars,118,S24_4048,Mini Classics,9145554562,3758 North Pendale Street,White Plains,24067,USA,Frick,Steve,Medium,25,11,2018
1989,10207,28,106.45,3,2980.6,2529,Shipped,Classic Cars,118,S24_4048,Diecast Collectables,6175552555,6251 Ingle Ln.,Boston,51003,USA,Franco,Valarie,Small,9,12,2018
1990,10220,37,136.02,7,5032.74,2465,Shipped,Classic Cars,118,S24_4048,"Clover Collections, Co.",+353 1862 1555,25 Maiden Lane,Dublin,2,Ireland,Cassidy,Dean,Medium,12,2,2019
1991,10230,45,105.27,5,4737.15,2435,Shipped,Classic Cars,118,S24_4048,"Blauer See Auto, Co.",+49 69 66 90 2555,Lyonerstr. 34,Frankfurt,60528,Germany,Keitel,Roland,Medium,15,3,2019
1992,10246,46,137.2,1,6311.2,2385,Shipped,Classic Cars,118,S24_4048,Euro Shopping Channel,(91) 555 94 44,"C/ Moralzarzal, 86",Madrid,28034,Spain,Freyre,Diego,Medium,5,5,2019
1993,10271,22,139.57,1,3070.54,2310,Shipped,Classic Cars,118,S24_4048,Mini Gifts Distributors Ltd.,4155551450,5677 Strong St.,San Rafael,97562,USA,Nelson,Valarie,Medium,20,7,2019
1994,10282,39,123.01,10,4797.39,2280,Shipped,Classic Cars,118,S24_4048,Mini Gifts Distributors Ltd.,4155551450,5677 Strong St.,San Rafael,97562,USA,Nelson,Valarie,Medium,20,8,2019
1995,10292,27,141.94,4,3832.38,2262,Shipped,Classic Cars,118,S24_4048,Land of Toys Inc.,2125557818,897 Long Airport Avenue,NYC,10022,USA,Yu,Kwai,Medium,8,9,2019
1996,10305,36,128.93,1,4641.48,2228,Shipped,Classic Cars,118,S24_4048,Marta's Replicas Co.,6175558555,39323 Spinnaker Dr.,Cambridge,51247,USA,Hernandez,Marta,Medium,13,10,2019
1997,10314,38,105.27,10,4000.26,2220,Shipped,Classic Cars,118,S24_4048,Heintze Collectables,86 21 3555,Smagsloget 45,Aaarhus,8200,Denmark,Ibsen,Palle,Medium,22,10,2019
1998,10325,44,121.04,5,5325.76,2207,Shipped,Classic Cars,118,S24_4048,Baane Mini Imports,07-98 9555,Erling Skakkes gate 78,Stavern,4110,Norway,Bergulfsen,Jonas,Medium,5,11,2019
1999,10336,31,148.99,5,4618.69,2193,Shipped,Classic Cars,118,S24_4048,"La Corne D'abondance, Co.",(1) 42.34.2555,"265, boulevard Charonne",Paris,75012,France,Bertrand,Marie,Medium,20,11,2019
2000,10349,23,138.39,2,3182.97,2183,Shipped,Classic Cars,118,S24_4048,Muscle Machine Inc,2125557413,4092 Furth Circle,NYC,10022,USA,Young,Jeff,Medium,1,12,2019
2001,10359,22,118.32,7,2603.04,2170,Shipped,Classic Cars,118,S24_4048,Reims Collectables,26.47.1555,59 rue de l'Abbaye,Reims,51100,France,Henriot,Paul,Small,15,12,2019
2002,10371,28,50.32,9,1408.96,2132,Shipped,Classic Cars,118,S24_4048,Mini Gifts Distributors Ltd.,4155551450,5677 Strong St.,San Rafael,97562,USA,Nelson,Valarie,Small,23,1,2020
2003,10383,21,93.91,4,1972.11,2103,Shipped,Classic Cars,118,S24_4048,Euro Shopping Channel,(91) 555 94 44,"C/ Moralzarzal, 86",Madrid,28034,Spain,Freyre,Diego,Small,22,2,2020
2004,10394,37,140.75,7,5207.75,2082,Shipped,Classic Cars,118,S24_4048,Euro Shopping Channel,(91) 555 94 44,"C/ Moralzarzal, 86",Madrid,28034,Spain,Freyre,Diego,Medium,15,3,2020
2005,10412,31,137.2,1,4253.2,2034,Shipped,Classic Cars,118,S24_4048,Euro Shopping Channel,(91) 555 94 44,"C/ Moralzarzal, 86",Madrid,28034,Spain,Freyre,Diego,Medium,3,5,2020
2006,10103,25,114.92,15,2873.0,2860,Shipped,Vintage Cars,97,S24_4258,Baane Mini Imports,07-98 9555,Erling Skakkes gate 78,Stavern,4110,Norway,Bergulfsen,Jonas,Small,29,1,2018
2007,10126,34,105.18,15,3576.12,2742,Shipped,Vintage Cars,97,S24_4258,"Corrida Auto Replicas, Ltd",(91) 555 22 82,"C/ Araquil, 67",Madrid,28023,Spain,Sommer,Mart¡n,Medium,28,5,2018
2008,10139,29,112.97,4,3276.13,2694,Shipped,Vintage Cars,97,S24_4258,Souveniers And Things Co.,+61 2 9495 8555,"Monitor Money Building, 815 Pacific Hwy",Chatswood,2067,Australia,Huxley,Adrian,Medium,16,7,2018
2009,10149,20,90.57,1,1811.4,2637,Shipped,Vintage Cars,97,S24_4258,Signal Collectibles Ltd.,4155554312,2793 Furth Circle,Brisbane,94217,USA,Taylor,Sue,Small,12,9,2018
2010,10163,42,91.55,5,3845.1,2600,Shipped,Vintage Cars,97,S24_4258,Classic Legends Inc.,2125558493,5905 Pompton St.,NYC,10022,USA,Hernandez,Maria,Medium,20,10,2018
2011,10173,22,116.87,3,2571.14,2585,Shipped,Vintage Cars,97,S24_4258,Rovelli Gifts,035-640555,Via Ludovico il Moro 22,Bergamo,24100,Italy,Rovelli,Giovanni,Small,5,11,2018
2012,10183,47,107.13,12,5035.11,2578,Shipped,Vintage Cars,97,S24_4258,"Classic Gift Ideas, Inc",2155554695,782 First Street,Philadelphia,71270,USA,Cervantes,Francisca,Medium,13,11,2018
2013,10193,20,113.95,4,2279.0,2571,Shipped,Vintage Cars,97,S24_4258,"Australian Collectables, Ltd",61-9-3844-6555,7 Allen Street,Glen Waverly,3150,Australia,Connery,Sean,Small,21,11,2018
2014,10206,33,97.39,10,3213.87,2558,Shipped,Vintage Cars,97,S24_4258,Canadian Gift Exchange Network,(604) 555-3392,1900 Oak St.,Vancouver,V3F 2K1,Canada,Tannamuri,Yoshi,Medium,5,12,2018
2015,10215,39,90.57,7,3532.23,2504,Shipped,Vintage Cars,97,S24_4258,West Coast Collectables Co.,3105553722,3675 Furth Circle,Burbank,94019,USA,Thompson,Steve,Medium,29,1,2019
2016,10228,33,103.23,6,3406.59,2465,Shipped,Vintage Cars,97,S24_4258,Cambridge Collectables Co.,6175555555,4658 Baden Av.,Cambridge,51247,USA,Tseng,Kyung,Medium,10,3,2019
2017,10244,40,86.68,4,3467.2,2416,Shipped,Vintage Cars,97,S24_4258,Euro Shopping Channel,(91) 555 94 44,"C/ Moralzarzal, 86",Madrid,28034,Spain,Freyre,Diego,Medium,29,4,2019
2018,10257,46,78.89,4,3628.94,2371,Shipped,Vintage Cars,97,S24_4258,The Sharp Gifts Warehouse,4085553659,3086 Ingle Ln.,San Jose,94217,USA,Frick,Sue,Medium,14,6,2019
2019,10269,48,97.39,2,4674.72,2340,Shipped,Vintage Cars,97,S24_4258,Salzburg Collectables,6562-9555,Geislweg 14,Salzburg,5020,Austria,Pipps,Georg,Medium,16,7,2019
2020,10280,21,78.89,6,1656.69,2309,Shipped,Vintage Cars,97,S24_4258,Amica Models & Co.,011-4988555,Via Monte Bianco 34,Torino,10100,Italy,Accorti,Paolo,Small,17,8,2019
2021,10290,45,114.92,1,5171.4,2289,Shipped,Vintage Cars,97,S24_4258,Auto-Moto Classics Inc.,6175558428,16780 Pompton St.,Brickhaven,58339,USA,Taylor,Leslie,Medium,7,9,2019
2022,10304,33,101.29,10,3342.57,2256,Shipped,Vintage Cars,97,S24_4258,Auto Assoc. & Cie.,30.59.8555,"67, avenue de l'Europe",Versailles,78000,France,Tonini,Daniel,Medium,11,10,2019
2023,10312,44,111.02,7,4884.88,2247,Shipped,Vintage Cars,97,S24_4258,Mini Gifts Distributors Ltd.,4155551450,5677 Strong St.,San Rafael,97562,USA,Nelson,Valarie,Medium,21,10,2019
2024,10324,33,189.93,3,6267.69,2233,Shipped,Vintage Cars,97,S24_4258,Vitachrome Inc.,2125551500,2678 Kingston Rd.,NYC,10022,USA,Frick,Michael,Medium,5,11,2019
2025,10348,39,50.31,2,1962.09,2238,Shipped,Vintage Cars,97,S24_4258,"Corrida Auto Replicas, Ltd",(91) 555 22 82,"C/ Araquil, 67",Madrid,28023,Spain,Sommer,Mart¡n,Small,1,11,2019
2026,10358,41,167.0,6,6847.0,2200,Shipped,Vintage Cars,97,S24_4258,Euro Shopping Channel,(91) 555 94 44,"C/ Moralzarzal, 86",Madrid,28034,Spain,Freyre,Diego,Medium,10,12,2019
2027,10369,40,86.92,3,3476.8,2160,Shipped,Vintage Cars,97,S24_4258,Collectables For Less Inc.,6175558555,7825 Douglas Av.,Brickhaven,58339,USA,Nelson,Allen,Medium,20,1,2020
2028,10382,33,139.17,4,4592.61,2133,Shipped,Vintage Cars,97,S24_4258,Mini Gifts Distributors Ltd.,4155551450,5677 Strong St.,San Rafael,97562,USA,Nelson,Valarie,Medium,17,2,2020
2029,10423,28,78.89,4,2208.92,2031,In Process,Vintage Cars,97,S24_4258,Petit Auto,(02) 5554 67,Rue Joseph-Bens 532,Bruxelles,B-1180,Belgium,Dewey,Catherine,Small,30,5,2020
2030,10106,26,63.76,3,1657.76,2865,Shipped,Planes,72,S24_4278,Rovelli Gifts,035-640555,Via Ludovico il Moro 22,Bergamo,24100,Italy,Rovelli,Giovanni,Small,17,2,2018
2031,10120,29,85.49,9,2479.21,2795,Shipped,Planes,72,S24_4278,"Australian Collectors, Co.",03 9520 4555,636 St Kilda Road,Melbourne,3004,Australia,Ferguson,Peter,Small,29,4,2018
2032,10133,46,77.52,4,3565.92,2737,Shipped,Planes,72,S24_4278,Euro Shopping Channel,(91) 555 94 44,"C/ Moralzarzal, 86",Madrid,28034,Spain,Freyre,Diego,Medium,27,6,2018
2033,10145,33,84.77,15,2797.41,2679,Shipped,Planes,72,S24_4278,Toys4GrownUps.com,6265557265,78934 Hillside Dr.,Pasadena,90003,USA,Young,Julie,Small,25,8,2018
2034,10168,48,78.25,10,3756.0,2616,Shipped,Planes,72,S24_4278,Technics Stores Inc.,6505556809,9408 Furth Circle,Burlingame,94217,USA,Hirano,Juri,Medium,28,10,2018
2035,10210,40,71.0,8,2840.0,2541,Shipped,Planes,72,S24_4278,Osaka Souveniers Co.,+81 06 6342 5555,"Dojima Avanza 4F, 1-6-20 Dojima, Kita-ku",Osaka,530-0003,Japan,Kentary,Mory,Small,12,1,2019
2036,10223,23,74.62,10,1716.26,2503,Shipped,Planes,72,S24_4278,"Australian Collectors, Co.",03 9520 4555,636 St Kilda Road,Melbourne,3004,Australia,Ferguson,Peter,Small,20,2,2019
2037,10235,40,81.14,4,3245.6,2463,Shipped,Planes,72,S24_4278,"Royal Canadian Collectables, Ltd.",(604) 555-4555,23 Tsawassen Blvd.,Tsawassen,T2F 8M4,Canada,Lincoln,Elizabeth,Medium,2,4,2019
2038,10250,37,74.62,5,2760.94,2425,Shipped,Planes,72,S24_4278,The Sharp Gifts Warehouse,4085553659,3086 Ingle Ln.,San Jose,94217,USA,Frick,Sue,Small,11,5,2019
2039,10263,24,75.35,11,1808.4,2378,Shipped,Planes,72,S24_4278,Gift Depot Inc.,2035552570,25593 South Bay Ln.,Bridgewater,97562,USA,King,Julie,Small,28,6,2019
2040,10275,27,62.31,10,1682.37,2354,Shipped,Planes,72,S24_4278,La Rochelle Gifts,40.67.8555,"67, rue des Cinquante Otages",Nantes,44000,France,Labrune,Janine,Small,23,7,2019
2041,10284,21,71.0,2,1491.0,2326,Shipped,Planes,72,S24_4278,"Norway Gifts By Mail, Co.",+47 2212 1555,"Drammensveien 126 A, PB 744 Sentrum",Oslo,N 0106,Norway,Klaeboe,Jan,Small,21,8,2019
2042,10297,23,72.45,5,1666.35,2301,Shipped,Planes,72,S24_4278,"Clover Collections, Co.",+353 1862 1555,25 Maiden Lane,Dublin,2,Ireland,Cassidy,Dean,Small,16,9,2019
2043,10308,44,83.32,8,3666.08,2273,Shipped,Planes,72,S24_4278,Mini Classics,9145554562,3758 North Pendale Street,White Plains,24067,USA,Frick,Steve,Medium,15,10,2019
2044,10317,35,83.32,1,2916.2,2256,Shipped,Planes,72,S24_4278,Technics Stores Inc.,6505556809,9408 Furth Circle,Burlingame,94217,USA,Hirano,Juri,Small,2,11,2019
2045,10328,43,60.86,4,2616.98,2247,Shipped,Planes,72,S24_4278,Rovelli Gifts,035-640555,Via Ludovico il Moro 22,Bergamo,24100,Italy,Rovelli,Giovanni,Small,12,11,2019
2046,10340,40,84.77,1,3390.8,2236,Shipped,Planes,72,S24_4278,Enaco Distributors,(93) 203 4555,"Rambla de Catalu¤a, 23",Barcelona,8022,Spain,Saavedra,Eduardo,Medium,24,11,2019
2047,10353,35,89.9,3,3146.5,2227,Shipped,Planes,72,S24_4278,Gift Ideas Corp.,2035554407,2440 Pompton St.,Glendale,97561,USA,Lewis,Dan,Medium,4,12,2019
2048,10361,25,62.46,1,1561.5,2215,Shipped,Planes,72,S24_4278,Souveniers And Things Co.,+61 2 9495 8555,"Monitor Money Building, 815 Pacific Hwy",Chatswood,2067,Australia,Huxley,Adrian,Small,17,12,2019
2049,10375,43,233.48,2,10039.6,2168,Shipped,Planes,72,S24_4278,La Rochelle Gifts,40.67.8555,"67, rue des Cinquante Otages",Nantes,44000,France,Labrune,Janine,Large,3,2,2020
2050,10386,50,63.34,8,3167.0,2142,Resolved,Planes,72,S24_4278,Euro Shopping Channel,(91) 555 94 44,"C/ Moralzarzal, 86",Madrid,28034,Spain,Freyre,Diego,Medium,1,3,2020
2051,10398,45,78.25,14,3521.25,2114,Shipped,Planes,72,S24_4278,Reims Collectables,26.47.1555,59 rue de l'Abbaye,Reims,51100,France,Henriot,Paul,Medium,30,3,2020
2052,10401,52,81.14,4,4219.28,2111,On Hold,Planes,72,S24_4278,Tekni Collectables Inc.,2015559350,7476 Moss Rd.,Newark,94019,USA,Brown,William,Medium,3,4,2020
2053,10416,48,74.62,5,3581.76,2075,Shipped,Planes,72,S24_4278,L'ordine Souveniers,0522-556555,Strada Provinciale 124,Reggio Emilia,42100,Italy,Moroni,Maurizio,Medium,10,5,2020
2054,10108,31,68.71,10,2130.01,2875,Shipped,Classic Cars,80,S24_4620,Cruz & Sons Co.,+63 2 555 3587,15 McCallum Street - NatWest Center #13-03,Makati City,1227 MM,Philippines,Cruz,Arnold,Small,3,3,2018
2055,10122,29,71.14,14,2063.06,2810,Shipped,Classic Cars,80,S24_4620,Marseille Mini Autos,91.24.4555,"12, rue des Bouchers",Marseille,13008,France,Lebihan,Laurence,Small,8,5,2018
2056,10135,23,87.31,11,2008.13,2756,Shipped,Classic Cars,80,S24_4620,Mini Gifts Distributors Ltd.,4155551450,5677 Strong St.,San Rafael,97562,USA,Nelson,Valarie,Small,2,7,2018
2057,10147,31,64.67,11,2004.77,2692,Shipped,Classic Cars,80,S24_4620,Collectables For Less Inc.,6175558555,7825 Douglas Av.,Brickhaven,58339,USA,Nelson,Allen,Small,5,9,2018
2058,10169,24,94.58,6,2269.92,2633,Shipped,Classic Cars,80,S24_4620,"Anna's Decorations, Ltd",02 9936 8555,201 Miller Street,North Sydney,2060,Australia,O'Hara,Anna,Small,4,11,2018
2059,10180,28,71.14,1,1991.92,2627,Shipped,Classic Cars,80,S24_4620,Daedalus Designs Imports,20.16.1555,"184, chausse de Tournai",Lille,59000,France,Rance,Martine,Small,11,11,2018
2060,10191,44,66.29,7,2916.76,2619,Shipped,Classic Cars,80,S24_4620,"Toms Spezialitten, Ltd",0221-5554327,Mehrheimerstr. 369,Koln,50739,Germany,Pfalzheim,Henriette,Small,20,11,2018
2061,10211,22,92.16,6,2027.52,2564,Shipped,Classic Cars,80,S24_4620,Auto Canal Petit,(1) 47.55.6555,"25, rue Lauriston",Paris,75016,France,Perrier,Dominique,Small,15,1,2019
2062,10225,46,70.33,13,3235.18,2527,Shipped,Classic Cars,80,S24_4620,"Vida Sport, Ltd",0897-034555,Grenzacherweg 237,Gensve,1203,Switzerland,Holz,Michael,Medium,22,2,2019
2063,10238,22,93.77,7,2062.94,2482,Shipped,Classic Cars,80,S24_4620,Danish Wholesale Imports,31 12 3555,Vinb'ltet 34,Kobenhavn,1734,Denmark,Petersen,Jytte,Small,9,4,2019
2064,10252,38,87.31,3,3317.78,2436,Shipped,Classic Cars,80,S24_4620,Auto Canal Petit,(1) 47.55.6555,"25, rue Lauriston",Paris,75016,France,Perrier,Dominique,Medium,26,5,2019
2065,10264,47,83.27,1,3913.69,2402,Shipped,Classic Cars,80,S24_4620,Gifts4AllAges.com,6175559555,8616 Spinnaker Dr.,Boston,51003,USA,Yoshido,Juri,Medium,30,6,2019
2066,10276,48,75.18,7,3608.64,2370,Shipped,Classic Cars,80,S24_4620,Online Mini Collectables,6175557555,7635 Spinnaker Dr.,Brickhaven,58339,USA,Barajas,Miguel,Medium,2,8,2019
2067,10287,40,88.12,16,3524.8,2343,Shipped,Classic Cars,80,S24_4620,"Vida Sport, Ltd",0897-034555,Grenzacherweg 237,Gensve,1203,Switzerland,Holz,Michael,Medium,30,8,2019
2068,10299,32,80.84,1,2586.88,2313,Shipped,Classic Cars,80,S24_4620,"Toys of Finland, Co.",90-224 8555,Keskuskatu 45,Helsinki,21240,Finland,Karttunen,Matti,Small,30,9,2019
2069,10310,49,97.01,14,4753.49,2298,Shipped,Classic Cars,80,S24_4620,"Toms Spezialitten, Ltd",0221-5554327,Mehrheimerstr. 369,Koln,50739,Germany,Pfalzheim,Henriette,Medium,16,10,2019
2070,10319,43,85.69,2,3684.67,2281,Shipped,Classic Cars,80,S24_4620,Microscale Inc.,2125551957,5290 North Pendale Street,NYC,10022,USA,Kuo,Kee,Medium,3,11,2019
2071,10331,41,139.4,2,5715.4,2268,Shipped,Classic Cars,80,S24_4620,Motor Mint Distributors Inc.,2155559857,11328 Douglas Av.,Philadelphia,71270,USA,Hernandez,Rosa,Medium,17,11,2019
2072,10343,30,103.29,1,3098.7,2262,Shipped,Classic Cars,80,S24_4620,Reims Collectables,26.47.1555,59 rue de l'Abbaye,Reims,51100,France,Henriot,Paul,Medium,24,11,2019
2073,10355,28,95.39,9,2670.92,2250,Shipped,Classic Cars,80,S24_4620,Euro Shopping Channel,(91) 555 94 44,"C/ Moralzarzal, 86",Madrid,28034,Spain,Freyre,Diego,Small,7,12,2019
2074,10363,43,119.87,9,5154.41,2221,Shipped,Classic Cars,80,S24_4620,Suominen Souveniers,+358 9 8045 555,"Software Engineering Center, SEC Oy",Espoo,FIN-02271,Finland,Suominen,Kalle,Medium,6,1,2020
2075,10378,41,119.37,2,4894.17,2187,Shipped,Classic Cars,80,S24_4620,Euro Shopping Channel,(91) 555 94 44,"C/ Moralzarzal, 86",Madrid,28034,Spain,Freyre,Diego,Medium,10,2,2020
2076,10390,30,82.42,10,2472.6,2165,Shipped,Classic Cars,80,S24_4620,Mini Gifts Distributors Ltd.,4155551450,5677 Strong St.,San Rafael,97562,USA,Nelson,Valarie,Small,4,3,2020
2077,10103,31,104.01,3,3224.31,2931,Shipped,Trucks and Buses,96,S32_1268,Baane Mini Imports,07-98 9555,Erling Skakkes gate 78,Stavern,4110,Norway,Bergulfsen,Jonas,Medium,29,1,2018
2078,10114,32,114.61,7,3667.52,2870,Shipped,Trucks and Buses,96,S32_1268,"La Corne D'abondance, Co.",(1) 42.34.2555,"265, boulevard Charonne",Paris,75012,France,Bertrand,Marie,Medium,1,4,2018
2079,10126,43,96.31,3,4141.33,2814,Shipped,Trucks and Buses,96,S32_1268,"Corrida Auto Replicas, Ltd",(91) 555 22 82,"C/ Araquil, 67",Madrid,28023,Spain,Sommer,Mart¡n,Medium,28,5,2018
2080,10140,26,108.83,3,2829.58,2758,Shipped,Trucks and Buses,96,S32_1268,Technics Stores Inc.,6505556809,9408 Furth Circle,Burlingame,94217,USA,Hirano,Juri,Small,24,7,2018
2081,10151,27,113.65,10,3068.55,2700,Shipped,Trucks and Buses,96,S32_1268,"Oulu Toy Supplies, Inc.",981-443655,Torikatu 38,Oulu,90110,Finland,Koskitalo,Pirkko,Medium,21,9,2018
2082,10164,24,109.79,1,2634.96,2671,Resolved,Trucks and Buses,96,S32_1268,Mini Auto Werke,7675-3555,Kirchgasse 6,Graz,8010,Austria,Mendel,Roland,Small,21,10,2018
2083,10175,22,110.76,8,2436.72,2656,Shipped,Trucks and Buses,96,S32_1268,"Stylish Desk Decors, Co.",(171) 555-0297,35 King George,London,WX3 6FW,UK,Brown,Ann,Small,6,11,2018
2084,10184,46,100.16,13,4607.36,2649,Shipped,Trucks and Buses,96,S32_1268,"Iberia Gift Imports, Corp.",(95) 555 82 82,"C/ Romero, 33",Sevilla,41101,Spain,Roel,Jose Pedro,Medium,14,11,2018
2085,10194,37,97.27,3,3598.99,2639,Shipped,Trucks and Buses,96,S32_1268,"Saveley & Henriot, Co.",78.32.5555,"2, rue du Commerce",Lyon,69004,France,Saveley,Mary,Medium,25,11,2018
2086,10207,49,80.9,14,3964.1,2626,Shipped,Trucks and Buses,96,S32_1268,Diecast Collectables,6175552555,6251 Ingle Ln.,Boston,51003,USA,Franco,Valarie,Medium,9,12,2018
2087,10217,21,106.9,3,2244.9,2570,Shipped,Trucks and Buses,96,S32_1268,Handji Gifts& Co,+65 224 1555,Village Close - 106 Linden Road Sandown,Singapore,69045,Singapore,Victorino,Wendy,Small,4,2,2019
2088,10229,25,111.72,8,2793.0,2536,Shipped,Trucks and Buses,96,S32_1268,Mini Gifts Distributors Ltd.,4155551450,5677 Strong St.,San Rafael,97562,USA,Nelson,Valarie,Small,11,3,2019
2089,10245,37,111.72,1,4133.64,2483,Shipped,Trucks and Buses,96,S32_1268,Super Scale Inc.,2035559545,567 North Pendale Street,New Haven,97823,USA,Murphy,Leslie,Medium,4,5,2019
2090,10259,45,86.68,11,3900.6,2442,Shipped,Trucks and Buses,96,S32_1268,Handji Gifts& Co,+65 224 1555,Village Close - 106 Linden Road Sandown,Singapore,69045,Singapore,Victorino,Wendy,Medium,15,6,2019
2091,10270,32,85.72,1,2743.04,2409,Shipped,Trucks and Buses,96,S32_1268,Souveniers And Things Co.,+61 2 9495 8555,"Monitor Money Building, 815 Pacific Hwy",Chatswood,2067,Australia,Huxley,Adrian,Small,19,7,2019
2092,10281,29,82.83,8,2402.07,2379,Shipped,Trucks and Buses,96,S32_1268,Diecast Classics Inc.,2155551555,7586 Pompton St.,Allentown,70267,USA,Yu,Kyung,Small,19,8,2019
2093,10291,26,83.79,3,2178.54,2360,Shipped,Trucks and Buses,96,S32_1268,Scandinavian Gift Ideas,0695-34 6555,?kergatan 24,Boras,S-844 67,Sweden,Larsson,Maria,Small,8,9,2019
2094,10305,28,112.68,12,3155.04,2326,Shipped,Trucks and Buses,96,S32_1268,Marta's Replicas Co.,6175558555,39323 Spinnaker Dr.,Cambridge,51247,USA,Hernandez,Marta,Medium,13,10,2019
2095,10313,27,87.64,6,2366.28,2318,Shipped,Trucks and Buses,96,S32_1268,Canadian Gift Exchange Network,(604) 555-3392,1900 Oak St.,Vancouver,V3F 2K1,Canada,Tannamuri,Yoshi,Small,22,10,2019
2096,10324,20,98.18,11,1963.6,2305,Shipped,Trucks and Buses,96,S32_1268,Vitachrome Inc.,2125551500,2678 Kingston Rd.,NYC,10022,USA,Frick,Michael,Small,5,11,2019
2097,10335,44,107.87,1,4746.28,2292,Shipped,Trucks and Buses,96,S32_1268,Mini Gifts Distributors Ltd.,4155551450,5677 Strong St.,San Rafael,97562,USA,Nelson,Valarie,Medium,19,11,2019
2098,10348,42,152.07,3,6386.94,2311,Shipped,Trucks and Buses,96,S32_1268,"Corrida Auto Replicas, Ltd",(91) 555 22 82,"C/ Araquil, 67",Madrid,28023,Spain,Sommer,Mart¡n,Medium,1,11,2019
2099,10358,41,108.0,1,4428.0,2273,Shipped,Trucks and Buses,96,S32_1268,Euro Shopping Channel,(91) 555 94 44,"C/ Moralzarzal, 86",Madrid,28034,Spain,Freyre,Diego,Medium,10,12,2019
2100,10371,26,155.54,1,4044.04,2230,Shipped,Trucks and Buses,96,S32_1268,Mini Gifts Distributors Ltd.,4155551450,5677 Strong St.,San Rafael,97562,USA,Nelson,Valarie,Medium,23,1,2020
2101,10382,26,104.17,6,2708.42,2206,Shipped,Trucks and Buses,96,S32_1268,Mini Gifts Distributors Ltd.,4155551450,5677 Strong St.,San Rafael,97562,USA,Nelson,Valarie,Small,17,2,2020
2102,10411,26,111.72,1,2904.72,2133,Shipped,Trucks and Buses,96,S32_1268,Quebec Home Shopping Network,(514) 555-8054,43 rue St. Laurent,Montreal,H1J 1C3,Canada,Fresnisre,Jean,Small,1,5,2020
2103,10425,41,86.68,11,3553.88,2104,In Process,Trucks and Buses,96,S32_1268,La Rochelle Gifts,40.67.8555,"67, rue des Cinquante Otages",Nantes,44000,France,Labrune,Janine,Medium,31,5,2020
2104,10107,20,92.9,8,1858.0,2932,Shipped,Motorcycles,99,S32_1374,Land of Toys Inc.,2125557818,897 Long Airport Avenue,NYC,10022,USA,Yu,Kwai,Small,24,2,2018
2105,10120,22,111.88,6,2461.36,2869,Shipped,Motorcycles,99,S32_1374,"Australian Collectors, Co.",03 9520 4555,636 St Kilda Road,Melbourne,3004,Australia,Ferguson,Peter,Small,29,4,2018
2106,10133,23,114.87,1,2642.01,2811,Shipped,Motorcycles,99,S32_1374,Euro Shopping Channel,(91) 555 94 44,"C/ Moralzarzal, 86",Madrid,28034,Spain,Freyre,Diego,Small,27,6,2018
2107,10145,33,93.9,12,3098.7,2753,Shipped,Motorcycles,99,S32_1374,Toys4GrownUps.com,6265557265,78934 Hillside Dr.,Pasadena,90003,USA,Young,Julie,Medium,25,8,2018
2108,10168,28,115.87,7,3244.36,2690,Shipped,Motorcycles,99,S32_1374,Technics Stores Inc.,6505556809,9408 Furth Circle,Burlingame,94217,USA,Hirano,Juri,Medium,28,10,2018
2109,10188,44,98.89,7,4351.16,2670,Shipped,Motorcycles,99,S32_1374,Herkku Gifts,+47 2267 3215,"Drammen 121, PR 744 Sentrum",Bergen,N 5804,Norway,Oeztan,Veysel,Medium,18,11,2018
2110,10210,46,79.91,5,3675.86,2616,Shipped,Motorcycles,99,S32_1374,Osaka Souveniers Co.,+81 06 6342 5555,"Dojima Avanza 4F, 1-6-20 Dojima, Kita-ku",Osaka,530-0003,Japan,Kentary,Mory,Medium,12,1,2019
2111,10223,21,117.87,7,2475.27,2578,Shipped,Motorcycles,99,S32_1374,"Australian Collectors, Co.",03 9520 4555,636 St Kilda Road,Melbourne,3004,Australia,Ferguson,Peter,Small,20,2,2019
2112,10235,41,101.89,1,4177.49,2538,Shipped,Motorcycles,99,S32_1374,"Royal Canadian Collectables, Ltd.",(604) 555-4555,23 Tsawassen Blvd.,Tsawassen,T2F 8M4,Canada,Lincoln,Elizabeth,Medium,2,4,2019
2113,10250,31,105.88,2,3282.28,2500,Shipped,Motorcycles,99,S32_1374,The Sharp Gifts Warehouse,4085553659,3086 Ingle Ln.,San Jose,94217,USA,Frick,Sue,Medium,11,5,2019
2114,10263,31,79.91,8,2477.21,2453,Shipped,Motorcycles,99,S32_1374,Gift Depot Inc.,2035552570,25593 South Bay Ln.,Bridgewater,97562,USA,King,Julie,Small,28,6,2019
2115,10275,23,81.91,7,1883.93,2429,Shipped,Motorcycles,99,S32_1374,La Rochelle Gifts,40.67.8555,"67, rue des Cinquante Otages",Nantes,44000,France,Labrune,Janine,Small,23,7,2019
2116,10285,37,98.89,12,3658.93,2395,Shipped,Motorcycles,99,S32_1374,Marta's Replicas Co.,6175558555,39323 Spinnaker Dr.,Cambridge,51247,USA,Hernandez,Marta,Medium,27,8,2019
2117,10297,26,109.88,2,2856.88,2376,Shipped,Motorcycles,99,S32_1374,"Clover Collections, Co.",+353 1862 1555,25 Maiden Lane,Dublin,2,Ireland,Cassidy,Dean,Small,16,9,2019
2118,10308,24,79.91,5,1917.84,2348,Shipped,Motorcycles,99,S32_1374,Mini Classics,9145554562,3758 North Pendale Street,White Plains,24067,USA,Frick,Steve,Small,15,10,2019
2119,10318,47,112.88,7,5305.36,2331,Shipped,Motorcycles,99,S32_1374,Diecast Classics Inc.,2155551555,7586 Pompton St.,Allentown,70267,USA,Yu,Kyung,Medium,2,11,2019
2120,10329,45,63.91,11,2875.95,2319,Shipped,Motorcycles,99,S32_1374,Land of Toys Inc.,2125557818,897 Long Airport Avenue,NYC,10022,USA,Yu,Kwai,Small,15,11,2019
2121,10340,55,117.87,2,6482.85,2311,Shipped,Motorcycles,99,S32_1374,Enaco Distributors,(93) 203 4555,"Rambla de Catalu¤a, 23",Barcelona,8022,Spain,Saavedra,Eduardo,Medium,24,11,2019
2122,10353,46,81.17,5,3733.82,2302,Shipped,Motorcycles,99,S32_1374,Gift Ideas Corp.,2035554407,2440 Pompton St.,Glendale,97561,USA,Lewis,Dan,Medium,4,12,2019
2123,10363,50,131.53,2,6576.5,2270,Shipped,Motorcycles,99,S32_1374,Suominen Souveniers,+358 9 8045 555,"Software Engineering Center, SEC Oy",Espoo,FIN-02271,Finland,Suominen,Kalle,Medium,6,1,2020
2124,10375,37,171.71,3,6353.27,2243,Shipped,Motorcycles,99,S32_1374,La Rochelle Gifts,40.67.8555,"67, rue des Cinquante Otages",Nantes,44000,France,Labrune,Janine,Medium,3,2,2020
2125,10387,44,94.9,1,4175.6,2216,Shipped,Motorcycles,99,S32_1374,"Dragon Souveniers, Ltd.",+65 221 7555,"Bronz Sok., Bronz Apt. 3/6 Tesvikiye",Singapore,79903,Singapore,Natividad,Eric,Medium,2,3,2020
2126,10401,49,101.89,1,4992.61,2185,On Hold,Motorcycles,99,S32_1374,Tekni Collectables Inc.,2015559350,7476 Moss Rd.,Newark,94019,USA,Brown,William,Medium,3,4,2020
2127,10416,45,105.88,2,4764.6,2149,Shipped,Motorcycles,99,S32_1374,L'ordine Souveniers,0522-556555,Strada Provinciale 124,Reggio Emilia,42100,Italy,Moroni,Maurizio,Medium,10,5,2020
2128,10108,27,43.45,13,1173.15,2949,Shipped,Motorcycles,40,S32_2206,Cruz & Sons Co.,+63 2 555 3587,15 McCallum Street - NatWest Center #13-03,Makati City,1227 MM,Philippines,Cruz,Arnold,Small,3,3,2018
2129,10122,31,44.66,17,1384.46,2884,Shipped,Motorcycles,40,S32_2206,Marseille Mini Autos,91.24.4555,"12, rue des Bouchers",Marseille,13008,France,Lebihan,Laurence,Small,8,5,2018
2130,10135,33,40.23,14,1327.59,2830,Shipped,Motorcycles,40,S32_2206,Mini Gifts Distributors Ltd.,4155551450,5677 Strong St.,San Rafael,97562,USA,Nelson,Valarie,Small,2,7,2018
2131,10145,31,35.8,1,1109.8,2777,Shipped,Motorcycles,40,S32_2206,Toys4GrownUps.com,6265557265,78934 Hillside Dr.,Pasadena,90003,USA,Young,Julie,Small,25,8,2018
2132,10169,26,39.83,9,1035.58,2707,Shipped,Motorcycles,40,S32_2206,"Anna's Decorations, Ltd",02 9936 8555,201 Miller Street,North Sydney,2060,Australia,O'Hara,Anna,Small,4,11,2018
2133,10180,34,45.46,4,1545.64,2701,Shipped,Motorcycles,40,S32_2206,Daedalus Designs Imports,20.16.1555,"184, chausse de Tournai",Lille,59000,France,Rance,Martine,Small,11,11,2018
2134,10190,46,32.99,1,1517.54,2694,Shipped,Motorcycles,40,S32_2206,Euro Shopping Channel,(91) 555 94 44,"C/ Moralzarzal, 86",Madrid,28034,Spain,Freyre,Diego,Small,19,11,2018
2135,10211,41,42.24,9,1731.84,2638,Shipped,Motorcycles,40,S32_2206,Auto Canal Petit,(1) 47.55.6555,"25, rue Lauriston",Paris,75016,France,Perrier,Dominique,Small,15,1,2019
2136,10224,43,39.43,2,1695.49,2602,Shipped,Motorcycles,40,S32_2206,Daedalus Designs Imports,20.16.1555,"184, chausse de Tournai",Lille,59000,France,Rance,Martine,Small,21,2,2019
2137,10237,26,40.23,2,1045.98,2560,Shipped,Motorcycles,40,S32_2206,Vitachrome Inc.,2125551500,2678 Kingston Rd.,NYC,10022,USA,Frick,Michael,Small,5,4,2019
2138,10252,36,48.28,6,1738.08,2510,Shipped,Motorcycles,40,S32_2206,Auto Canal Petit,(1) 47.55.6555,"25, rue Lauriston",Paris,75016,France,Perrier,Dominique,Small,26,5,2019
2139,10264,20,32.59,4,651.8,2476,Shipped,Motorcycles,40,S32_2206,Gifts4AllAges.com,6175559555,8616 Spinnaker Dr.,Boston,51003,USA,Yoshido,Juri,Small,30,6,2019
2140,10276,27,36.61,10,988.47,2444,Shipped,Motorcycles,40,S32_2206,Online Mini Collectables,6175557555,7635 Spinnaker Dr.,Brickhaven,58339,USA,Barajas,Miguel,Small,2,8,2019
2141,10285,37,41.03,1,1518.11,2420,Shipped,Motorcycles,40,S32_2206,Marta's Replicas Co.,6175558555,39323 Spinnaker Dr.,Cambridge,51247,USA,Hernandez,Marta,Small,27,8,2019
2142,10299,24,42.24,4,1013.76,2387,Shipped,Motorcycles,40,S32_2206,"Toys of Finland, Co.",90-224 8555,Keskuskatu 45,Helsinki,21240,Finland,Karttunen,Matti,Small,30,9,2019
2143,10310,36,43.05,17,1549.8,2372,Shipped,Motorcycles,40,S32_2206,"Toms Spezialitten, Ltd",0221-5554327,Mehrheimerstr. 369,Koln,50739,Germany,Pfalzheim,Henriette,Small,16,10,2019
2144,10319,29,38.22,5,1108.38,2355,Shipped,Motorcycles,40,S32_2206,Microscale Inc.,2125551957,5290 North Pendale Street,NYC,10022,USA,Kuo,Kee,Small,3,11,2019
2145,10331,28,146.52,3,4102.56,2342,Shipped,Motorcycles,40,S32_2206,Motor Mint Distributors Inc.,2155559857,11328 Douglas Av.,Philadelphia,71270,USA,Hernandez,Rosa,Medium,17,11,2019
2146,10343,29,128.04,5,3713.16,2336,Shipped,Motorcycles,40,S32_2206,Reims Collectables,26.47.1555,59 rue de l'Abbaye,Reims,51100,France,Henriot,Paul,Medium,24,11,2019
2147,10355,38,39.83,10,1513.54,2324,Shipped,Motorcycles,40,S32_2206,Euro Shopping Channel,(91) 555 94 44,"C/ Moralzarzal, 86",Madrid,28034,Spain,Freyre,Diego,Small,7,12,2019
2148,10364,48,48.28,1,2317.44,2295,Shipped,Motorcycles,40,S32_2206,Marseille Mini Autos,91.24.4555,"12, rue des Bouchers",Marseille,13008,France,Lebihan,Laurence,Small,6,1,2020
2149,10378,40,82.46,1,3298.4,2261,Shipped,Motorcycles,40,S32_2206,Euro Shopping Channel,(91) 555 94 44,"C/ Moralzarzal, 86",Madrid,28034,Spain,Freyre,Diego,Medium,10,2,2020
2150,10390,41,44.56,11,1826.96,2239,Shipped,Motorcycles,40,S32_2206,Mini Gifts Distributors Ltd.,4155551450,5677 Strong St.,San Rafael,97562,USA,Nelson,Valarie,Small,4,3,2020
2151,10403,30,40.23,2,1206.9,2205,Shipped,Motorcycles,40,S32_2206,"UK Collectables, Ltd.",(171) 555-2282,Berkeley Gardens 12  Brewery,Liverpool,WX1 6LT,UK,Devon,Elizabeth,Small,8,4,2020
2152,10104,35,47.62,11,1666.7,3004,Shipped,Trucks and Buses,54,S32_2509,Euro Shopping Channel,(91) 555 94 44,"C/ Moralzarzal, 86",Madrid,28034,Spain,Freyre,Diego,Small,31,1,2018
2153,10114,28,55.73,2,1560.44,2945,Shipped,Trucks and Buses,54,S32_2509,"La Corne D'abondance, Co.",(1) 42.34.2555,"265, boulevard Charonne",Paris,75012,France,Bertrand,Marie,Small,1,4,2018
2154,10127,45,51.95,13,2337.75,2883,Shipped,Trucks and Buses,54,S32_2509,Muscle Machine Inc,2125557413,4092 Furth Circle,NYC,10022,USA,Young,Jeff,Small,3,6,2018
2155,10141,24,45.99,7,1103.76,2825,Shipped,Trucks and Buses,54,S32_2509,Suominen Souveniers,+358 9 8045 555,"Software Engineering Center, SEC Oy",Espoo,FIN-02271,Finland,Suominen,Kalle,Small,1,8,2018
2156,10151,41,63.85,5,2617.85,2775,Shipped,Trucks and Buses,54,S32_2509,"Oulu Toy Supplies, Inc.",981-443655,Torikatu 38,Oulu,90110,Finland,Koskitalo,Pirkko,Small,21,9,2018
2157,10165,48,45.99,14,2207.52,2745,Shipped,Trucks and Buses,54,S32_2509,"Dragon Souveniers, Ltd.",+65 221 7555,"Bronz Sok., Bronz Apt. 3/6 Tesvikiye",Singapore,79903,Singapore,Natividad,Eric,Small,22,10,2018
2158,10175,50,63.31,3,3165.5,2731,Shipped,Trucks and Buses,54,S32_2509,"Stylish Desk Decors, Co.",(171) 555-0297,35 King George,London,WX3 6FW,UK,Brown,Ann,Medium,6,11,2018
2159,10184,33,62.77,8,2071.41,2724,Shipped,Trucks and Buses,54,S32_2509,"Iberia Gift Imports, Corp.",(95) 555 82 82,"C/ Romero, 33",Sevilla,41101,Spain,Roel,Jose Pedro,Small,14,11,2018
2160,10195,32,43.29,8,1385.28,2714,Shipped,Trucks and Buses,54,S32_2509,Mini Classics,9145554562,3758 North Pendale Street,White Plains,24067,USA,Frick,Steve,Small,25,11,2018
2161,10207,27,60.06,9,1621.62,2701,Shipped,Trucks and Buses,54,S32_2509,Diecast Collectables,6175552555,6251 Ingle Ln.,Boston,51003,USA,Franco,Valarie,Small,9,12,2018
2162,10219,35,55.19,4,1931.65,2639,Shipped,Trucks and Buses,54,S32_2509,Signal Collectibles Ltd.,4155554312,2793 Furth Circle,Brisbane,94217,USA,Taylor,Sue,Small,10,2,2019
2163,10229,23,54.11,3,1244.53,2611,Shipped,Trucks and Buses,54,S32_2509,Mini Gifts Distributors Ltd.,4155551450,5677 Strong St.,San Rafael,97562,USA,Nelson,Valarie,Small,11,3,2019
2164,10246,35,48.7,7,1704.5,2557,Shipped,Trucks and Buses,54,S32_2509,Euro Shopping Channel,(91) 555 94 44,"C/ Moralzarzal, 86",Madrid,28034,Spain,Freyre,Diego,Small,5,5,2019
2165,10259,40,43.83,6,1753.2,2517,Shipped,Trucks and Buses,54,S32_2509,Handji Gifts& Co,+65 224 1555,Village Close - 106 Linden Road Sandown,Singapore,69045,Singapore,Victorino,Wendy,Small,15,6,2019
2166,10271,35,47.62,7,1666.7,2483,Shipped,Trucks and Buses,54,S32_2509,Mini Gifts Distributors Ltd.,4155551450,5677 Strong St.,San Rafael,97562,USA,Nelson,Valarie,Small,20,7,2019
2167,10281,31,55.19,3,1710.89,2454,Shipped,Trucks and Buses,54,S32_2509,Diecast Classics Inc.,2155551555,7586 Pompton St.,Allentown,70267,USA,Yu,Kyung,Small,19,8,2019
2168,10292,50,46.53,10,2326.5,2435,Shipped,Trucks and Buses,54,S32_2509,Land of Toys Inc.,2125557818,897 Long Airport Avenue,NYC,10022,USA,Yu,Kwai,Small,8,9,2019
2169,10305,40,57.9,7,2316.0,2401,Shipped,Trucks and Buses,54,S32_2509,Marta's Replicas Co.,6175558555,39323 Spinnaker Dr.,Cambridge,51247,USA,Hernandez,Marta,Small,13,10,2019
2170,10313,38,45.45,1,1727.1,2393,Shipped,Trucks and Buses,54,S32_2509,Canadian Gift Exchange Network,(604) 555-3392,1900 Oak St.,Vancouver,V3F 2K1,Canada,Tannamuri,Yoshi,Small,22,10,2019
2171,10325,38,232.74,3,8844.12,2380,Shipped,Trucks and Buses,54,S32_2509,Baane Mini Imports,07-98 9555,Erling Skakkes gate 78,Stavern,4110,Norway,Bergulfsen,Jonas,Large,5,11,2019
2172,10335,40,60.6,3,2424.0,2367,Shipped,Trucks and Buses,54,S32_2509,Mini Gifts Distributors Ltd.,4155551450,5677 Strong St.,San Rafael,97562,USA,Nelson,Valarie,Small,19,11,2019
2173,10349,33,46.53,1,1535.49,2356,Shipped,Trucks and Buses,54,S32_2509,Muscle Machine Inc,2125557413,4092 Furth Circle,NYC,10022,USA,Young,Jeff,Small,1,12,2019
2174,10359,36,176.63,3,6358.68,2343,Shipped,Trucks and Buses,54,S32_2509,Reims Collectables,26.47.1555,59 rue de l'Abbaye,Reims,51100,France,Henriot,Paul,Medium,15,12,2019
2175,10371,20,66.47,2,1329.4,2305,Shipped,Trucks and Buses,54,S32_2509,Mini Gifts Distributors Ltd.,4155551450,5677 Strong St.,San Rafael,97562,USA,Nelson,Valarie,Small,23,1,2020
2176,10383,32,53.18,5,1701.76,2276,Shipped,Trucks and Buses,54,S32_2509,Euro Shopping Channel,(91) 555 94 44,"C/ Moralzarzal, 86",Madrid,28034,Spain,Freyre,Diego,Small,22,2,2020
2177,10394,36,62.77,3,2259.72,2255,Shipped,Trucks and Buses,54,S32_2509,Euro Shopping Channel,(91) 555 94 44,"C/ Moralzarzal, 86",Madrid,28034,Spain,Freyre,Diego,Small,15,3,2020
2178,10412,19,48.7,7,925.3,2207,Shipped,Trucks and Buses,54,S32_2509,Euro Shopping Channel,(91) 555 94 44,"C/ Moralzarzal, 86",Madrid,28034,Spain,Freyre,Diego,Small,3,5,2020
2179,10425,11,43.83,6,482.13,2180,In Process,Trucks and Buses,54,S32_2509,La Rochelle Gifts,40.67.8555,"67, rue des Cinquante Otages",Nantes,44000,France,Labrune,Janine,Small,31,5,2020
2180,10104,49,65.87,4,3227.63,3032,Shipped,Trains,62,S32_3207,Euro Shopping Channel,(91) 555 94 44,"C/ Moralzarzal, 86",Madrid,28034,Spain,Freyre,Diego,Medium,31,1,2018
2181,10116,27,63.38,1,1711.26,2963,Shipped,Trains,62,S32_3207,Royale Belge,(071) 23 67 2555,"Boulevard Tirou, 255",Charleroi,B-6000,Belgium,Cartrain,Pascale,Small,11,4,2018
2182,10127,29,70.84,6,2054.36,2911,Shipped,Trains,62,S32_3207,Muscle Machine Inc,2125557413,4092 Furth Circle,NYC,10022,USA,Young,Jeff,Small,3,6,2018
2183,10142,42,74.57,16,3131.94,2846,Shipped,Trains,62,S32_3207,Mini Gifts Distributors Ltd.,4155551450,5677 Strong St.,San Rafael,97562,USA,Nelson,Valarie,Medium,8,8,2018
2184,10152,33,50.95,2,1681.35,2799,Shipped,Trains,62,S32_3207,"Australian Gift Network, Co",61-7-3844-6555,31 Duncan St. West End,South Brisbane,4101,Australia,Calaghan,Tony,Small,25,9,2018
2185,10165,44,53.44,7,2351.36,2773,Shipped,Trains,62,S32_3207,"Dragon Souveniers, Ltd.",+65 221 7555,"Bronz Sok., Bronz Apt. 3/6 Tesvikiye",Singapore,79903,Singapore,Natividad,Eric,Small,22,10,2018
2186,10176,22,64.0,6,1408.0,2759,Shipped,Trains,62,S32_3207,L'ordine Souveniers,0522-556555,Strada Provinciale 124,Reggio Emilia,42100,Italy,Moroni,Maurizio,Small,6,11,2018
2187,10184,48,50.95,1,2445.6,2752,Shipped,Trains,62,S32_3207,"Iberia Gift Imports, Corp.",(95) 555 82 82,"C/ Romero, 33",Sevilla,41101,Spain,Roel,Jose Pedro,Small,14,11,2018
2188,10195,33,54.68,1,1804.44,2742,Shipped,Trains,62,S32_3207,Mini Classics,9145554562,3758 North Pendale Street,White Plains,24067,USA,Frick,Steve,Small,25,11,2018
2189,10207,45,56.55,2,2544.75,2729,Shipped,Trains,62,S32_3207,Diecast Collectables,6175552555,6251 Ingle Ln.,Boston,51003,USA,Franco,Valarie,Small,9,12,2018
2190,10220,20,52.82,6,1056.4,2665,Shipped,Trains,62,S32_3207,"Clover Collections, Co.",+353 1862 1555,25 Maiden Lane,Dublin,2,Ireland,Cassidy,Dean,Small,12,2,2019
2191,10230,46,60.9,4,2801.4,2635,Shipped,Trains,62,S32_3207,"Blauer See Auto, Co.",+49 69 66 90 2555,Lyonerstr. 34,Frankfurt,60528,Germany,Keitel,Roland,Small,15,3,2019
2192,10247,40,49.71,6,1988.4,2585,Shipped,Trains,62,S32_3207,Suominen Souveniers,+358 9 8045 555,"Software Engineering Center, SEC Oy",Espoo,FIN-02271,Finland,Suominen,Kalle,Small,5,5,2019
2193,10272,45,64.63,6,2908.35,2510,Shipped,Trains,62,S32_3207,Diecast Classics Inc.,2155551555,7586 Pompton St.,Allentown,70267,USA,Yu,Kyung,Small,20,7,2019
2194,10282,36,59.65,9,2147.4,2480,Shipped,Trains,62,S32_3207,Mini Gifts Distributors Ltd.,4155551450,5677 Strong St.,San Rafael,97562,USA,Nelson,Valarie,Small,20,8,2019
2195,10292,31,67.73,3,2099.63,2462,Shipped,Trains,62,S32_3207,Land of Toys Inc.,2125557818,897 Long Airport Avenue,NYC,10022,USA,Yu,Kwai,Small,8,9,2019
2196,10306,46,50.33,17,2315.18,2427,Shipped,Trains,62,S32_3207,"AV Stores, Co.",(171) 555-1555,Fauntleroy Circus,Manchester,EC2 5NT,UK,Ashworth,Victoria,Small,14,10,2019
2197,10314,35,66.49,9,2327.15,2420,Shipped,Trains,62,S32_3207,Heintze Collectables,86 21 3555,Smagsloget 45,Aaarhus,8200,Denmark,Ibsen,Palle,Small,22,10,2019
2198,10325,28,192.05,2,5377.4,2407,Shipped,Trains,62,S32_3207,Baane Mini Imports,07-98 9555,Erling Skakkes gate 78,Stavern,4110,Norway,Bergulfsen,Jonas,Medium,5,11,2019
2199,10336,31,84.71,9,2626.01,2393,Shipped,Trains,62,S32_3207,"La Corne D'abondance, Co.",(1) 42.34.2555,"265, boulevard Charonne",Paris,75012,France,Bertrand,Marie,Small,20,11,2019
2200,10350,27,163.2,14,4406.4,2382,Shipped,Trains,62,S32_3207,Euro Shopping Channel,(91) 555 94 44,"C/ Moralzarzal, 86",Madrid,28034,Spain,Freyre,Diego,Medium,2,12,2019
2201,10359,22,195.51,1,4301.22,2370,Shipped,Trains,62,S32_3207,Reims Collectables,26.47.1555,59 rue de l'Abbaye,Reims,51100,France,Henriot,Paul,Medium,15,12,2019
2202,10371,30,99.55,11,2986.5,2332,Shipped,Trains,62,S32_3207,Mini Gifts Distributors Ltd.,4155551450,5677 Strong St.,San Rafael,97562,USA,Nelson,Valarie,Small,23,1,2020
2203,10383,44,36.07,8,1587.08,2303,Shipped,Trains,62,S32_3207,Euro Shopping Channel,(91) 555 94 44,"C/ Moralzarzal, 86",Madrid,28034,Spain,Freyre,Diego,Small,22,2,2020
2204,10394,30,60.28,4,1808.4,2282,Shipped,Trains,62,S32_3207,Euro Shopping Channel,(91) 555 94 44,"C/ Moralzarzal, 86",Madrid,28034,Spain,Freyre,Diego,Small,15,3,2020
2205,10413,24,49.71,6,1193.04,2232,Shipped,Trains,62,S32_3207,Gift Depot Inc.,2035552570,25593 South Bay Ln.,Bridgewater,97562,USA,King,Julie,Small,5,5,2020
2206,10103,45,75.63,7,3403.35,3060,Shipped,Trucks and Buses,64,S32_3522,Baane Mini Imports,07-98 9555,Erling Skakkes gate 78,Stavern,4110,Norway,Bergulfsen,Jonas,Medium,29,1,2018
2207,10113,23,68.52,1,1575.96,3005,Shipped,Trucks and Buses,64,S32_3522,Mini Gifts Distributors Ltd.,4155551450,5677 Strong St.,San Rafael,97562,USA,Nelson,Valarie,Small,26,3,2018
2208,10126,26,62.7,7,1630.2,2943,Shipped,Trucks and Buses,64,S32_3522,"Corrida Auto Replicas, Ltd",(91) 555 22 82,"C/ Araquil, 67",Madrid,28023,Spain,Sommer,Mart¡n,Small,28,5,2018
2209,10140,28,60.76,7,1701.28,2887,Shipped,Trucks and Buses,64,S32_3522,Technics Stores Inc.,6505556809,9408 Furth Circle,Burlingame,94217,USA,Hirano,Juri,Small,24,7,2018
2210,10150,49,58.18,4,2850.82,2831,Shipped,Trucks and Buses,64,S32_3522,"Dragon Souveniers, Ltd.",+65 221 7555,"Bronz Sok., Bronz Apt. 3/6 Tesvikiye",Singapore,79903,Singapore,Natividad,Eric,Small,19,9,2018
2211,10164,49,54.94,5,2692.06,2800,Resolved,Trucks and Buses,64,S32_3522,Mini Auto Werke,7675-3555,Kirchgasse 6,Graz,8010,Austria,Mendel,Roland,Small,21,10,2018
2212,10175,29,74.98,12,2174.42,2785,Shipped,Trucks and Buses,64,S32_3522,"Stylish Desk Decors, Co.",(171) 555-0297,35 King George,London,WX3 6FW,UK,Brown,Ann,Small,6,11,2018
2213,10183,49,64.64,4,3167.36,2779,Shipped,Trucks and Buses,64,S32_3522,"Classic Gift Ideas, Inc",2155554695,782 First Street,Philadelphia,71270,USA,Cervantes,Francisca,Medium,13,11,2018
2214,10194,39,54.94,7,2142.66,2768,Shipped,Trucks and Buses,64,S32_3522,"Saveley & Henriot, Co.",78.32.5555,"2, rue du Commerce",Lyon,69004,France,Saveley,Mary,Small,25,11,2018
2215,10206,36,58.82,2,2117.52,2759,Shipped,Trucks and Buses,64,S32_3522,Canadian Gift Exchange Network,(604) 555-3392,1900 Oak St.,Vancouver,V3F 2K1,Canada,Tannamuri,Yoshi,Small,5,12,2018
2216,10217,39,62.05,7,2419.95,2699,Shipped,Trucks and Buses,64,S32_3522,Handji Gifts& Co,+65 224 1555,Village Close - 106 Linden Road Sandown,Singapore,69045,Singapore,Victorino,Wendy,Small,4,2,2019
2217,10229,30,73.04,12,2191.2,2665,Shipped,Trucks and Buses,64,S32_3522,Mini Gifts Distributors Ltd.,4155551450,5677 Strong St.,San Rafael,97562,USA,Nelson,Valarie,Small,11,3,2019
2218,10245,44,69.16,5,3043.04,2612,Shipped,Trucks and Buses,64,S32_3522,Super Scale Inc.,2035559545,567 North Pendale Street,New Haven,97823,USA,Murphy,Leslie,Medium,4,5,2019
2219,10258,20,61.41,2,1228.2,2571,Shipped,Trucks and Buses,64,S32_3522,"Tokyo Collectables, Ltd",+81 3 3584 0555,2-2-8 Roppongi,Minato-ku,106-0032,Japan,Shimamura,Akiko,Small,15,6,2019
2220,10270,21,63.35,5,1330.35,2538,Shipped,Trucks and Buses,64,S32_3522,Souveniers And Things Co.,+61 2 9495 8555,"Monitor Money Building, 815 Pacific Hwy",Chatswood,2067,Australia,Huxley,Adrian,Small,19,7,2019
2221,10281,36,77.57,12,2792.52,2508,Shipped,Trucks and Buses,64,S32_3522,Diecast Classics Inc.,2155551555,7586 Pompton St.,Allentown,70267,USA,Yu,Kyung,Small,19,8,2019
2222,10291,32,71.75,7,2296.0,2489,Shipped,Trucks and Buses,64,S32_3522,Scandinavian Gift Ideas,0695-34 6555,?kergatan 24,Boras,S-844 67,Sweden,Larsson,Maria,Small,8,9,2019
2223,10304,36,73.04,2,2629.44,2457,Shipped,Trucks and Buses,64,S32_3522,Auto Assoc. & Cie.,30.59.8555,"67, avenue de l'Europe",Versailles,78000,France,Tonini,Daniel,Small,11,10,2019
2224,10313,34,56.24,10,1912.16,2447,Shipped,Trucks and Buses,64,S32_3522,Canadian Gift Exchange Network,(604) 555-3392,1900 Oak St.,Vancouver,V3F 2K1,Canada,Tannamuri,Yoshi,Small,22,10,2019
2225,10324,48,171.03,4,8209.44,2434,Shipped,Trucks and Buses,64,S32_3522,Vitachrome Inc.,2125551500,2678 Kingston Rd.,NYC,10022,USA,Frick,Michael,Large,5,11,2019
2226,10348,31,101.29,5,3139.99,2439,Shipped,Trucks and Buses,64,S32_3522,"Corrida Auto Replicas, Ltd",(91) 555 22 82,"C/ Araquil, 67",Madrid,28023,Spain,Sommer,Mart¡n,Medium,1,11,2019
2227,10358,36,157.49,2,5669.64,2401,Shipped,Trucks and Buses,64,S32_3522,Euro Shopping Channel,(91) 555 94 44,"C/ Moralzarzal, 86",Madrid,28034,Spain,Freyre,Diego,Medium,10,12,2019
2228,10370,25,126.41,3,3160.25,2361,Shipped,Trucks and Buses,64,S32_3522,"Anna's Decorations, Ltd",02 9936 8555,201 Miller Street,North Sydney,2060,Australia,O'Hara,Anna,Medium,20,1,2020
2229,10382,48,141.66,8,6799.68,2334,Shipped,Trucks and Buses,64,S32_3522,Mini Gifts Distributors Ltd.,4155551450,5677 Strong St.,San Rafael,97562,USA,Nelson,Valarie,Medium,17,2,2020
2230,10411,27,69.16,5,1867.32,2261,Shipped,Trucks and Buses,64,S32_3522,Quebec Home Shopping Network,(514) 555-8054,43 rue St. Laurent,Montreal,H1J 1C3,Canada,Fresnisre,Jean,Small,1,5,2020
2231,10424,44,61.41,2,2702.04,2232,In Process,Trucks and Buses,64,S32_3522,Euro Shopping Channel,(91) 555 94 44,"C/ Moralzarzal, 86",Madrid,28034,Spain,Freyre,Diego,Small,31,5,2020
2232,10106,33,72.92,5,2406.36,3067,Shipped,Vintage Cars,68,S32_4289,Rovelli Gifts,035-640555,Via Ludovico il Moro 22,Bergamo,24100,Italy,Rovelli,Giovanni,Small,17,2,2018
2233,10120,29,72.23,11,2094.67,2997,Shipped,Vintage Cars,68,S32_4289,"Australian Collectors, Co.",03 9520 4555,636 St Kilda Road,Melbourne,3004,Australia,Ferguson,Peter,Small,29,4,2018
2234,10133,49,57.1,6,2797.9,2939,Shipped,Vintage Cars,68,S32_4289,Euro Shopping Channel,(91) 555 94 44,"C/ Moralzarzal, 86",Madrid,28034,Spain,Freyre,Diego,Small,27,6,2018
2235,10144,20,81.86,1,1637.2,2893,Shipped,Vintage Cars,68,S32_4289,Royale Belge,(071) 23 67 2555,"Boulevard Tirou, 255",Charleroi,B-6000,Belgium,Cartrain,Pascale,Small,13,8,2018
2236,10168,31,73.61,12,2281.91,2818,Shipped,Vintage Cars,68,S32_4289,Technics Stores Inc.,6505556809,9408 Furth Circle,Burlingame,94217,USA,Hirano,Juri,Small,28,10,2018
2237,10210,39,59.16,10,2307.24,2743,Shipped,Vintage Cars,68,S32_4289,Osaka Souveniers Co.,+81 06 6342 5555,"Dojima Avanza 4F, 1-6-20 Dojima, Kita-ku",Osaka,530-0003,Japan,Kentary,Mory,Small,12,1,2019
2238,10223,20,66.04,12,1320.8,2705,Shipped,Vintage Cars,68,S32_4289,"Australian Collectors, Co.",03 9520 4555,636 St Kilda Road,Melbourne,3004,Australia,Ferguson,Peter,Small,20,2,2019
2239,10235,34,77.73,6,2642.82,2665,Shipped,Vintage Cars,68,S32_4289,"Royal Canadian Collectables, Ltd.",(604) 555-4555,23 Tsawassen Blvd.,Tsawassen,T2F 8M4,Canada,Lincoln,Elizabeth,Small,2,4,2019
2240,10250,50,61.22,7,3061.0,2627,Shipped,Vintage Cars,68,S32_4289,The Sharp Gifts Warehouse,4085553659,3086 Ingle Ln.,San Jose,94217,USA,Frick,Sue,Medium,11,5,2019
2241,10262,40,79.11,2,3164.4,2584,Cancelled,Vintage Cars,68,S32_4289,Euro Shopping Channel,(91) 555 94 44,"C/ Moralzarzal, 86",Madrid,28034,Spain,Freyre,Diego,Medium,24,6,2019
2242,10275,28,63.97,12,1791.16,2556,Shipped,Vintage Cars,68,S32_4289,La Rochelle Gifts,40.67.8555,"67, rue des Cinquante Otages",Nantes,44000,France,Labrune,Janine,Small,23,7,2019
2243,10284,50,81.86,4,4093.0,2528,Shipped,Vintage Cars,68,S32_4289,"Norway Gifts By Mail, Co.",+47 2212 1555,"Drammensveien 126 A, PB 744 Sentrum",Oslo,N 0106,Norway,Klaeboe,Jan,Medium,21,8,2019
2244,10297,28,79.8,7,2234.4,2503,Shipped,Vintage Cars,68,S32_4289,"Clover Collections, Co.",+353 1862 1555,25 Maiden Lane,Dublin,2,Ireland,Cassidy,Dean,Small,16,9,2019
2245,10308,46,66.04,10,3037.84,2475,Shipped,Vintage Cars,68,S32_4289,Mini Classics,9145554562,3758 North Pendale Street,White Plains,24067,USA,Frick,Steve,Medium,15,10,2019
2246,10316,24,59.16,2,1419.84,2459,Shipped,Vintage Cars,68,S32_4289,giftsbymail.co.uk,(198) 555-8888,Garden House Crowther Way,Cowes,PO31 7PJ,UK,Bennett,Helen,Small,1,11,2019
2247,10328,24,81.17,5,1948.08,2449,Shipped,Vintage Cars,68,S32_4289,Rovelli Gifts,035-640555,Via Ludovico il Moro 22,Bergamo,24100,Italy,Rovelli,Giovanni,Small,12,11,2019
2248,10340,39,59.16,3,2307.24,2438,Shipped,Vintage Cars,68,S32_4289,Enaco Distributors,(93) 203 4555,"Rambla de Catalu¤a, 23",Barcelona,8022,Spain,Saavedra,Eduardo,Small,24,11,2019
2249,10353,40,44.51,7,1780.4,2429,Shipped,Vintage Cars,68,S32_4289,Gift Ideas Corp.,2035554407,2440 Pompton St.,Glendale,97561,USA,Lewis,Dan,Small,4,12,2019
2250,10361,49,72.33,2,3544.17,2417,Shipped,Vintage Cars,68,S32_4289,Souveniers And Things Co.,+61 2 9495 8555,"Monitor Money Building, 815 Pacific Hwy",Chatswood,2067,Australia,Huxley,Adrian,Medium,17,12,2019
2251,10375,44,82.26,4,3619.44,2370,Shipped,Vintage Cars,68,S32_4289,La Rochelle Gifts,40.67.8555,"67, rue des Cinquante Otages",Nantes,44000,France,Labrune,Janine,Medium,3,2,2020
2252,10388,35,111.97,8,3918.95,2342,Shipped,Vintage Cars,68,S32_4289,FunGiftIdeas.com,5085552555,1785 First Street,New Bedford,50553,USA,Benitez,Violeta,Medium,3,3,2020
2253,10398,22,67.41,4,1483.02,2316,Shipped,Vintage Cars,68,S32_4289,Reims Collectables,26.47.1555,59 rue de l'Abbaye,Reims,51100,France,Henriot,Paul,Small,30,3,2020
2254,10401,62,77.73,6,4819.26,2313,On Hold,Vintage Cars,68,S32_4289,Tekni Collectables Inc.,2015559350,7476 Moss Rd.,Newark,94019,USA,Brown,William,Medium,3,4,2020
2255,10416,26,61.22,7,1591.72,2277,Shipped,Vintage Cars,68,S32_4289,L'ordine Souveniers,0522-556555,Strada Provinciale 124,Reggio Emilia,42100,Italy,Moroni,Maurizio,Small,10,5,2020
2256,10108,31,118.38,16,3669.78,3077,Shipped,Motorcycles,102,S32_4485,Cruz & Sons Co.,+63 2 555 3587,15 McCallum Street - NatWest Center #13-03,Makati City,1227 MM,Philippines,Cruz,Arnold,Medium,3,3,2018
2257,10121,25,86.74,3,2168.5,3013,Shipped,Motorcycles,102,S32_4485,Reims Collectables,26.47.1555,59 rue de l'Abbaye,Reims,51100,France,Henriot,Paul,Small,7,5,2018
2258,10135,30,89.8,17,2694.0,2958,Shipped,Motorcycles,102,S32_4485,Mini Gifts Distributors Ltd.,4155551450,5677 Strong St.,San Rafael,97562,USA,Nelson,Valarie,Small,2,7,2018
2259,10145,27,120.42,4,3251.34,2905,Shipped,Motorcycles,102,S32_4485,Toys4GrownUps.com,6265557265,78934 Hillside Dr.,Pasadena,90003,USA,Young,Julie,Medium,25,8,2018
2260,10169,34,115.32,12,3920.88,2835,Shipped,Motorcycles,102,S32_4485,"Anna's Decorations, Ltd",02 9936 8555,201 Miller Street,North Sydney,2060,Australia,O'Hara,Anna,Medium,4,11,2018
2261,10180,22,114.3,7,2514.6,2829,Shipped,Motorcycles,102,S32_4485,Daedalus Designs Imports,20.16.1555,"184, chausse de Tournai",Lille,59000,France,Rance,Martine,Small,11,11,2018
2262,10190,42,85.72,4,3600.24,2822,Shipped,Motorcycles,102,S32_4485,Euro Shopping Channel,(91) 555 94 44,"C/ Moralzarzal, 86",Madrid,28034,Spain,Freyre,Diego,Medium,19,11,2018
2263,10211,37,109.19,12,4040.03,2766,Shipped,Motorcycles,102,S32_4485,Auto Canal Petit,(1) 47.55.6555,"25, rue Lauriston",Paris,75016,France,Perrier,Dominique,Medium,15,1,2019
2264,10224,30,111.23,5,3336.9,2730,Shipped,Motorcycles,102,S32_4485,Daedalus Designs Imports,20.16.1555,"184, chausse de Tournai",Lille,59000,France,Rance,Martine,Medium,21,2,2019
2265,10237,27,115.32,5,3113.64,2688,Shipped,Motorcycles,102,S32_4485,Vitachrome Inc.,2125551500,2678 Kingston Rd.,NYC,10022,USA,Frick,Michael,Medium,5,4,2019
2266,10252,25,113.28,9,2832.0,2638,Shipped,Motorcycles,102,S32_4485,Auto Canal Petit,(1) 47.55.6555,"25, rue Lauriston",Paris,75016,France,Perrier,Dominique,Small,26,5,2019
2267,10264,34,97.97,7,3330.98,2604,Shipped,Motorcycles,102,S32_4485,Gifts4AllAges.com,6175559555,8616 Spinnaker Dr.,Boston,51003,USA,Yoshido,Juri,Medium,30,6,2019
2268,10276,38,113.28,13,4304.64,2572,Shipped,Motorcycles,102,S32_4485,Online Mini Collectables,6175557555,7635 Spinnaker Dr.,Brickhaven,58339,USA,Barajas,Miguel,Medium,2,8,2019
2269,10285,26,100.01,4,2600.26,2548,Shipped,Motorcycles,102,S32_4485,Marta's Replicas Co.,6175558555,39323 Spinnaker Dr.,Cambridge,51247,USA,Hernandez,Marta,Small,27,8,2019
2270,10299,38,115.32,7,4382.16,2515,Shipped,Motorcycles,102,S32_4485,"Toys of Finland, Co.",90-224 8555,Keskuskatu 45,Helsinki,21240,Finland,Karttunen,Matti,Medium,30,9,2019
2271,10309,50,84.7,3,4235.0,2501,Shipped,Motorcycles,102,S32_4485,Baane Mini Imports,07-98 9555,Erling Skakkes gate 78,Stavern,4110,Norway,Bergulfsen,Jonas,Medium,15,10,2019
2272,10319,22,119.4,8,2626.8,2483,Shipped,Motorcycles,102,S32_4485,Microscale Inc.,2125551957,5290 North Pendale Street,NYC,10022,USA,Kuo,Kee,Small,3,11,2019
2273,10331,32,157.08,4,5026.56,2470,Shipped,Motorcycles,102,S32_4485,Motor Mint Distributors Inc.,2155559857,11328 Douglas Av.,Philadelphia,71270,USA,Hernandez,Rosa,Medium,17,11,2019
2274,10341,31,71.02,4,2201.62,2464,Shipped,Motorcycles,102,S32_4485,Salzburg Collectables,6562-9555,Geislweg 14,Salzburg,5020,Austria,Pipps,Georg,Small,24,11,2019
2275,10355,40,108.17,5,4326.8,2452,Shipped,Motorcycles,102,S32_4485,Euro Shopping Channel,(91) 555 94 44,"C/ Moralzarzal, 86",Madrid,28034,Spain,Freyre,Diego,Medium,7,12,2019
2276,10365,22,155.69,3,3425.18,2422,Shipped,Motorcycles,102,S32_4485,Mini Creations Ltd.,5085559555,4575 Hillside Dr.,New Bedford,50553,USA,Tam,Wing C,Medium,7,1,2020
2277,10375,41,114.68,15,4701.88,2396,Shipped,Motorcycles,102,S32_4485,La Rochelle Gifts,40.67.8555,"67, rue des Cinquante Otages",Nantes,44000,France,Labrune,Janine,Medium,3,2,2020
2278,10390,45,48.98,12,2204.1,2367,Shipped,Motorcycles,102,S32_4485,Mini Gifts Distributors Ltd.,4155551450,5677 Strong St.,San Rafael,97562,USA,Nelson,Valarie,Small,4,3,2020
2279,10403,45,115.32,5,5189.4,2333,Shipped,Motorcycles,102,S32_4485,"UK Collectables, Ltd.",(171) 555-2282,Berkeley Gardens 12  Brewery,Liverpool,WX1 6LT,UK,Devon,Elizabeth,Medium,8,4,2020
2280,10106,39,40.15,6,1565.85,3115,Shipped,Vintage Cars,43,S50_1341,Rovelli Gifts,035-640555,Via Ludovico il Moro 22,Bergamo,24100,Italy,Rovelli,Giovanni,Small,17,2,2018
2281,10120,49,50.62,12,2480.38,3045,Shipped,Vintage Cars,43,S50_1341,"Australian Collectors, Co.",03 9520 4555,636 St Kilda Road,Melbourne,3004,Australia,Ferguson,Peter,Small,29,4,2018
2282,10133,27,50.19,7,1355.13,2987,Shipped,Vintage Cars,43,S50_1341,Euro Shopping Channel,(91) 555 94 44,"C/ Moralzarzal, 86",Madrid,28034,Spain,Freyre,Diego,Small,27,6,2018
2283,10143,34,36.66,1,1246.44,2944,Shipped,Vintage Cars,43,S50_1341,Mini Creations Ltd.,5085559555,4575 Hillside Dr.,New Bedford,50553,USA,Tam,Wing C,Small,10,8,2018
2284,10156,20,41.02,1,820.4,2886,Shipped,Vintage Cars,43,S50_1341,Euro Shopping Channel,(91) 555 94 44,"C/ Moralzarzal, 86",Madrid,28034,Spain,Freyre,Diego,Small,8,10,2018
2285,10168,48,51.93,13,2492.64,2867,Shipped,Vintage Cars,43,S50_1341,Technics Stores Inc.,6505556809,9408 Furth Circle,Burlingame,94217,USA,Hirano,Juri,Small,28,10,2018
2286,10199,29,38.4,1,1113.6,2834,Shipped,Vintage Cars,43,S50_1341,West Coast Collectables Co.,3105553722,3675 Furth Circle,Burbank,94019,USA,Thompson,Steve,Small,1,12,2018
2287,10210,43,41.02,11,1763.86,2793,Shipped,Vintage Cars,43,S50_1341,Osaka Souveniers Co.,+81 06 6342 5555,"Dojima Avanza 4F, 1-6-20 Dojima, Kita-ku",Osaka,530-0003,Japan,Kentary,Mory,Small,12,1,2019
2288,10223,41,46.26,13,1896.66,2755,Shipped,Vintage Cars,43,S50_1341,"Australian Collectors, Co.",03 9520 4555,636 St Kilda Road,Melbourne,3004,Australia,Ferguson,Peter,Small,20,2,2019
2289,10235,41,35.35,7,1449.35,2715,Shipped,Vintage Cars,43,S50_1341,"Royal Canadian Collectables, Ltd.",(604) 555-4555,23 Tsawassen Blvd.,Tsawassen,T2F 8M4,Canada,Lincoln,Elizabeth,Small,2,4,2019
2290,10250,36,51.93,8,1869.48,2677,Shipped,Vintage Cars,43,S50_1341,The Sharp Gifts Warehouse,4085553659,3086 Ingle Ln.,San Jose,94217,USA,Frick,Sue,Small,11,5,2019
2291,10262,49,37.97,3,1860.53,2634,Cancelled,Vintage Cars,43,S50_1341,Euro Shopping Channel,(91) 555 94 44,"C/ Moralzarzal, 86",Madrid,28034,Spain,Freyre,Diego,Small,24,6,2019
2292,10275,38,45.39,13,1724.82,2606,Shipped,Vintage Cars,43,S50_1341,La Rochelle Gifts,40.67.8555,"67, rue des Cinquante Otages",Nantes,44000,France,Labrune,Janine,Small,23,7,2019
2293,10284,33,51.93,5,1713.69,2578,Shipped,Vintage Cars,43,S50_1341,"Norway Gifts By Mail, Co.",+47 2212 1555,"Drammensveien 126 A, PB 744 Sentrum",Oslo,N 0106,Norway,Klaeboe,Jan,Small,21,8,2019
2294,10296,26,48.44,1,1259.44,2554,Shipped,Vintage Cars,43,S50_1341,"Bavarian Collectables Imports, Co.",+49 89 61 08 9555,Hansastr. 15,Munich,80686,Germany,Donnermeyer,Michael,Small,15,9,2019
2295,10308,47,43.64,11,2051.08,2525,Shipped,Vintage Cars,43,S50_1341,Mini Classics,9145554562,3758 North Pendale Street,White Plains,24067,USA,Frick,Steve,Small,15,10,2019
2296,10316,34,47.57,3,1617.38,2509,Shipped,Vintage Cars,43,S50_1341,giftsbymail.co.uk,(198) 555-8888,Garden House Crowther Way,Cowes,PO31 7PJ,UK,Bennett,Helen,Small,1,11,2019
2297,10328,34,51.93,7,1765.62,2499,Shipped,Vintage Cars,43,S50_1341,Rovelli Gifts,035-640555,Via Ludovico il Moro 22,Bergamo,24100,Italy,Rovelli,Giovanni,Small,12,11,2019
2298,10340,40,50.62,4,2024.8,2488,Shipped,Vintage Cars,43,S50_1341,Enaco Distributors,(93) 203 4555,"Rambla de Catalu¤a, 23",Barcelona,8022,Spain,Saavedra,Eduardo,Small,24,11,2019
2299,10353,40,82.21,8,3288.4,2479,Shipped,Vintage Cars,43,S50_1341,Gift Ideas Corp.,2035554407,2440 Pompton St.,Glendale,97561,USA,Lewis,Dan,Medium,4,12,2019
2300,10361,33,82.59,3,2725.47,2467,Shipped,Vintage Cars,43,S50_1341,Souveniers And Things Co.,+61 2 9495 8555,"Monitor Money Building, 815 Pacific Hwy",Chatswood,2067,Australia,Huxley,Adrian,Small,17,12,2019
2301,10375,49,65.8,5,3224.2,2420,Shipped,Vintage Cars,43,S50_1341,La Rochelle Gifts,40.67.8555,"67, rue des Cinquante Otages",Nantes,44000,France,Labrune,Janine,Medium,3,2,2020
2302,10388,27,118.94,1,3211.38,2392,Shipped,Vintage Cars,43,S50_1341,FunGiftIdeas.com,5085552555,1785 First Street,New Bedford,50553,USA,Benitez,Violeta,Medium,3,3,2020
2303,10398,49,36.66,5,1796.34,2366,Shipped,Vintage Cars,43,S50_1341,Reims Collectables,26.47.1555,59 rue de l'Abbaye,Reims,51100,France,Henriot,Paul,Small,30,3,2020
2304,10401,56,35.35,7,1979.6,2363,On Hold,Vintage Cars,43,S50_1341,Tekni Collectables Inc.,2015559350,7476 Moss Rd.,Newark,94019,USA,Brown,William,Small,3,4,2020
2305,10416,37,51.93,8,1921.41,2327,Shipped,Vintage Cars,43,S50_1341,L'ordine Souveniers,0522-556555,Strada Provinciale 124,Reggio Emilia,42100,Italy,Moroni,Maurizio,Small,10,5,2020
2306,10104,33,112.28,7,3705.24,3158,Shipped,Trucks and Buses,115,S50_1392,Euro Shopping Channel,(91) 555 94 44,"C/ Moralzarzal, 86",Madrid,28034,Spain,Freyre,Diego,Medium,31,1,2018
2307,10115,27,105.33,3,2843.91,3096,Shipped,Trucks and Buses,115,S50_1392,Classic Legends Inc.,2125558493,5905 Pompton St.,NYC,10022,USA,Hernandez,Maria,Small,4,4,2018
2308,10127,46,134.27,9,6176.42,3037,Shipped,Trucks and Buses,115,S50_1392,Muscle Machine Inc,2125557413,4092 Furth Circle,NYC,10022,USA,Young,Jeff,Medium,3,6,2018
2309,10141,44,125.01,3,5500.44,2979,Shipped,Trucks and Buses,115,S50_1392,Suominen Souveniers,+358 9 8045 555,"Software Engineering Center, SEC Oy",Espoo,FIN-02271,Finland,Suominen,Kalle,Medium,1,8,2018
2310,10151,26,123.85,1,3220.1,2929,Shipped,Trucks and Buses,115,S50_1392,"Oulu Toy Supplies, Inc.",981-443655,Torikatu 38,Oulu,90110,Finland,Koskitalo,Pirkko,Medium,21,9,2018
2311,10165,48,94.92,10,4556.16,2899,Shipped,Trucks and Buses,115,S50_1392,"Dragon Souveniers, Ltd.",+65 221 7555,"Bronz Sok., Bronz Apt. 3/6 Tesvikiye",Singapore,79903,Singapore,Natividad,Eric,Medium,22,10,2018
2312,10176,23,135.43,9,3114.89,2885,Shipped,Trucks and Buses,115,S50_1392,L'ordine Souveniers,0522-556555,Strada Provinciale 124,Reggio Emilia,42100,Italy,Moroni,Maurizio,Medium,6,11,2018
2313,10184,45,109.96,4,4948.2,2878,Shipped,Trucks and Buses,115,S50_1392,"Iberia Gift Imports, Corp.",(95) 555 82 82,"C/ Romero, 33",Sevilla,41101,Spain,Roel,Jose Pedro,Medium,14,11,2018
2314,10195,49,105.33,4,5161.17,2868,Shipped,Trucks and Buses,115,S50_1392,Mini Classics,9145554562,3758 North Pendale Street,White Plains,24067,USA,Frick,Steve,Medium,25,11,2018
2315,10207,28,94.92,5,2657.76,2855,Shipped,Trucks and Buses,115,S50_1392,Diecast Collectables,6175552555,6251 Ingle Ln.,Boston,51003,USA,Franco,Valarie,Small,9,12,2018
2316,10220,37,107.65,9,3983.05,2791,Shipped,Trucks and Buses,115,S50_1392,"Clover Collections, Co.",+353 1862 1555,25 Maiden Lane,Dublin,2,Ireland,Cassidy,Dean,Medium,12,2,2019
2317,10230,34,116.91,7,3974.94,2761,Shipped,Trucks and Buses,115,S50_1392,"Blauer See Auto, Co.",+49 69 66 90 2555,Lyonerstr. 34,Frankfurt,60528,Germany,Keitel,Roland,Medium,15,3,2019
2318,10246,22,133.11,3,2928.42,2711,Shipped,Trucks and Buses,115,S50_1392,Euro Shopping Channel,(91) 555 94 44,"C/ Moralzarzal, 86",Madrid,28034,Spain,Freyre,Diego,Small,5,5,2019
2319,10259,29,105.33,2,3054.57,2671,Shipped,Trucks and Buses,115,S50_1392,Handji Gifts& Co,+65 224 1555,Village Close - 106 Linden Road Sandown,Singapore,69045,Singapore,Victorino,Wendy,Medium,15,6,2019
2320,10271,34,98.39,3,3345.26,2637,Shipped,Trucks and Buses,115,S50_1392,Mini Gifts Distributors Ltd.,4155551450,5677 Strong St.,San Rafael,97562,USA,Nelson,Valarie,Medium,20,7,2019
2321,10282,38,113.44,12,4310.72,2607,Shipped,Trucks and Buses,115,S50_1392,Mini Gifts Distributors Ltd.,4155551450,5677 Strong St.,San Rafael,97562,USA,Nelson,Valarie,Medium,20,8,2019
2322,10292,41,121.54,6,4983.14,2589,Shipped,Trucks and Buses,115,S50_1392,Land of Toys Inc.,2125557818,897 Long Airport Avenue,NYC,10022,USA,Yu,Kwai,Medium,8,9,2019
2323,10305,42,109.96,3,4618.32,2555,Shipped,Trucks and Buses,115,S50_1392,Marta's Replicas Co.,6175558555,39323 Spinnaker Dr.,Cambridge,51247,USA,Hernandez,Marta,Medium,13,10,2019
2324,10314,28,121.54,12,3403.12,2547,Shipped,Trucks and Buses,115,S50_1392,Heintze Collectables,86 21 3555,Smagsloget 45,Aaarhus,8200,Denmark,Ibsen,Palle,Medium,22,10,2019
2325,10325,38,136.59,4,5190.42,2534,Shipped,Trucks and Buses,115,S50_1392,Baane Mini Imports,07-98 9555,Erling Skakkes gate 78,Stavern,4110,Norway,Bergulfsen,Jonas,Medium,5,11,2019
2326,10336,23,136.59,8,3141.57,2520,Shipped,Trucks and Buses,115,S50_1392,"La Corne D'abondance, Co.",(1) 42.34.2555,"265, boulevard Charonne",Paris,75012,France,Bertrand,Marie,Medium,20,11,2019
2327,10350,31,71.4,8,2213.4,2509,Shipped,Trucks and Buses,115,S50_1392,Euro Shopping Channel,(91) 555 94 44,"C/ Moralzarzal, 86",Madrid,28034,Spain,Freyre,Diego,Small,2,12,2019
2328,10359,46,106.45,2,4896.7,2497,Shipped,Trucks and Buses,115,S50_1392,Reims Collectables,26.47.1555,59 rue de l'Abbaye,Reims,51100,France,Henriot,Paul,Medium,15,12,2019
2329,10371,48,56.55,10,2714.4,2459,Shipped,Trucks and Buses,115,S50_1392,Mini Gifts Distributors Ltd.,4155551450,5677 Strong St.,San Rafael,97562,USA,Nelson,Valarie,Small,23,1,2020
2330,10383,29,106.45,13,3087.05,2430,Shipped,Trucks and Buses,115,S50_1392,Euro Shopping Channel,(91) 555 94 44,"C/ Moralzarzal, 86",Madrid,28034,Spain,Freyre,Diego,Medium,22,2,2020
2331,10395,46,123.76,4,5692.96,2407,Shipped,Trucks and Buses,115,S50_1392,Lyon Souveniers,+33 1 46 62 7555,27 rue du Colonel Pierre Avia,Paris,75508,France,Da Cunha,Daniel,Medium,17,3,2020
2332,10412,26,133.11,3,3460.86,2361,Shipped,Trucks and Buses,115,S50_1392,Euro Shopping Channel,(91) 555 94 44,"C/ Moralzarzal, 86",Madrid,28034,Spain,Freyre,Diego,Medium,3,5,2020
2333,10425,18,105.33,2,1895.94,2334,In Process,Trucks and Buses,115,S50_1392,La Rochelle Gifts,40.67.8555,"67, rue des Cinquante Otages",Nantes,44000,France,Labrune,Janine,Small,31,5,2020
2334,10104,32,53.31,2,1705.92,3186,Shipped,Trains,58,S50_1514,Euro Shopping Channel,(91) 555 94 44,"C/ Moralzarzal, 86",Madrid,28034,Spain,Freyre,Diego,Small,31,1,2018
2335,10117,21,49.21,11,1033.41,3112,Shipped,Trains,58,S50_1514,"Dragon Souveniers, Ltd.",+65 221 7555,"Bronz Sok., Bronz Apt. 3/6 Tesvikiye",Singapore,79903,Singapore,Natividad,Eric,Small,16,4,2018
2336,10127,46,69.12,4,3179.52,3065,Shipped,Trains,58,S50_1514,Muscle Machine Inc,2125557413,4092 Furth Circle,NYC,10022,USA,Young,Jeff,Medium,3,6,2018
2337,10142,42,49.79,14,2091.18,3000,Shipped,Trains,58,S50_1514,Mini Gifts Distributors Ltd.,4155551450,5677 Strong St.,San Rafael,97562,USA,Nelson,Valarie,Small,8,8,2018
2338,10153,31,57.41,13,1779.71,2950,Shipped,Trains,58,S50_1514,Euro Shopping Channel,(91) 555 94 44,"C/ Moralzarzal, 86",Madrid,28034,Spain,Freyre,Diego,Small,28,9,2018
2339,10165,38,66.78,5,2537.64,2927,Shipped,Trains,58,S50_1514,"Dragon Souveniers, Ltd.",+65 221 7555,"Bronz Sok., Bronz Apt. 3/6 Tesvikiye",Singapore,79903,Singapore,Natividad,Eric,Small,22,10,2018
2340,10176,38,64.44,4,2448.72,2913,Shipped,Trains,58,S50_1514,L'ordine Souveniers,0522-556555,Strada Provinciale 124,Reggio Emilia,42100,Italy,Moroni,Maurizio,Small,6,11,2018
2341,10185,20,48.62,15,972.4,2906,Shipped,Trains,58,S50_1514,Mini Creations Ltd.,5085559555,4575 Hillside Dr.,New Bedford,50553,USA,Tam,Wing C,Small,14,11,2018
2342,10196,46,62.09,7,2856.14,2895,Shipped,Trains,58,S50_1514,Super Scale Inc.,2035559545,567 North Pendale Street,New Haven,97823,USA,Murphy,Leslie,Small,26,11,2018
2343,10208,30,65.61,15,1968.3,2859,Shipped,Trains,58,S50_1514,"Saveley & Henriot, Co.",78.32.5555,"2, rue du Commerce",Lyon,69004,France,Saveley,Mary,Small,2,1,2019
2344,10220,30,68.54,4,2056.2,2819,Shipped,Trains,58,S50_1514,"Clover Collections, Co.",+353 1862 1555,25 Maiden Lane,Dublin,2,Ireland,Cassidy,Dean,Small,12,2,2019
2345,10230,43,52.14,2,2242.02,2789,Shipped,Trains,58,S50_1514,"Blauer See Auto, Co.",+49 69 66 90 2555,Lyonerstr. 34,Frankfurt,60528,Germany,Keitel,Roland,Small,15,3,2019
2346,10247,49,63.85,4,3128.65,2739,Shipped,Trains,58,S50_1514,Suominen Souveniers,+358 9 8045 555,"Software Engineering Center, SEC Oy",Espoo,FIN-02271,Finland,Suominen,Kalle,Medium,5,5,2019
2347,10272,43,56.82,4,2443.26,2664,Shipped,Trains,58,S50_1514,Diecast Classics Inc.,2155551555,7586 Pompton St.,Allentown,70267,USA,Yu,Kyung,Small,20,7,2019
2348,10282,37,66.78,7,2470.86,2634,Shipped,Trains,58,S50_1514,Mini Gifts Distributors Ltd.,4155551450,5677 Strong St.,San Rafael,97562,USA,Nelson,Valarie,Small,20,8,2019
2349,10292,35,55.07,1,1927.45,2616,Shipped,Trains,58,S50_1514,Land of Toys Inc.,2125557818,897 Long Airport Avenue,NYC,10022,USA,Yu,Kwai,Small,8,9,2019
2350,10306,34,60.34,15,2051.56,2581,Shipped,Trains,58,S50_1514,"AV Stores, Co.",(171) 555-1555,Fauntleroy Circus,Manchester,EC2 5NT,UK,Ashworth,Victoria,Small,14,10,2019
2351,10314,38,61.51,7,2337.38,2574,Shipped,Trains,58,S50_1514,Heintze Collectables,86 21 3555,Smagsloget 45,Aaarhus,8200,Denmark,Ibsen,Palle,Small,22,10,2019
2352,10325,44,134.84,7,5932.96,2561,Shipped,Trains,58,S50_1514,Baane Mini Imports,07-98 9555,Erling Skakkes gate 78,Stavern,4110,Norway,Bergulfsen,Jonas,Medium,5,11,2019
2353,10337,21,109.37,6,2296.77,2546,Shipped,Trains,58,S50_1514,Classic Legends Inc.,2125558493,5905 Pompton St.,NYC,10022,USA,Hernandez,Maria,Small,21,11,2019
2354,10350,44,147.52,17,6490.88,2536,Shipped,Trains,58,S50_1514,Euro Shopping Channel,(91) 555 94 44,"C/ Moralzarzal, 86",Madrid,28034,Spain,Freyre,Diego,Medium,2,12,2019
2355,10359,25,64.93,4,1623.25,2524,Shipped,Trains,58,S50_1514,Reims Collectables,26.47.1555,59 rue de l'Abbaye,Reims,51100,France,Henriot,Paul,Small,15,12,2019
2356,10372,24,58.58,9,1405.92,2483,Shipped,Trains,58,S50_1514,"Tokyo Collectables, Ltd",+81 3 3584 0555,2-2-8 Roppongi,Minato-ku,106-0032,Japan,Shimamura,Akiko,Small,26,1,2020
2357,10383,38,60.06,10,2282.28,2457,Shipped,Trains,58,S50_1514,Euro Shopping Channel,(91) 555 94 44,"C/ Moralzarzal, 86",Madrid,28034,Spain,Freyre,Diego,Small,22,2,2020
2358,10395,45,199.49,3,8977.05,2434,Shipped,Trains,58,S50_1514,Lyon Souveniers,+33 1 46 62 7555,27 rue du Colonel Pierre Avia,Paris,75508,France,Da Cunha,Daniel,Large,17,3,2020
2359,10413,51,63.85,4,3256.35,2386,Shipped,Trains,58,S50_1514,Gift Depot Inc.,2035552570,25593 South Bay Ln.,Bridgewater,97562,USA,King,Julie,Medium,5,5,2020
2360,10108,34,82.99,14,2821.66,3181,Shipped,Motorcycles,81,S50_4713,Cruz & Sons Co.,+63 2 555 3587,15 McCallum Street - NatWest Center #13-03,Makati City,1227 MM,Philippines,Cruz,Arnold,Small,3,3,2018
2361,10121,44,74.85,1,3293.4,3117,Shipped,Motorcycles,81,S50_4713,Reims Collectables,26.47.1555,59 rue de l'Abbaye,Reims,51100,France,Henriot,Paul,Medium,7,5,2018
2362,10135,44,96.0,15,4224.0,3062,Shipped,Motorcycles,81,S50_4713,Mini Gifts Distributors Ltd.,4155551450,5677 Strong St.,San Rafael,97562,USA,Nelson,Valarie,Medium,2,7,2018
2363,10145,38,81.36,2,3091.68,3009,Shipped,Motorcycles,81,S50_4713,Toys4GrownUps.com,6265557265,78934 Hillside Dr.,Pasadena,90003,USA,Young,Julie,Medium,25,8,2018
2364,10169,48,80.55,10,3866.4,2939,Shipped,Motorcycles,81,S50_4713,"Anna's Decorations, Ltd",02 9936 8555,201 Miller Street,North Sydney,2060,Australia,O'Hara,Anna,Medium,4,11,2018
2365,10180,21,93.56,5,1964.76,2933,Shipped,Motorcycles,81,S50_4713,Daedalus Designs Imports,20.16.1555,"184, chausse de Tournai",Lille,59000,France,Rance,Martine,Small,11,11,2018
2366,10190,40,66.72,2,2668.8,2926,Shipped,Motorcycles,81,S50_4713,Euro Shopping Channel,(91) 555 94 44,"C/ Moralzarzal, 86",Madrid,28034,Spain,Freyre,Diego,Small,19,11,2018
2367,10211,40,80.55,10,3222.0,2870,Shipped,Motorcycles,81,S50_4713,Auto Canal Petit,(1) 47.55.6555,"25, rue Lauriston",Paris,75016,France,Perrier,Dominique,Medium,15,1,2019
2368,10224,50,77.29,3,3864.5,2834,Shipped,Motorcycles,81,S50_4713,Daedalus Designs Imports,20.16.1555,"184, chausse de Tournai",Lille,59000,France,Rance,Martine,Medium,21,2,2019
2369,10237,20,68.34,3,1366.8,2792,Shipped,Motorcycles,81,S50_4713,Vitachrome Inc.,2125551500,2678 Kingston Rd.,NYC,10022,USA,Frick,Michael,Small,5,4,2019
2370,10252,48,72.41,7,3475.68,2742,Shipped,Motorcycles,81,S50_4713,Auto Canal Petit,(1) 47.55.6555,"25, rue Lauriston",Paris,75016,France,Perrier,Dominique,Medium,26,5,2019
2371,10264,47,89.5,5,4206.5,2708,Shipped,Motorcycles,81,S50_4713,Gifts4AllAges.com,6175559555,8616 Spinnaker Dr.,Boston,51003,USA,Yoshido,Juri,Medium,30,6,2019
2372,10276,21,70.78,11,1486.38,2676,Shipped,Motorcycles,81,S50_4713,Online Mini Collectables,6175557555,7635 Spinnaker Dr.,Brickhaven,58339,USA,Barajas,Miguel,Small,2,8,2019
2373,10285,39,78.92,2,3077.88,2652,Shipped,Motorcycles,81,S50_4713,Marta's Replicas Co.,6175558555,39323 Spinnaker Dr.,Cambridge,51247,USA,Hernandez,Marta,Medium,27,8,2019
2374,10299,44,80.55,5,3544.2,2619,Shipped,Motorcycles,81,S50_4713,"Toys of Finland, Co.",90-224 8555,Keskuskatu 45,Helsinki,21240,Finland,Karttunen,Matti,Medium,30,9,2019
2375,10309,28,88.68,1,2483.04,2605,Shipped,Motorcycles,81,S50_4713,Baane Mini Imports,07-98 9555,Erling Skakkes gate 78,Stavern,4110,Norway,Bergulfsen,Jonas,Small,15,10,2019
2376,10319,45,77.29,6,3478.05,2587,Shipped,Motorcycles,81,S50_4713,Microscale Inc.,2125551957,5290 North Pendale Street,NYC,10022,USA,Kuo,Kee,Medium,3,11,2019
2377,10331,20,182.89,5,3657.8,2574,Shipped,Motorcycles,81,S50_4713,Motor Mint Distributors Inc.,2155559857,11328 Douglas Av.,Philadelphia,71270,USA,Hernandez,Rosa,Medium,17,11,2019
2378,10341,38,123.22,3,4682.36,2568,Shipped,Motorcycles,81,S50_4713,Salzburg Collectables,6562-9555,Geislweg 14,Salzburg,5020,Austria,Pipps,Georg,Medium,24,11,2019
2379,10356,26,151.45,4,3937.7,2554,Shipped,Motorcycles,81,S50_4713,Lyon Souveniers,+33 1 46 62 7555,27 rue du Colonel Pierre Avia,Paris,75508,France,Da Cunha,Daniel,Medium,9,12,2019
2380,10365,44,113.28,2,4984.32,2526,Shipped,Motorcycles,81,S50_4713,Mini Creations Ltd.,5085559555,4575 Hillside Dr.,New Bedford,50553,USA,Tam,Wing C,Medium,7,1,2020
2381,10375,49,110.34,8,5406.66,2500,Shipped,Motorcycles,81,S50_4713,La Rochelle Gifts,40.67.8555,"67, rue des Cinquante Otages",Nantes,44000,France,Labrune,Janine,Medium,3,2,2020
2382,10390,22,158.69,13,3491.18,2471,Shipped,Motorcycles,81,S50_4713,Mini Gifts Distributors Ltd.,4155551450,5677 Strong St.,San Rafael,97562,USA,Nelson,Valarie,Medium,4,3,2020
2383,10403,31,68.34,3,2118.54,2437,Shipped,Motorcycles,81,S50_4713,"UK Collectables, Ltd.",(171) 555-2282,Berkeley Gardens 12  Brewery,Liverpool,WX1 6LT,UK,Devon,Elizabeth,Small,8,4,2020
2384,10105,41,70.67,5,2897.47,3225,Shipped,Ships,66,S700_1138,Danish Wholesale Imports,31 12 3555,Vinb'ltet 34,Kobenhavn,1734,Denmark,Petersen,Jytte,Small,11,2,2018
2385,10119,25,76.67,14,1916.75,3150,Shipped,Ships,66,S700_1138,Salzburg Collectables,6562-9555,Geislweg 14,Salzburg,5020,Austria,Pipps,Georg,Small,28,4,2018
2386,10129,31,60.0,5,1860.0,3106,Shipped,Ships,66,S700_1138,"Stylish Desk Decors, Co.",(171) 555-0297,35 King George,London,WX3 6FW,UK,Brown,Ann,Small,12,6,2018
2387,10142,41,64.0,2,2624.0,3050,Shipped,Ships,66,S700_1138,Mini Gifts Distributors Ltd.,4155551450,5677 Strong St.,San Rafael,97562,USA,Nelson,Valarie,Small,8,8,2018
2388,10153,43,64.67,1,2780.81,3000,Shipped,Ships,66,S700_1138,Euro Shopping Channel,(91) 555 94 44,"C/ Moralzarzal, 86",Madrid,28034,Spain,Freyre,Diego,Small,28,9,2018
2389,10167,43,75.34,12,3239.62,2976,Cancelled,Ships,66,S700_1138,Scandinavian Gift Ideas,0695-34 6555,?kergatan 24,Boras,S-844 67,Sweden,Larsson,Maria,Medium,23,10,2018
2390,10177,24,76.0,3,1824.0,2962,Shipped,Ships,66,S700_1138,CAF Imports,+34 913 728 555,"Merchants House, 27-30 Merchant's Quay",Madrid,28023,Spain,Fernandez,Jesus,Small,7,11,2018
2391,10185,21,54.0,3,1134.0,2956,Shipped,Ships,66,S700_1138,Mini Creations Ltd.,5085559555,4575 Hillside Dr.,New Bedford,50553,USA,Tam,Wing C,Small,14,11,2018
2392,10197,23,64.67,9,1487.41,2945,Shipped,Ships,66,S700_1138,Enaco Distributors,(93) 203 4555,"Rambla de Catalu¤a, 23",Barcelona,8022,Spain,Saavedra,Eduardo,Small,26,11,2018
2393,10208,38,74.67,3,2837.46,2909,Shipped,Ships,66,S700_1138,"Saveley & Henriot, Co.",78.32.5555,"2, rue du Commerce",Lyon,69004,France,Saveley,Mary,Small,2,1,2019
2394,10222,31,62.67,15,1942.77,2862,Shipped,Ships,66,S700_1138,Collectable Mini Designs Co.,7605558146,361 Furth Circle,San Diego,91217,USA,Thompson,Valarie,Small,19,2,2019
2395,10233,36,70.67,3,2544.12,2825,Shipped,Ships,66,S700_1138,Tekni Collectables Inc.,2015559350,7476 Moss Rd.,Newark,94019,USA,Brown,William,Small,29,3,2019
2396,10248,36,71.34,6,2568.24,2787,Cancelled,Ships,66,S700_1138,Land of Toys Inc.,2125557818,897 Long Airport Avenue,NYC,10022,USA,Yu,Kwai,Small,7,5,2019
2397,10261,34,62.0,4,2108.0,2747,Shipped,Ships,66,S700_1138,Quebec Home Shopping Network,(514) 555-8054,43 rue St. Laurent,Montreal,H1J 1C3,Canada,Fresnisre,Jean,Small,17,6,2019
2398,10273,21,65.34,7,1372.14,2714,Shipped,Ships,66,S700_1138,Petit Auto,(02) 5554 67,Rue Joseph-Bens 532,Bruxelles,B-1180,Belgium,Dewey,Catherine,Small,21,7,2019
2399,10283,45,78.67,9,3540.15,2685,Shipped,Ships,66,S700_1138,"Royal Canadian Collectables, Ltd.",(604) 555-4555,23 Tsawassen Blvd.,Tsawassen,T2F 8M4,Canada,Lincoln,Elizabeth,Medium,20,8,2019
2400,10295,26,75.34,4,1958.84,2665,Shipped,Ships,66,S700_1138,Gifts4AllAges.com,6175559555,8616 Spinnaker Dr.,Boston,51003,USA,Yoshido,Juri,Small,10,9,2019
2401,10306,50,54.0,3,2700.0,2632,Shipped,Ships,66,S700_1138,"AV Stores, Co.",(171) 555-1555,Fauntleroy Circus,Manchester,EC2 5NT,UK,Ashworth,Victoria,Small,14,10,2019
2402,10315,41,62.0,2,2542.0,2618,Shipped,Ships,66,S700_1138,La Rochelle Gifts,40.67.8555,"67, rue des Cinquante Otages",Nantes,44000,France,Labrune,Janine,Small,29,10,2019
2403,10326,39,60.0,1,2340.0,2608,Shipped,Ships,66,S700_1138,"Volvo Model Replicas, Co",0921-12 3555,Berguvsvgen  8,Lule,S-958 22,Sweden,Berglund,Christina,Small,9,11,2019
2404,10339,22,128.02,5,2816.44,2595,Shipped,Ships,66,S700_1138,"Tokyo Collectables, Ltd",+81 3 3584 0555,2-2-8 Roppongi,Minato-ku,106-0032,Japan,Shimamura,Akiko,Small,23,11,2019
2405,10350,46,76.67,11,3526.82,2587,Shipped,Ships,66,S700_1138,Euro Shopping Channel,(91) 555 94 44,"C/ Moralzarzal, 86",Madrid,28034,Spain,Freyre,Diego,Medium,2,12,2019
2406,10373,44,105.18,14,4627.92,2528,Shipped,Ships,66,S700_1138,"Oulu Toy Supplies, Inc.",981-443655,Torikatu 38,Oulu,90110,Finland,Koskitalo,Pirkko,Medium,31,1,2020
2407,10385,25,77.34,1,1933.5,2501,Shipped,Ships,66,S700_1138,Mini Gifts Distributors Ltd.,4155551450,5677 Strong St.,San Rafael,97562,USA,Nelson,Valarie,Small,28,2,2020
2408,10396,39,66.67,1,2600.13,2478,Shipped,Ships,66,S700_1138,Mini Gifts Distributors Ltd.,4155551450,5677 Strong St.,San Rafael,97562,USA,Nelson,Valarie,Small,23,3,2020
2409,10414,37,71.34,6,2639.58,2435,On Hold,Ships,66,S700_1138,Gifts4AllAges.com,6175559555,8616 Spinnaker Dr.,Boston,51003,USA,Yoshido,Juri,Small,6,5,2020
2410,10106,31,106.87,7,3312.97,3245,Shipped,Planes,91,S700_1691,Rovelli Gifts,035-640555,Via Ludovico il Moro 22,Bergamo,24100,Italy,Rovelli,Giovanni,Medium,17,2,2018
2411,10120,47,82.21,13,3863.87,3175,Shipped,Planes,91,S700_1691,"Australian Collectors, Co.",03 9520 4555,636 St Kilda Road,Melbourne,3004,Australia,Ferguson,Peter,Medium,29,4,2018
2412,10133,24,77.64,8,1863.36,3117,Shipped,Planes,91,S700_1691,Euro Shopping Channel,(91) 555 94 44,"C/ Moralzarzal, 86",Madrid,28034,Spain,Freyre,Diego,Small,27,6,2018
2413,10143,36,109.61,2,3945.96,3074,Shipped,Planes,91,S700_1691,Mini Creations Ltd.,5085559555,4575 Hillside Dr.,New Bedford,50553,USA,Tam,Wing C,Medium,10,8,2018
2414,10156,48,103.21,2,4954.08,3016,Shipped,Planes,91,S700_1691,Euro Shopping Channel,(91) 555 94 44,"C/ Moralzarzal, 86",Madrid,28034,Spain,Freyre,Diego,Medium,8,10,2018
2415,10168,28,98.65,14,2762.2,2997,Shipped,Planes,91,S700_1691,Technics Stores Inc.,6505556809,9408 Furth Circle,Burlingame,94217,USA,Hirano,Juri,Small,28,10,2018
2416,10199,48,83.12,2,3989.76,2964,Shipped,Planes,91,S700_1691,West Coast Collectables Co.,3105553722,3675 Furth Circle,Burbank,94019,USA,Thompson,Steve,Medium,1,12,2018
2417,10210,21,78.55,12,1649.55,2923,Shipped,Planes,91,S700_1691,Osaka Souveniers Co.,+81 06 6342 5555,"Dojima Avanza 4F, 1-6-20 Dojima, Kita-ku",Osaka,530-0003,Japan,Kentary,Mory,Small,12,1,2019
2418,10223,25,101.39,14,2534.75,2885,Shipped,Planes,91,S700_1691,"Australian Collectors, Co.",03 9520 4555,636 St Kilda Road,Melbourne,3004,Australia,Ferguson,Peter,Small,20,2,2019
2419,10235,25,103.21,8,2580.25,2845,Shipped,Planes,91,S700_1691,"Royal Canadian Collectables, Ltd.",(604) 555-4555,23 Tsawassen Blvd.,Tsawassen,T2F 8M4,Canada,Lincoln,Elizabeth,Small,2,4,2019
2420,10250,31,91.34,9,2831.54,2807,Shipped,Planes,91,S700_1691,The Sharp Gifts Warehouse,4085553659,3086 Ingle Ln.,San Jose,94217,USA,Frick,Sue,Small,11,5,2019
2421,10262,40,84.03,4,3361.2,2764,Cancelled,Planes,91,S700_1691,Euro Shopping Channel,(91) 555 94 44,"C/ Moralzarzal, 86",Madrid,28034,Spain,Freyre,Diego,Medium,24,6,2019
2422,10275,32,89.51,14,2864.32,2736,Shipped,Planes,91,S700_1691,La Rochelle Gifts,40.67.8555,"67, rue des Cinquante Otages",Nantes,44000,France,Labrune,Janine,Small,23,7,2019
2423,10284,24,83.12,6,1994.88,2708,Shipped,Planes,91,S700_1691,"Norway Gifts By Mail, Co.",+47 2212 1555,"Drammensveien 126 A, PB 744 Sentrum",Oslo,N 0106,Norway,Klaeboe,Jan,Small,21,8,2019
2424,10296,42,102.3,2,4296.6,2684,Shipped,Planes,91,S700_1691,"Bavarian Collectables Imports, Co.",+49 89 61 08 9555,Hansastr. 15,Munich,80686,Germany,Donnermeyer,Michael,Medium,15,9,2019
2425,10308,21,105.95,12,2224.95,2655,Shipped,Planes,91,S700_1691,Mini Classics,9145554562,3758 North Pendale Street,White Plains,24067,USA,Frick,Steve,Small,15,10,2019
2426,10316,34,82.21,4,2795.14,2639,Shipped,Planes,91,S700_1691,giftsbymail.co.uk,(198) 555-8888,Garden House Crowther Way,Cowes,PO31 7PJ,UK,Bennett,Helen,Small,1,11,2019
2427,10328,27,102.3,8,2762.1,2629,Shipped,Planes,91,S700_1691,Rovelli Gifts,035-640555,Via Ludovico il Moro 22,Bergamo,24100,Italy,Rovelli,Giovanni,Small,12,11,2019
2428,10340,30,88.6,5,2658.0,2618,Shipped,Planes,91,S700_1691,Enaco Distributors,(93) 203 4555,"Rambla de Catalu¤a, 23",Barcelona,8022,Spain,Saavedra,Eduardo,Small,24,11,2019
2429,10353,39,129.33,9,5043.87,2609,Shipped,Planes,91,S700_1691,Gift Ideas Corp.,2035554407,2440 Pompton St.,Glendale,97561,USA,Lewis,Dan,Medium,4,12,2019
2430,10361,20,60.54,4,1210.8,2597,Shipped,Planes,91,S700_1691,Souveniers And Things Co.,+61 2 9495 8555,"Monitor Money Building, 815 Pacific Hwy",Chatswood,2067,Australia,Huxley,Adrian,Small,17,12,2019
2431,10375,37,81.87,6,3029.19,2550,Shipped,Planes,91,S700_1691,La Rochelle Gifts,40.67.8555,"67, rue des Cinquante Otages",Nantes,44000,France,Labrune,Janine,Medium,3,2,2020
2432,10388,46,218.84,2,10066.6,2522,Shipped,Planes,91,S700_1691,FunGiftIdeas.com,5085552555,1785 First Street,New Bedford,50553,USA,Benitez,Violeta,Large,3,3,2020
2433,10398,47,87.69,6,4121.43,2496,Shipped,Planes,91,S700_1691,Reims Collectables,26.47.1555,59 rue de l'Abbaye,Reims,51100,France,Henriot,Paul,Medium,30,3,2020
2434,10401,11,103.21,8,1135.31,2493,On Hold,Planes,91,S700_1691,Tekni Collectables Inc.,2015559350,7476 Moss Rd.,Newark,94019,USA,Brown,William,Small,3,4,2020
2435,10416,23,91.34,9,2100.82,2457,Shipped,Planes,91,S700_1691,L'ordine Souveniers,0522-556555,Strada Provinciale 124,Reggio Emilia,42100,Italy,Moroni,Maurizio,Small,10,5,2020
2436,10105,29,70.15,12,2034.35,3277,Shipped,Ships,86,S700_1938,Danish Wholesale Imports,31 12 3555,Vinb'ltet 34,Kobenhavn,1734,Denmark,Petersen,Jytte,Small,11,2,2018
2437,10117,38,79.68,6,3027.84,3214,Shipped,Ships,86,S700_1938,"Dragon Souveniers, Ltd.",+65 221 7555,"Bronz Sok., Bronz Apt. 3/6 Tesvikiye",Singapore,79903,Singapore,Natividad,Eric,Medium,16,4,2018
2438,10128,32,97.0,3,3104.0,3164,Shipped,Ships,86,S700_1938,Euro Shopping Channel,(91) 555 94 44,"C/ Moralzarzal, 86",Madrid,28034,Spain,Freyre,Diego,Medium,6,6,2018
2439,10142,43,84.01,9,3612.43,3102,Shipped,Ships,86,S700_1938,Mini Gifts Distributors Ltd.,4155551450,5677 Strong St.,San Rafael,97562,USA,Nelson,Valarie,Medium,8,8,2018
2440,10153,31,87.48,8,2711.88,3052,Shipped,Ships,86,S700_1938,Euro Shopping Channel,(91) 555 94 44,"C/ Moralzarzal, 86",Madrid,28034,Spain,Freyre,Diego,Small,28,9,2018
2441,10166,29,103.93,3,3013.97,3030,Shipped,Ships,86,S700_1938,FunGiftIdeas.com,5085552555,1785 First Street,New Bedford,50553,USA,Benitez,Violeta,Medium,21,10,2018
2442,10177,31,88.34,10,2738.54,3014,Shipped,Ships,86,S700_1938,CAF Imports,+34 913 728 555,"Merchants House, 27-30 Merchant's Quay",Madrid,28023,Spain,Fernandez,Jesus,Small,7,11,2018
2443,10185,30,94.4,10,2832.0,3008,Shipped,Ships,86,S700_1938,Mini Creations Ltd.,5085559555,4575 Hillside Dr.,New Bedford,50553,USA,Tam,Wing C,Small,14,11,2018
2444,10196,50,94.4,2,4720.0,2997,Shipped,Ships,86,S700_1938,Super Scale Inc.,2035559545,567 North Pendale Street,New Haven,97823,USA,Murphy,Leslie,Medium,26,11,2018
2445,10208,40,80.55,10,3222.0,2961,Shipped,Ships,86,S700_1938,"Saveley & Henriot, Co.",78.32.5555,"2, rue du Commerce",Lyon,69004,France,Saveley,Mary,Medium,2,1,2019
2446,10221,23,97.0,4,2231.0,2915,Shipped,Ships,86,S700_1938,Petit Auto,(02) 5554 67,Rue Joseph-Bens 532,Bruxelles,B-1180,Belgium,Dewey,Catherine,Small,18,2,2019
2447,10232,26,88.34,7,2296.84,2886,Shipped,Ships,86,S700_1938,giftsbymail.co.uk,(198) 555-8888,Garden House Crowther Way,Cowes,PO31 7PJ,UK,Bennett,Helen,Small,20,3,2019
2448,10248,40,103.93,13,4157.2,2839,Cancelled,Ships,86,S700_1938,Land of Toys Inc.,2125557818,897 Long Airport Avenue,NYC,10022,USA,Yu,Kwai,Medium,7,5,2019
2449,10273,21,102.2,14,2146.2,2765,Shipped,Ships,86,S700_1938,Petit Auto,(02) 5554 67,Rue Joseph-Bens 532,Bruxelles,B-1180,Belgium,Dewey,Catherine,Small,21,7,2019
2450,10282,43,86.61,2,3724.23,2736,Shipped,Ships,86,S700_1938,Mini Gifts Distributors Ltd.,4155551450,5677 Strong St.,San Rafael,97562,USA,Nelson,Valarie,Medium,20,8,2019
2451,10293,29,71.89,5,2084.81,2717,Shipped,Ships,86,S700_1938,Amica Models & Co.,011-4988555,Via Monte Bianco 34,Torino,10100,Italy,Accorti,Paolo,Small,9,9,2019
2452,10306,38,91.81,10,3488.78,2683,Shipped,Ships,86,S700_1938,"AV Stores, Co.",(171) 555-1555,Fauntleroy Circus,Manchester,EC2 5NT,UK,Ashworth,Victoria,Medium,14,10,2019
2453,10314,23,76.22,2,1753.06,2676,Shipped,Ships,86,S700_1938,Heintze Collectables,86 21 3555,Smagsloget 45,Aaarhus,8200,Denmark,Ibsen,Palle,Small,22,10,2019
2454,10327,20,173.46,7,3469.2,2658,Resolved,Ships,86,S700_1938,Danish Wholesale Imports,31 12 3555,Vinb'ltet 34,Kobenhavn,1734,Denmark,Petersen,Jytte,Medium,10,11,2019
2455,10337,36,70.3,9,2530.8,2648,Shipped,Ships,86,S700_1938,Classic Legends Inc.,2125558493,5905 Pompton St.,NYC,10022,USA,Hernandez,Maria,Small,21,11,2019
2456,10350,28,104.44,4,2924.32,2638,Shipped,Ships,86,S700_1938,Euro Shopping Channel,(91) 555 94 44,"C/ Moralzarzal, 86",Madrid,28034,Spain,Freyre,Diego,Small,2,12,2019
2457,10372,44,102.2,2,4496.8,2584,Shipped,Ships,86,S700_1938,"Tokyo Collectables, Ltd",+81 3 3584 0555,2-2-8 Roppongi,Minato-ku,106-0032,Japan,Shimamura,Akiko,Medium,26,1,2020
2458,10397,32,80.55,5,2577.6,2523,Shipped,Ships,86,S700_1938,Alpha Cognac,61.77.6555,1 rue Alsace-Lorraine,Toulouse,31000,France,Roulet,Annette,Small,28,3,2020
2459,10414,34,103.93,13,3533.62,2485,On Hold,Ships,86,S700_1938,Gifts4AllAges.com,6175559555,8616 Spinnaker Dr.,Boston,51003,USA,Yoshido,Juri,Medium,6,5,2020
2460,10106,30,105.91,16,3177.3,3295,Shipped,Ships,90,S700_2047,Rovelli Gifts,035-640555,Via Ludovico il Moro 22,Bergamo,24100,Italy,Rovelli,Giovanni,Medium,17,2,2018
2461,10119,29,94.14,7,2730.06,3226,Shipped,Ships,90,S700_2047,Salzburg Collectables,6562-9555,Geislweg 14,Salzburg,5020,Austria,Pipps,Georg,Small,28,4,2018
2462,10131,22,85.99,8,1891.78,3178,Shipped,Ships,90,S700_2047,Gift Ideas Corp.,2035554407,2440 Pompton St.,Glendale,97561,USA,Lewis,Dan,Small,16,6,2018
2463,10143,26,100.48,11,2612.48,3124,Shipped,Ships,90,S700_2047,Mini Creations Ltd.,5085559555,4575 Hillside Dr.,New Bedford,50553,USA,Tam,Wing C,Small,10,8,2018
2464,10155,32,91.43,9,2925.76,3068,Shipped,Ships,90,S700_2047,"Toys of Finland, Co.",90-224 8555,Keskuskatu 45,Helsinki,21240,Finland,Karttunen,Matti,Small,6,10,2018
2465,10167,29,101.38,5,2940.02,3052,Cancelled,Ships,90,S700_2047,Scandinavian Gift Ideas,0695-34 6555,?kergatan 24,Boras,S-844 67,Sweden,Larsson,Maria,Small,23,10,2018
2466,10178,34,96.86,8,3293.24,3037,Shipped,Ships,90,S700_2047,Alpha Cognac,61.77.6555,1 rue Alsace-Lorraine,Toulouse,31000,France,Roulet,Annette,Medium,8,11,2018
2467,10186,24,99.57,5,2389.68,3032,Shipped,Ships,90,S700_2047,"Double Decker Gift Stores, Ltd",(171) 555-7555,120 Hanover Sq.,London,WA1 1DP,UK,Hardy,Thomas,Small,14,11,2018
2468,10197,24,90.52,2,2172.48,3021,Shipped,Ships,90,S700_2047,Enaco Distributors,(93) 203 4555,"Rambla de Catalu¤a, 23",Barcelona,8022,Spain,Saavedra,Eduardo,Small,26,11,2018
2469,10222,26,102.29,8,2659.54,2937,Shipped,Ships,90,S700_2047,Collectable Mini Designs Co.,7605558146,361 Furth Circle,San Diego,91217,USA,Thompson,Valarie,Small,19,2,2019
2470,10249,40,95.95,4,3838.0,2860,Shipped,Ships,90,S700_2047,Cambridge Collectables Co.,6175555555,4658 Baden Av.,Cambridge,51247,USA,Tseng,Kyung,Medium,8,5,2019
2471,10262,44,94.14,13,4142.16,2814,Cancelled,Ships,90,S700_2047,Euro Shopping Channel,(91) 555 94 44,"C/ Moralzarzal, 86",Madrid,28034,Spain,Freyre,Diego,Medium,24,6,2019
2472,10274,24,90.52,5,2172.48,2788,Shipped,Ships,90,S700_2047,Collectables For Less Inc.,6175558555,7825 Douglas Av.,Brickhaven,58339,USA,Nelson,Allen,Small,21,7,2019
2473,10283,20,94.14,2,1882.8,2759,Shipped,Ships,90,S700_2047,"Royal Canadian Collectables, Ltd.",(604) 555-4555,23 Tsawassen Blvd.,Tsawassen,T2F 8M4,Canada,Lincoln,Elizabeth,Small,20,8,2019
2474,10296,34,102.29,11,3477.86,2734,Shipped,Ships,90,S700_2047,"Bavarian Collectables Imports, Co.",+49 89 61 08 9555,Hansastr. 15,Munich,80686,Germany,Donnermeyer,Michael,Medium,15,9,2019
2475,10307,34,97.76,5,3323.84,2706,Shipped,Ships,90,S700_2047,"Classic Gift Ideas, Inc",2155554695,782 First Street,Philadelphia,71270,USA,Cervantes,Francisca,Medium,14,10,2019
2476,10316,45,93.24,13,4195.8,2689,Shipped,Ships,90,S700_2047,giftsbymail.co.uk,(198) 555-8888,Garden House Crowther Way,Cowes,PO31 7PJ,UK,Bennett,Helen,Medium,1,11,2019
2477,10328,41,101.38,9,4156.58,2679,Shipped,Ships,90,S700_2047,Rovelli Gifts,035-640555,Via Ludovico il Moro 22,Bergamo,24100,Italy,Rovelli,Giovanni,Medium,12,11,2019
2478,10339,55,71.25,15,3918.75,2669,Shipped,Ships,90,S700_2047,"Tokyo Collectables, Ltd",+81 3 3584 0555,2-2-8 Roppongi,Minato-ku,106-0032,Japan,Shimamura,Akiko,Medium,23,11,2019
2479,10352,23,102.29,3,2352.67,2660,Shipped,Ships,90,S700_2047,Auto-Moto Classics Inc.,6175558428,16780 Pompton St.,Brickhaven,58339,USA,Taylor,Leslie,Small,3,12,2019
2480,10361,24,45.39,14,1089.36,2647,Shipped,Ships,90,S700_2047,Souveniers And Things Co.,+61 2 9495 8555,"Monitor Money Building, 815 Pacific Hwy",Chatswood,2067,Australia,Huxley,Adrian,Small,17,12,2019
2481,10373,32,84.41,15,2701.12,2603,Shipped,Ships,90,S700_2047,"Oulu Toy Supplies, Inc.",981-443655,Torikatu 38,Oulu,90110,Finland,Koskitalo,Pirkko,Small,31,1,2020
2482,10386,29,85.76,13,2487.04,2574,Resolved,Ships,90,S700_2047,Euro Shopping Channel,(91) 555 94 44,"C/ Moralzarzal, 86",Madrid,28034,Spain,Freyre,Diego,Small,1,3,2020
2483,10398,36,108.62,7,3910.32,2546,Shipped,Ships,90,S700_2047,Reims Collectables,26.47.1555,59 rue de l'Abbaye,Reims,51100,France,Henriot,Paul,Medium,30,3,2020
2484,10400,46,87.8,5,4038.8,2545,Shipped,Ships,90,S700_2047,The Sharp Gifts Warehouse,4085553659,3086 Ingle Ln.,San Jose,94217,USA,Frick,Sue,Medium,1,4,2020
2485,10415,32,95.95,4,3070.4,2508,Disputed,Ships,90,S700_2047,"Australian Collectables, Ltd",61-9-3844-6555,7 Allen Street,Glen Waverly,3150,Australia,Connery,Sean,Medium,9,5,2020
2486,10106,34,110.69,9,3763.46,3321,Shipped,Planes,99,S700_2466,Rovelli Gifts,035-640555,Via Ludovico il Moro 22,Bergamo,24100,Italy,Rovelli,Giovanni,Medium,17,2,2018
2487,10120,24,107.7,15,2584.8,3251,Shipped,Planes,99,S700_2466,"Australian Collectors, Co.",03 9520 4555,636 St Kilda Road,Melbourne,3004,Australia,Ferguson,Peter,Small,29,4,2018
2488,10131,40,110.69,1,4427.6,3204,Shipped,Planes,99,S700_2466,Gift Ideas Corp.,2035554407,2440 Pompton St.,Glendale,97561,USA,Lewis,Dan,Medium,16,6,2018
2489,10143,26,82.77,4,2152.02,3150,Shipped,Planes,99,S700_2466,Mini Creations Ltd.,5085559555,4575 Hillside Dr.,New Bedford,50553,USA,Tam,Wing C,Small,10,8,2018
2490,10155,20,117.67,2,2353.4,3094,Shipped,Planes,99,S700_2466,"Toys of Finland, Co.",90-224 8555,Keskuskatu 45,Helsinki,21240,Finland,Karttunen,Matti,Small,6,10,2018
2491,10168,31,110.69,16,3431.39,3073,Shipped,Planes,99,S700_2466,Technics Stores Inc.,6505556809,9408 Furth Circle,Burlingame,94217,USA,Hirano,Juri,Medium,28,10,2018
2492,10178,22,87.75,1,1930.5,3063,Shipped,Planes,99,S700_2466,Alpha Cognac,61.77.6555,1 rue Alsace-Lorraine,Toulouse,31000,France,Roulet,Annette,Small,8,11,2018
2493,10198,42,113.68,1,4774.56,3045,Shipped,Planes,99,S700_2466,Cruz & Sons Co.,+63 2 555 3587,15 McCallum Street - NatWest Center #13-03,Makati City,1227 MM,Philippines,Cruz,Arnold,Medium,27,11,2018
2494,10210,26,99.72,14,2592.72,3000,Shipped,Planes,99,S700_2466,Osaka Souveniers Co.,+81 06 6342 5555,"Dojima Avanza 4F, 1-6-20 Dojima, Kita-ku",Osaka,530-0003,Japan,Kentary,Mory,Small,12,1,2019
2495,10222,37,87.75,1,3246.75,2963,Shipped,Planes,99,S700_2466,Collectable Mini Designs Co.,7605558146,361 Furth Circle,San Diego,91217,USA,Thompson,Valarie,Medium,19,2,2019
2496,10235,38,88.75,10,3372.5,2922,Shipped,Planes,99,S700_2466,"Royal Canadian Collectables, Ltd.",(604) 555-4555,23 Tsawassen Blvd.,Tsawassen,T2F 8M4,Canada,Lincoln,Elizabeth,Medium,2,4,2019
2497,10250,35,111.69,11,3909.15,2884,Shipped,Planes,99,S700_2466,The Sharp Gifts Warehouse,4085553659,3086 Ingle Ln.,San Jose,94217,USA,Frick,Sue,Medium,11,5,2019
2498,10262,33,90.75,6,2994.75,2841,Cancelled,Planes,99,S700_2466,Euro Shopping Channel,(91) 555 94 44,"C/ Moralzarzal, 86",Madrid,28034,Spain,Freyre,Diego,Small,24,6,2019
2499,10275,39,114.68,16,4472.52,2813,Shipped,Planes,99,S700_2466,La Rochelle Gifts,40.67.8555,"67, rue des Cinquante Otages",Nantes,44000,France,Labrune,Janine,Medium,23,7,2019
2500,10284,45,101.71,8,4576.95,2785,Shipped,Planes,99,S700_2466,"Norway Gifts By Mail, Co.",+47 2212 1555,"Drammensveien 126 A, PB 744 Sentrum",Oslo,N 0106,Norway,Klaeboe,Jan,Medium,21,8,2019
2501,10296,24,101.71,4,2441.04,2761,Shipped,Planes,99,S700_2466,"Bavarian Collectables Imports, Co.",+49 89 61 08 9555,Hansastr. 15,Munich,80686,Germany,Donnermeyer,Michael,Small,15,9,2019
2502,10308,35,88.75,14,3106.25,2732,Shipped,Planes,99,S700_2466,Mini Classics,9145554562,3758 North Pendale Street,White Plains,24067,USA,Frick,Steve,Medium,15,10,2019
2503,10316,23,117.67,6,2706.41,2716,Shipped,Planes,99,S700_2466,giftsbymail.co.uk,(198) 555-8888,Garden House Crowther Way,Cowes,PO31 7PJ,UK,Bennett,Helen,Small,1,11,2019
2504,10328,37,108.69,10,4021.53,2706,Shipped,Planes,99,S700_2466,Rovelli Gifts,035-640555,Via Ludovico il Moro 22,Bergamo,24100,Italy,Rovelli,Giovanni,Medium,12,11,2019
2505,10340,55,87.75,7,4826.25,2695,Shipped,Planes,99,S700_2466,Enaco Distributors,(93) 203 4555,"Rambla de Catalu¤a, 23",Barcelona,8022,Spain,Saavedra,Eduardo,Medium,24,11,2019
2506,10352,49,100.72,2,4935.28,2687,Shipped,Planes,99,S700_2466,Auto-Moto Classics Inc.,6175558428,16780 Pompton St.,Brickhaven,58339,USA,Taylor,Leslie,Medium,3,12,2019
2507,10361,26,105.95,9,2754.7,2674,Shipped,Planes,99,S700_2466,Souveniers And Things Co.,+61 2 9495 8555,"Monitor Money Building, 815 Pacific Hwy",Chatswood,2067,Australia,Huxley,Adrian,Small,17,12,2019
2508,10375,33,116.87,1,3856.71,2627,Shipped,Planes,99,S700_2466,La Rochelle Gifts,40.67.8555,"67, rue des Cinquante Otages",Nantes,44000,France,Labrune,Janine,Medium,3,2,2020
2509,10386,37,83.84,14,3102.08,2601,Resolved,Planes,99,S700_2466,Euro Shopping Channel,(91) 555 94 44,"C/ Moralzarzal, 86",Madrid,28034,Spain,Freyre,Diego,Medium,1,3,2020
2510,10398,22,86.76,8,1908.72,2573,Shipped,Planes,99,S700_2466,Reims Collectables,26.47.1555,59 rue de l'Abbaye,Reims,51100,France,Henriot,Paul,Small,30,3,2020
2511,10401,85,88.75,10,7543.75,2570,On Hold,Planes,99,S700_2466,Tekni Collectables Inc.,2015559350,7476 Moss Rd.,Newark,94019,USA,Brown,William,Large,3,4,2020
2512,10416,22,111.69,11,2457.18,2534,Shipped,Planes,99,S700_2466,L'ordine Souveniers,0522-556555,Strada Provinciale 124,Reggio Emilia,42100,Italy,Moroni,Maurizio,Small,10,5,2020
2513,10105,31,65.77,3,2038.87,3354,Shipped,Ships,72,S700_2610,Danish Wholesale Imports,31 12 3555,Vinb'ltet 34,Kobenhavn,1734,Denmark,Petersen,Jytte,Small,11,2,2018
2514,10119,38,65.77,12,2499.26,3279,Shipped,Ships,72,S700_2610,Salzburg Collectables,6562-9555,Geislweg 14,Salzburg,5020,Austria,Pipps,Georg,Small,28,4,2018
2515,10129,45,85.29,3,3838.05,3235,Shipped,Ships,72,S700_2610,"Stylish Desk Decors, Co.",(171) 555-0297,35 King George,London,WX3 6FW,UK,Brown,Ann,Medium,12,6,2018
2516,10143,31,85.29,16,2643.99,3177,Shipped,Ships,72,S700_2610,Mini Creations Ltd.,5085559555,4575 Hillside Dr.,New Bedford,50553,USA,Tam,Wing C,Small,10,8,2018
2517,10154,36,64.33,1,2315.88,3125,Shipped,Ships,72,S700_2610,Boards & Toys Co.,3105552373,4097 Douglas Av.,Glendale,92561,USA,Young,Leslie,Small,2,10,2018
2518,10167,46,70.11,10,3225.06,3105,Cancelled,Ships,72,S700_2610,Scandinavian Gift Ideas,0695-34 6555,?kergatan 24,Boras,S-844 67,Sweden,Larsson,Maria,Medium,23,10,2018
2519,10177,32,76.62,1,2451.84,3091,Shipped,Ships,72,S700_2610,CAF Imports,+34 913 728 555,"Merchants House, 27-30 Merchant's Quay",Madrid,28023,Spain,Fernandez,Jesus,Small,7,11,2018
2520,10185,39,57.82,1,2254.98,3085,Shipped,Ships,72,S700_2610,Mini Creations Ltd.,5085559555,4575 Hillside Dr.,New Bedford,50553,USA,Tam,Wing C,Small,14,11,2018
2521,10197,50,78.79,7,3939.5,3074,Shipped,Ships,72,S700_2610,Enaco Distributors,(93) 203 4555,"Rambla de Catalu¤a, 23",Barcelona,8022,Spain,Saavedra,Eduardo,Medium,26,11,2018
2522,10208,46,74.45,1,3424.7,3038,Shipped,Ships,72,S700_2610,"Saveley & Henriot, Co.",78.32.5555,"2, rue du Commerce",Lyon,69004,France,Saveley,Mary,Medium,2,1,2019
2523,10222,36,80.95,13,2914.2,2991,Shipped,Ships,72,S700_2610,Collectable Mini Designs Co.,7605558146,361 Furth Circle,San Diego,91217,USA,Thompson,Valarie,Small,19,2,2019
2524,10233,29,82.4,1,2389.6,2954,Shipped,Ships,72,S700_2610,Tekni Collectables Inc.,2015559350,7476 Moss Rd.,Newark,94019,USA,Brown,William,Small,29,3,2019
2525,10248,32,75.89,4,2428.48,2916,Cancelled,Ships,72,S700_2610,Land of Toys Inc.,2125557818,897 Long Airport Avenue,NYC,10022,USA,Yu,Kwai,Small,7,5,2019
2526,10261,44,68.67,2,3021.48,2876,Shipped,Ships,72,S700_2610,Quebec Home Shopping Network,(514) 555-8054,43 rue St. Laurent,Montreal,H1J 1C3,Canada,Fresnisre,Jean,Medium,17,6,2019
2527,10273,42,62.16,5,2610.72,2843,Shipped,Ships,72,S700_2610,Petit Auto,(02) 5554 67,Rue Joseph-Bens 532,Bruxelles,B-1180,Belgium,Dewey,Catherine,Small,21,7,2019
2528,10283,47,65.77,7,3091.19,2814,Shipped,Ships,72,S700_2610,"Royal Canadian Collectables, Ltd.",(604) 555-4555,23 Tsawassen Blvd.,Tsawassen,T2F 8M4,Canada,Lincoln,Elizabeth,Medium,20,8,2019
2529,10295,44,58.55,2,2576.2,2794,Shipped,Ships,72,S700_2610,Gifts4AllAges.com,6175559555,8616 Spinnaker Dr.,Boston,51003,USA,Yoshido,Juri,Small,10,9,2019
2530,10306,43,75.17,1,3232.31,2761,Shipped,Ships,72,S700_2610,"AV Stores, Co.",(171) 555-1555,Fauntleroy Circus,Manchester,EC2 5NT,UK,Ashworth,Victoria,Medium,14,10,2019
2531,10316,48,74.45,18,3573.6,2744,Shipped,Ships,72,S700_2610,giftsbymail.co.uk,(198) 555-8888,Garden House Crowther Way,Cowes,PO31 7PJ,UK,Bennett,Helen,Medium,1,11,2019
2532,10327,21,96.31,1,2022.51,2736,Resolved,Ships,72,S700_2610,Danish Wholesale Imports,31 12 3555,Vinb'ltet 34,Kobenhavn,1734,Denmark,Petersen,Jytte,Small,10,11,2019
2533,10339,50,74.35,9,3717.5,2724,Shipped,Ships,72,S700_2610,"Tokyo Collectables, Ltd",+81 3 3584 0555,2-2-8 Roppongi,Minato-ku,106-0032,Japan,Shimamura,Akiko,Medium,23,11,2019
2534,10350,29,75.35,12,2185.15,2716,Shipped,Ships,72,S700_2610,Euro Shopping Channel,(91) 555 94 44,"C/ Moralzarzal, 86",Madrid,28034,Spain,Freyre,Diego,Small,2,12,2019
2535,10373,41,70.33,16,2883.53,2657,Shipped,Ships,72,S700_2610,"Oulu Toy Supplies, Inc.",981-443655,Torikatu 38,Oulu,90110,Finland,Koskitalo,Pirkko,Small,31,1,2020
2536,10386,37,135.61,10,5017.57,2628,Resolved,Ships,72,S700_2610,Euro Shopping Channel,(91) 555 94 44,"C/ Moralzarzal, 86",Madrid,28034,Spain,Freyre,Diego,Medium,1,3,2020
2537,10397,22,66.5,4,1463.0,2602,Shipped,Ships,72,S700_2610,Alpha Cognac,61.77.6555,1 rue Alsace-Lorraine,Toulouse,31000,France,Roulet,Annette,Small,28,3,2020
2538,10414,31,75.89,4,2352.59,2564,On Hold,Ships,72,S700_2610,Gifts4AllAges.com,6175559555,8616 Spinnaker Dr.,Boston,51003,USA,Yoshido,Juri,Small,6,5,2020
2539,10103,42,106.21,6,4460.82,3393,Shipped,Classic Cars,101,S700_2824,Baane Mini Imports,07-98 9555,Erling Skakkes gate 78,Stavern,4110,Norway,Bergulfsen,Jonas,Medium,29,1,2018
2540,10114,42,113.29,10,4758.18,3332,Shipped,Classic Cars,101,S700_2824,"La Corne D'abondance, Co.",(1) 42.34.2555,"265, boulevard Charonne",Paris,75012,France,Bertrand,Marie,Medium,1,4,2018
2541,10126,45,102.16,6,4597.2,3276,Shipped,Classic Cars,101,S700_2824,"Corrida Auto Replicas, Ltd",(91) 555 22 82,"C/ Araquil, 67",Madrid,28023,Spain,Sommer,Mart¡n,Medium,28,5,2018
2542,10140,36,114.3,6,4114.8,3220,Shipped,Classic Cars,101,S700_2824,Technics Stores Inc.,6505556809,9408 Furth Circle,Burlingame,94217,USA,Hirano,Juri,Medium,24,7,2018
2543,10150,20,105.2,3,2104.0,3164,Shipped,Classic Cars,101,S700_2824,"Dragon Souveniers, Ltd.",+65 221 7555,"Bronz Sok., Bronz Apt. 3/6 Tesvikiye",Singapore,79903,Singapore,Natividad,Eric,Small,19,9,2018
2544,10164,39,81.93,4,3195.27,3133,Resolved,Classic Cars,101,S700_2824,Mini Auto Werke,7675-3555,Kirchgasse 6,Graz,8010,Austria,Mendel,Roland,Medium,21,10,2018
2545,10175,42,85.98,11,3611.16,3118,Shipped,Classic Cars,101,S700_2824,"Stylish Desk Decors, Co.",(171) 555-0297,35 King George,London,WX3 6FW,UK,Brown,Ann,Medium,6,11,2018
2546,10183,23,86.99,3,2000.77,3112,Shipped,Classic Cars,101,S700_2824,"Classic Gift Ideas, Inc",2155554695,782 First Street,Philadelphia,71270,USA,Cervantes,Francisca,Small,13,11,2018
2547,10194,26,89.01,6,2314.26,3101,Shipped,Classic Cars,101,S700_2824,"Saveley & Henriot, Co.",78.32.5555,"2, rue du Commerce",Lyon,69004,France,Saveley,Mary,Small,25,11,2018
2548,10206,33,117.33,1,3871.89,3092,Shipped,Classic Cars,101,S700_2824,Canadian Gift Exchange Network,(604) 555-3392,1900 Oak St.,Vancouver,V3F 2K1,Canada,Tannamuri,Yoshi,Medium,5,12,2018
2549,10217,31,88.0,6,2728.0,3032,Shipped,Classic Cars,101,S700_2824,Handji Gifts& Co,+65 224 1555,Village Close - 106 Linden Road Sandown,Singapore,69045,Singapore,Victorino,Wendy,Small,4,2,2019
2550,10229,50,112.28,11,5614.0,2998,Shipped,Classic Cars,101,S700_2824,Mini Gifts Distributors Ltd.,4155551450,5677 Strong St.,San Rafael,97562,USA,Nelson,Valarie,Medium,11,3,2019
2551,10245,44,105.2,4,4628.8,2945,Shipped,Classic Cars,101,S700_2824,Super Scale Inc.,2035559545,567 North Pendale Street,New Haven,97823,USA,Murphy,Leslie,Medium,4,5,2019
2552,10258,45,80.92,1,3641.4,2904,Shipped,Classic Cars,101,S700_2824,"Tokyo Collectables, Ltd",+81 3 3584 0555,2-2-8 Roppongi,Minato-ku,106-0032,Japan,Shimamura,Akiko,Medium,15,6,2019
2553,10270,46,88.0,4,4048.0,2871,Shipped,Classic Cars,101,S700_2824,Souveniers And Things Co.,+61 2 9495 8555,"Monitor Money Building, 815 Pacific Hwy",Chatswood,2067,Australia,Huxley,Adrian,Medium,19,7,2019
2554,10281,27,85.98,11,2321.46,2841,Shipped,Classic Cars,101,S700_2824,Diecast Classics Inc.,2155551555,7586 Pompton St.,Allentown,70267,USA,Yu,Kyung,Small,19,8,2019
2555,10291,28,116.32,6,3256.96,2822,Shipped,Classic Cars,101,S700_2824,Scandinavian Gift Ideas,0695-34 6555,?kergatan 24,Boras,S-844 67,Sweden,Larsson,Maria,Medium,8,9,2019
2556,10304,40,105.2,1,4208.0,2790,Shipped,Classic Cars,101,S700_2824,Auto Assoc. & Cie.,30.59.8555,"67, avenue de l'Europe",Versailles,78000,France,Tonini,Daniel,Medium,11,10,2019
2557,10313,30,99.13,9,2973.9,2780,Shipped,Classic Cars,101,S700_2824,Canadian Gift Exchange Network,(604) 555-3392,1900 Oak St.,Vancouver,V3F 2K1,Canada,Tannamuri,Yoshi,Small,22,10,2019
2558,10324,34,124.95,5,4248.3,2767,Shipped,Classic Cars,101,S700_2824,Vitachrome Inc.,2125551500,2678 Kingston Rd.,NYC,10022,USA,Frick,Michael,Medium,5,11,2019
2559,10336,46,207.8,2,9558.8,2753,Shipped,Classic Cars,101,S700_2824,"La Corne D'abondance, Co.",(1) 42.34.2555,"265, boulevard Charonne",Paris,75012,France,Bertrand,Marie,Large,20,11,2019
2560,10348,32,82.83,7,2650.56,2773,Shipped,Classic Cars,101,S700_2824,"Corrida Auto Replicas, Ltd",(91) 555 22 82,"C/ Araquil, 67",Madrid,28023,Spain,Sommer,Mart¡n,Small,1,11,2019
2561,10358,27,139.31,3,3761.37,2735,Shipped,Classic Cars,101,S700_2824,Euro Shopping Channel,(91) 555 94 44,"C/ Moralzarzal, 86",Madrid,28034,Spain,Freyre,Diego,Medium,10,12,2019
2562,10371,34,126.51,3,4301.34,2692,Shipped,Classic Cars,101,S700_2824,Mini Gifts Distributors Ltd.,4155551450,5677 Strong St.,San Rafael,97562,USA,Nelson,Valarie,Medium,23,1,2020
2563,10382,34,54.84,9,1864.56,2668,Shipped,Classic Cars,101,S700_2824,Mini Gifts Distributors Ltd.,4155551450,5677 Strong St.,San Rafael,97562,USA,Nelson,Valarie,Small,17,2,2020
2564,10411,34,105.2,4,3576.8,2595,Shipped,Classic Cars,101,S700_2824,Quebec Home Shopping Network,(514) 555-8054,43 rue St. Laurent,Montreal,H1J 1C3,Canada,Fresnisre,Jean,Medium,1,5,2020
2565,10424,46,80.92,1,3722.32,2566,In Process,Classic Cars,101,S700_2824,Euro Shopping Channel,(91) 555 94 44,"C/ Moralzarzal, 86",Madrid,28034,Spain,Freyre,Diego,Medium,31,5,2020
2566,10106,32,124.58,1,3986.56,3401,Shipped,Planes,118,S700_2834,Rovelli Gifts,035-640555,Via Ludovico il Moro 22,Bergamo,24100,Italy,Rovelli,Giovanni,Medium,17,2,2018
2567,10120,24,142.38,7,3417.12,3331,Shipped,Planes,118,S700_2834,"Australian Collectors, Co.",03 9520 4555,636 St Kilda Road,Melbourne,3004,Australia,Ferguson,Peter,Medium,29,4,2018
2568,10133,27,99.67,2,2691.09,3273,Shipped,Planes,118,S700_2834,Euro Shopping Channel,(91) 555 94 44,"C/ Moralzarzal, 86",Madrid,28034,Spain,Freyre,Diego,Small,27,6,2018
2569,10145,20,137.63,13,2752.6,3215,Shipped,Planes,118,S700_2834,Toys4GrownUps.com,6265557265,78934 Hillside Dr.,Pasadena,90003,USA,Young,Julie,Small,25,8,2018
2570,10168,36,125.77,8,4527.72,3152,Shipped,Planes,118,S700_2834,Technics Stores Inc.,6505556809,9408 Furth Circle,Burlingame,94217,USA,Hirano,Juri,Medium,28,10,2018
2571,10188,29,136.45,8,3957.05,3132,Shipped,Planes,118,S700_2834,Herkku Gifts,+47 2267 3215,"Drammen 121, PR 744 Sentrum",Bergen,N 5804,Norway,Oeztan,Veysel,Medium,18,11,2018
2572,10210,25,112.72,6,2818.0,3078,Shipped,Planes,118,S700_2834,Osaka Souveniers Co.,+81 06 6342 5555,"Dojima Avanza 4F, 1-6-20 Dojima, Kita-ku",Osaka,530-0003,Japan,Kentary,Mory,Small,12,1,2019
2573,10223,29,110.34,8,3199.86,3040,Shipped,Planes,118,S700_2834,"Australian Collectors, Co.",03 9520 4555,636 St Kilda Road,Melbourne,3004,Australia,Ferguson,Peter,Medium,20,2,2019
2574,10235,25,96.11,2,2402.75,3000,Shipped,Planes,118,S700_2834,"Royal Canadian Collectables, Ltd.",(604) 555-4555,23 Tsawassen Blvd.,Tsawassen,T2F 8M4,Canada,Lincoln,Elizabeth,Small,2,4,2019
2575,10250,44,137.63,3,6055.72,2962,Shipped,Planes,118,S700_2834,The Sharp Gifts Warehouse,4085553659,3086 Ingle Ln.,San Jose,94217,USA,Frick,Sue,Medium,11,5,2019
2576,10263,47,116.28,9,5465.16,2915,Shipped,Planes,118,S700_2834,Gift Depot Inc.,2035552570,25593 South Bay Ln.,Bridgewater,97562,USA,King,Julie,Medium,28,6,2019
2577,10275,48,132.89,8,6378.72,2891,Shipped,Planes,118,S700_2834,La Rochelle Gifts,40.67.8555,"67, rue des Cinquante Otages",Nantes,44000,France,Labrune,Janine,Medium,23,7,2019
2578,10285,45,119.84,13,5392.8,2857,Shipped,Planes,118,S700_2834,Marta's Replicas Co.,6175558555,39323 Spinnaker Dr.,Cambridge,51247,USA,Hernandez,Marta,Medium,27,8,2019
2579,10297,35,113.9,3,3986.5,2838,Shipped,Planes,118,S700_2834,"Clover Collections, Co.",+353 1862 1555,25 Maiden Lane,Dublin,2,Ireland,Cassidy,Dean,Medium,16,9,2019
2580,10308,31,129.33,6,4009.23,2810,Shipped,Planes,118,S700_2834,Mini Classics,9145554562,3758 North Pendale Street,White Plains,24067,USA,Frick,Steve,Medium,15,10,2019
2581,10318,50,142.38,8,7119.0,2793,Shipped,Planes,118,S700_2834,Diecast Classics Inc.,2155551555,7586 Pompton St.,Allentown,70267,USA,Yu,Kyung,Large,2,11,2019
2582,10328,33,123.4,11,4072.2,2784,Shipped,Planes,118,S700_2834,Rovelli Gifts,035-640555,Via Ludovico il Moro 22,Bergamo,24100,Italy,Rovelli,Giovanni,Medium,12,11,2019
2583,10340,29,141.19,6,4094.51,2773,Shipped,Planes,118,S700_2834,Enaco Distributors,(93) 203 4555,"Rambla de Catalu¤a, 23",Barcelona,8022,Spain,Saavedra,Eduardo,Medium,24,11,2019
2584,10353,48,68.8,4,3302.4,2764,Shipped,Planes,118,S700_2834,Gift Ideas Corp.,2035554407,2440 Pompton St.,Glendale,97561,USA,Lewis,Dan,Medium,4,12,2019
2585,10361,44,72.42,5,3186.48,2752,Shipped,Planes,118,S700_2834,Souveniers And Things Co.,+61 2 9495 8555,"Monitor Money Building, 815 Pacific Hwy",Chatswood,2067,Australia,Huxley,Adrian,Medium,17,12,2019
2586,10375,25,66.73,10,1668.25,2705,Shipped,Planes,118,S700_2834,La Rochelle Gifts,40.67.8555,"67, rue des Cinquante Otages",Nantes,44000,France,Labrune,Janine,Small,3,2,2020
2587,10388,50,143.09,3,7154.5,2677,Shipped,Planes,118,S700_2834,FunGiftIdeas.com,5085552555,1785 First Street,New Bedford,50553,USA,Benitez,Violeta,Large,3,3,2020
2588,10398,23,122.21,9,2810.83,2651,Shipped,Planes,118,S700_2834,Reims Collectables,26.47.1555,59 rue de l'Abbaye,Reims,51100,France,Henriot,Paul,Small,30,3,2020
2589,10401,21,96.11,2,2018.31,2648,On Hold,Planes,118,S700_2834,Tekni Collectables Inc.,2015559350,7476 Moss Rd.,Newark,94019,USA,Brown,William,Small,3,4,2020
2590,10416,41,137.63,3,5642.83,2612,Shipped,Planes,118,S700_2834,L'ordine Souveniers,0522-556555,Strada Provinciale 124,Reggio Emilia,42100,Italy,Moroni,Maurizio,Medium,10,5,2020
2591,10106,44,74.4,8,3273.6,3426,Shipped,Planes,80,S700_3167,Rovelli Gifts,035-640555,Via Ludovico il Moro 22,Bergamo,24100,Italy,Rovelli,Giovanni,Medium,17,2,2018
2592,10120,43,76.0,14,3268.0,3356,Shipped,Planes,80,S700_3167,"Australian Collectors, Co.",03 9520 4555,636 St Kilda Road,Melbourne,3004,Australia,Ferguson,Peter,Medium,29,4,2018
2593,10143,28,96.0,3,2688.0,3254,Shipped,Planes,80,S700_3167,Mini Creations Ltd.,5085559555,4575 Hillside Dr.,New Bedford,50553,USA,Tam,Wing C,Small,10,8,2018
2594,10155,43,86.4,1,3715.2,3198,Shipped,Planes,80,S700_3167,"Toys of Finland, Co.",90-224 8555,Keskuskatu 45,Helsinki,21240,Finland,Karttunen,Matti,Medium,6,10,2018
2595,10168,48,96.0,15,4608.0,3177,Shipped,Planes,80,S700_3167,Technics Stores Inc.,6505556809,9408 Furth Circle,Burlingame,94217,USA,Hirano,Juri,Medium,28,10,2018
2596,10199,38,82.4,3,3131.2,3144,Shipped,Planes,80,S700_3167,West Coast Collectables Co.,3105553722,3675 Furth Circle,Burbank,94019,USA,Thompson,Steve,Medium,1,12,2018
2597,10210,31,86.4,13,2678.4,3103,Shipped,Planes,80,S700_3167,Osaka Souveniers Co.,+81 06 6342 5555,"Dojima Avanza 4F, 1-6-20 Dojima, Kita-ku",Osaka,530-0003,Japan,Kentary,Mory,Small,12,1,2019
2598,10223,26,67.2,15,1747.2,3065,Shipped,Planes,80,S700_3167,"Australian Collectors, Co.",03 9520 4555,636 St Kilda Road,Melbourne,3004,Australia,Ferguson,Peter,Small,20,2,2019
2599,10235,32,92.0,9,2944.0,3025,Shipped,Planes,80,S700_3167,"Royal Canadian Collectables, Ltd.",(604) 555-4555,23 Tsawassen Blvd.,Tsawassen,T2F 8M4,Canada,Lincoln,Elizabeth,Small,2,4,2019
2600,10250,44,67.2,10,2956.8,2987,Shipped,Planes,80,S700_3167,The Sharp Gifts Warehouse,4085553659,3086 Ingle Ln.,San Jose,94217,USA,Frick,Sue,Small,11,5,2019
2601,10262,27,76.0,5,2052.0,2944,Cancelled,Planes,80,S700_3167,Euro Shopping Channel,(91) 555 94 44,"C/ Moralzarzal, 86",Madrid,28034,Spain,Freyre,Diego,Small,24,6,2019
2602,10275,43,73.6,15,3164.8,2916,Shipped,Planes,80,S700_3167,La Rochelle Gifts,40.67.8555,"67, rue des Cinquante Otages",Nantes,44000,France,Labrune,Janine,Medium,23,7,2019
2603,10284,25,69.6,7,1740.0,2888,Shipped,Planes,80,S700_3167,"Norway Gifts By Mail, Co.",+47 2212 1555,"Drammensveien 126 A, PB 744 Sentrum",Oslo,N 0106,Norway,Klaeboe,Jan,Small,21,8,2019
2604,10296,22,80.8,3,1777.6,2864,Shipped,Planes,80,S700_3167,"Bavarian Collectables Imports, Co.",+49 89 61 08 9555,Hansastr. 15,Munich,80686,Germany,Donnermeyer,Michael,Small,15,9,2019
2605,10308,21,87.2,13,1831.2,2835,Shipped,Planes,80,S700_3167,Mini Classics,9145554562,3758 North Pendale Street,White Plains,24067,USA,Frick,Steve,Small,15,10,2019
2606,10316,48,75.2,5,3609.6,2819,Shipped,Planes,80,S700_3167,giftsbymail.co.uk,(198) 555-8888,Garden House Crowther Way,Cowes,PO31 7PJ,UK,Bennett,Helen,Medium,1,11,2019
2607,10328,33,64.0,13,2112.0,2809,Shipped,Planes,80,S700_3167,Rovelli Gifts,035-640555,Via Ludovico il Moro 22,Bergamo,24100,Italy,Rovelli,Giovanni,Small,12,11,2019
2608,10341,34,107.18,5,3644.12,2798,Shipped,Planes,80,S700_3167,Salzburg Collectables,6562-9555,Geislweg 14,Salzburg,5020,Austria,Pipps,Georg,Medium,24,11,2019
2609,10353,43,81.95,6,3523.85,2789,Shipped,Planes,80,S700_3167,Gift Ideas Corp.,2035554407,2440 Pompton St.,Glendale,97561,USA,Lewis,Dan,Medium,4,12,2019
2610,10361,44,113.68,10,5001.92,2777,Shipped,Planes,80,S700_3167,Souveniers And Things Co.,+61 2 9495 8555,"Monitor Money Building, 815 Pacific Hwy",Chatswood,2067,Australia,Huxley,Adrian,Medium,17,12,2019
2611,10375,44,118.38,11,5208.72,2730,Shipped,Planes,80,S700_3167,La Rochelle Gifts,40.67.8555,"67, rue des Cinquante Otages",Nantes,44000,France,Labrune,Janine,Medium,3,2,2020
2612,10386,32,94.34,17,3018.88,2704,Resolved,Planes,80,S700_3167,Euro Shopping Channel,(91) 555 94 44,"C/ Moralzarzal, 86",Madrid,28034,Spain,Freyre,Diego,Medium,1,3,2020
2613,10398,29,65.6,10,1902.4,2676,Shipped,Planes,80,S700_3167,Reims Collectables,26.47.1555,59 rue de l'Abbaye,Reims,51100,France,Henriot,Paul,Small,30,3,2020
2614,10401,77,92.0,9,7084.0,2673,On Hold,Planes,80,S700_3167,Tekni Collectables Inc.,2015559350,7476 Moss Rd.,Newark,94019,USA,Brown,William,Large,3,4,2020
2615,10416,39,67.2,10,2620.8,2637,Shipped,Planes,80,S700_3167,L'ordine Souveniers,0522-556555,Strada Provinciale 124,Reggio Emilia,42100,Italy,Moroni,Maurizio,Small,10,5,2020
2616,10105,39,81.14,6,3164.46,3457,Shipped,Ships,100,S700_3505,Danish Wholesale Imports,31 12 3555,Vinb'ltet 34,Kobenhavn,1734,Denmark,Petersen,Jytte,Medium,11,2,2018
2617,10118,36,117.2,1,4219.2,3389,Shipped,Ships,100,S700_3505,Enaco Distributors,(93) 203 4555,"Rambla de Catalu¤a, 23",Barcelona,8022,Spain,Saavedra,Eduardo,Medium,21,4,2018
2618,10129,42,91.15,6,3828.3,3338,Shipped,Ships,100,S700_3505,"Stylish Desk Decors, Co.",(171) 555-0297,35 King George,London,WX3 6FW,UK,Brown,Ann,Medium,12,6,2018
2619,10142,21,111.19,3,2334.99,3282,Shipped,Ships,100,S700_3505,Mini Gifts Distributors Ltd.,4155551450,5677 Strong St.,San Rafael,97562,USA,Nelson,Valarie,Small,8,8,2018
2620,10153,50,88.15,2,4407.5,3232,Shipped,Ships,100,S700_3505,Euro Shopping Channel,(91) 555 94 44,"C/ Moralzarzal, 86",Madrid,28034,Spain,Freyre,Diego,Medium,28,9,2018
2621,10167,24,117.2,13,2812.8,3208,Cancelled,Ships,100,S700_3505,Scandinavian Gift Ideas,0695-34 6555,?kergatan 24,Boras,S-844 67,Sweden,Larsson,Maria,Small,23,10,2018
2622,10177,44,92.16,4,4055.04,3194,Shipped,Ships,100,S700_3505,CAF Imports,+34 913 728 555,"Merchants House, 27-30 Merchant's Quay",Madrid,28023,Spain,Fernandez,Jesus,Medium,7,11,2018
2623,10185,37,105.18,4,3891.66,3188,Shipped,Ships,100,S700_3505,Mini Creations Ltd.,5085559555,4575 Hillside Dr.,New Bedford,50553,USA,Tam,Wing C,Medium,14,11,2018
2624,10197,27,92.16,10,2488.32,3177,Shipped,Ships,100,S700_3505,Enaco Distributors,(93) 203 4555,"Rambla de Catalu¤a, 23",Barcelona,8022,Spain,Saavedra,Eduardo,Small,26,11,2018
2625,10208,37,120.2,4,4447.4,3141,Shipped,Ships,100,S700_3505,"Saveley & Henriot, Co.",78.32.5555,"2, rue du Commerce",Lyon,69004,France,Saveley,Mary,Medium,2,1,2019
2626,10222,38,110.19,16,4187.22,3094,Shipped,Ships,100,S700_3505,Collectable Mini Designs Co.,7605558146,361 Furth Circle,San Diego,91217,USA,Thompson,Valarie,Medium,19,2,2019
2627,10232,48,96.16,1,4615.68,3066,Shipped,Ships,100,S700_3505,giftsbymail.co.uk,(198) 555-8888,Garden House Crowther Way,Cowes,PO31 7PJ,UK,Bennett,Helen,Medium,20,3,2019
2628,10248,30,108.18,7,3245.4,3019,Cancelled,Ships,100,S700_3505,Land of Toys Inc.,2125557818,897 Long Airport Avenue,NYC,10022,USA,Yu,Kwai,Medium,7,5,2019
2629,10261,25,88.15,5,2203.75,2979,Shipped,Ships,100,S700_3505,Quebec Home Shopping Network,(514) 555-8054,43 rue St. Laurent,Montreal,H1J 1C3,Canada,Fresnisre,Jean,Small,17,6,2019
2630,10273,40,86.15,8,3446.0,2946,Shipped,Ships,100,S700_3505,Petit Auto,(02) 5554 67,Rue Joseph-Bens 532,Bruxelles,B-1180,Belgium,Dewey,Catherine,Medium,21,7,2019
2631,10283,22,88.15,10,1939.3,2917,Shipped,Ships,100,S700_3505,"Royal Canadian Collectables, Ltd.",(604) 555-4555,23 Tsawassen Blvd.,Tsawassen,T2F 8M4,Canada,Lincoln,Elizabeth,Small,20,8,2019
2632,10295,34,102.17,5,3473.78,2897,Shipped,Ships,100,S700_3505,Gifts4AllAges.com,6175559555,8616 Spinnaker Dr.,Boston,51003,USA,Yoshido,Juri,Medium,10,9,2019
2633,10306,32,90.15,4,2884.8,2864,Shipped,Ships,100,S700_3505,"AV Stores, Co.",(171) 555-1555,Fauntleroy Circus,Manchester,EC2 5NT,UK,Ashworth,Victoria,Small,14,10,2019
2634,10315,31,86.15,3,2670.65,2850,Shipped,Ships,100,S700_3505,La Rochelle Gifts,40.67.8555,"67, rue des Cinquante Otages",Nantes,44000,France,Labrune,Janine,Small,29,10,2019
2635,10327,43,80.0,2,3440.0,2839,Resolved,Ships,100,S700_3505,Danish Wholesale Imports,31 12 3555,Vinb'ltet 34,Kobenhavn,1734,Denmark,Petersen,Jytte,Medium,10,11,2019
2636,10337,31,89.38,1,2770.78,2829,Shipped,Ships,100,S700_3505,Classic Legends Inc.,2125558493,5905 Pompton St.,NYC,10022,USA,Hernandez,Maria,Small,21,11,2019
2637,10350,31,77.34,13,2397.54,2819,Shipped,Ships,100,S700_3505,Euro Shopping Channel,(91) 555 94 44,"C/ Moralzarzal, 86",Madrid,28034,Spain,Freyre,Diego,Small,2,12,2019
2638,10373,34,96.34,2,3275.56,2760,Shipped,Ships,100,S700_3505,"Oulu Toy Supplies, Inc.",981-443655,Torikatu 38,Oulu,90110,Finland,Koskitalo,Pirkko,Medium,31,1,2020
2639,10386,45,92.08,2,4143.6,2731,Resolved,Ships,100,S700_3505,Euro Shopping Channel,(91) 555 94 44,"C/ Moralzarzal, 86",Madrid,28034,Spain,Freyre,Diego,Medium,1,3,2020
2640,10397,48,108.18,3,5192.64,2705,Shipped,Ships,100,S700_3505,Alpha Cognac,61.77.6555,1 rue Alsace-Lorraine,Toulouse,31000,France,Roulet,Annette,Medium,28,3,2020
2641,10414,28,108.18,7,3029.04,2667,On Hold,Ships,100,S700_3505,Gifts4AllAges.com,6175559555,8616 Spinnaker Dr.,Boston,51003,USA,Yoshido,Juri,Medium,6,5,2020
2642,10105,22,116.19,7,2556.18,3483,Shipped,Ships,99,S700_3962,Danish Wholesale Imports,31 12 3555,Vinb'ltet 34,Kobenhavn,1734,Denmark,Petersen,Jytte,Small,11,2,2018
2643,10117,45,83.42,1,3753.9,3420,Shipped,Ships,99,S700_3962,"Dragon Souveniers, Ltd.",+65 221 7555,"Bronz Sok., Bronz Apt. 3/6 Tesvikiye",Singapore,79903,Singapore,Natividad,Eric,Medium,16,4,2018
2644,10129,30,85.41,7,2562.3,3364,Shipped,Ships,99,S700_3962,"Stylish Desk Decors, Co.",(171) 555-0297,35 King George,London,WX3 6FW,UK,Brown,Ann,Small,12,6,2018
2645,10142,38,85.41,4,3245.58,3308,Shipped,Ships,99,S700_3962,Mini Gifts Distributors Ltd.,4155551450,5677 Strong St.,San Rafael,97562,USA,Nelson,Valarie,Medium,8,8,2018
2646,10153,20,110.23,3,2204.6,3258,Shipped,Ships,99,S700_3962,Euro Shopping Channel,(91) 555 94 44,"C/ Moralzarzal, 86",Madrid,28034,Spain,Freyre,Diego,Small,28,9,2018
2647,10167,28,107.25,14,3003.0,3234,Cancelled,Ships,99,S700_3962,Scandinavian Gift Ideas,0695-34 6555,?kergatan 24,Boras,S-844 67,Sweden,Larsson,Maria,Medium,23,10,2018
2648,10177,24,105.27,5,2526.48,3220,Shipped,Ships,99,S700_3962,CAF Imports,+34 913 728 555,"Merchants House, 27-30 Merchant's Quay",Madrid,28023,Spain,Fernandez,Jesus,Small,7,11,2018
2649,10185,22,79.45,5,1747.9,3214,Shipped,Ships,99,S700_3962,Mini Creations Ltd.,5085559555,4575 Hillside Dr.,New Bedford,50553,USA,Tam,Wing C,Small,14,11,2018
2650,10197,35,93.35,11,3267.25,3203,Shipped,Ships,99,S700_3962,Enaco Distributors,(93) 203 4555,"Rambla de Catalu¤a, 23",Barcelona,8022,Spain,Saavedra,Eduardo,Medium,26,11,2018
2651,10208,33,85.41,5,2818.53,3167,Shipped,Ships,99,S700_3962,"Saveley & Henriot, Co.",78.32.5555,"2, rue du Commerce",Lyon,69004,France,Saveley,Mary,Small,2,1,2019
2652,10222,31,95.34,17,2955.54,3120,Shipped,Ships,99,S700_3962,Collectable Mini Designs Co.,7605558146,361 Furth Circle,San Diego,91217,USA,Thompson,Valarie,Small,19,2,2019
2653,10232,35,82.43,2,2885.05,3092,Shipped,Ships,99,S700_3962,giftsbymail.co.uk,(198) 555-8888,Garden House Crowther Way,Cowes,PO31 7PJ,UK,Bennett,Helen,Small,20,3,2019
2654,10248,35,90.37,8,3162.95,3045,Cancelled,Ships,99,S700_3962,Land of Toys Inc.,2125557818,897 Long Airport Avenue,NYC,10022,USA,Yu,Kwai,Medium,7,5,2019
2655,10261,50,81.43,6,4071.5,3005,Shipped,Ships,99,S700_3962,Quebec Home Shopping Network,(514) 555-8054,43 rue St. Laurent,Montreal,H1J 1C3,Canada,Fresnisre,Jean,Medium,17,6,2019
2656,10273,26,114.21,9,2969.46,2972,Shipped,Ships,99,S700_3962,Petit Auto,(02) 5554 67,Rue Joseph-Bens 532,Bruxelles,B-1180,Belgium,Dewey,Catherine,Small,21,7,2019
2657,10283,38,89.38,11,3396.44,2943,Shipped,Ships,99,S700_3962,"Royal Canadian Collectables, Ltd.",(604) 555-4555,23 Tsawassen Blvd.,Tsawassen,T2F 8M4,Canada,Lincoln,Elizabeth,Medium,20,8,2019
2658,10294,45,104.28,1,4692.6,2923,Shipped,Ships,99,S700_3962,Online Mini Collectables,6175557555,7635 Spinnaker Dr.,Brickhaven,58339,USA,Barajas,Miguel,Medium,10,9,2019
2659,10306,30,117.19,5,3515.7,2890,Shipped,Ships,99,S700_3962,"AV Stores, Co.",(171) 555-1555,Fauntleroy Circus,Manchester,EC2 5NT,UK,Ashworth,Victoria,Medium,14,10,2019
2660,10315,37,91.37,4,3380.69,2876,Shipped,Ships,99,S700_3962,La Rochelle Gifts,40.67.8555,"67, rue des Cinquante Otages",Nantes,44000,France,Labrune,Janine,Medium,29,10,2019
2661,10327,37,86.61,3,3204.57,2865,Resolved,Ships,99,S700_3962,Danish Wholesale Imports,31 12 3555,Vinb'ltet 34,Kobenhavn,1734,Denmark,Petersen,Jytte,Medium,10,11,2019
2662,10337,36,71.89,7,2588.04,2855,Shipped,Ships,99,S700_3962,Classic Legends Inc.,2125558493,5905 Pompton St.,NYC,10022,USA,Hernandez,Maria,Small,21,11,2019
2663,10350,25,114.19,16,2854.75,2845,Shipped,Ships,99,S700_3962,Euro Shopping Channel,(91) 555 94 44,"C/ Moralzarzal, 86",Madrid,28034,Spain,Freyre,Diego,Small,2,12,2019
2664,10373,37,108.8,8,4025.6,2786,Shipped,Ships,99,S700_3962,"Oulu Toy Supplies, Inc.",981-443655,Torikatu 38,Oulu,90110,Finland,Koskitalo,Pirkko,Medium,31,1,2020
2665,10386,30,95.48,3,2864.4,2757,Resolved,Ships,99,S700_3962,Euro Shopping Channel,(91) 555 94 44,"C/ Moralzarzal, 86",Madrid,28034,Spain,Freyre,Diego,Small,1,3,2020
2666,10397,36,105.27,2,3789.72,2731,Shipped,Ships,99,S700_3962,Alpha Cognac,61.77.6555,1 rue Alsace-Lorraine,Toulouse,31000,France,Roulet,Annette,Medium,28,3,2020
2667,10414,27,90.37,8,2439.99,2693,On Hold,Ships,99,S700_3962,Gifts4AllAges.com,6175559555,8616 Spinnaker Dr.,Boston,51003,USA,Yoshido,Juri,Small,6,5,2020
2668,10106,48,61.44,10,2949.12,3503,Shipped,Planes,74,S700_4002,Rovelli Gifts,035-640555,Via Ludovico il Moro 22,Bergamo,24100,Italy,Rovelli,Giovanni,Small,17,2,2018
2669,10119,26,59.22,1,1539.72,3434,Shipped,Planes,74,S700_4002,Salzburg Collectables,6562-9555,Geislweg 14,Salzburg,5020,Austria,Pipps,Georg,Small,28,4,2018
2670,10131,26,85.13,2,2213.38,3386,Shipped,Planes,74,S700_4002,Gift Ideas Corp.,2035554407,2440 Pompton St.,Glendale,97561,USA,Lewis,Dan,Small,16,6,2018
2671,10143,34,85.87,5,2919.58,3332,Shipped,Planes,74,S700_4002,Mini Creations Ltd.,5085559555,4575 Hillside Dr.,New Bedford,50553,USA,Tam,Wing C,Small,10,8,2018
2672,10155,44,85.87,3,3778.28,3276,Shipped,Planes,74,S700_4002,"Toys of Finland, Co.",90-224 8555,Keskuskatu 45,Helsinki,21240,Finland,Karttunen,Matti,Medium,6,10,2018
2673,10168,39,82.91,17,3233.49,3255,Shipped,Planes,74,S700_4002,Technics Stores Inc.,6505556809,9408 Furth Circle,Burlingame,94217,USA,Hirano,Juri,Medium,28,10,2018
2674,10178,45,76.25,2,3431.25,3245,Shipped,Planes,74,S700_4002,Alpha Cognac,61.77.6555,1 rue Alsace-Lorraine,Toulouse,31000,France,Roulet,Annette,Medium,8,11,2018
2675,10198,40,63.67,2,2546.8,3227,Shipped,Planes,74,S700_4002,Cruz & Sons Co.,+63 2 555 3587,15 McCallum Street - NatWest Center #13-03,Makati City,1227 MM,Philippines,Cruz,Arnold,Small,27,11,2018
2676,10210,42,70.33,15,2953.86,3182,Shipped,Planes,74,S700_4002,Osaka Souveniers Co.,+81 06 6342 5555,"Dojima Avanza 4F, 1-6-20 Dojima, Kita-ku",Osaka,530-0003,Japan,Kentary,Mory,Small,12,1,2019
2677,10222,43,74.03,2,3183.29,3145,Shipped,Planes,74,S700_4002,Collectable Mini Designs Co.,7605558146,361 Furth Circle,San Diego,91217,USA,Thompson,Valarie,Medium,19,2,2019
2678,10235,34,72.55,11,2466.7,3104,Shipped,Planes,74,S700_4002,"Royal Canadian Collectables, Ltd.",(604) 555-4555,23 Tsawassen Blvd.,Tsawassen,T2F 8M4,Canada,Lincoln,Elizabeth,Small,2,4,2019
2679,10250,38,62.19,12,2363.22,3066,Shipped,Planes,74,S700_4002,The Sharp Gifts Warehouse,4085553659,3086 Ingle Ln.,San Jose,94217,USA,Frick,Sue,Small,11,5,2019
2680,10262,35,71.07,7,2487.45,3023,Cancelled,Planes,74,S700_4002,Euro Shopping Channel,(91) 555 94 44,"C/ Moralzarzal, 86",Madrid,28034,Spain,Freyre,Diego,Small,24,6,2019
2681,10275,31,72.55,17,2249.05,2995,Shipped,Planes,74,S700_4002,La Rochelle Gifts,40.67.8555,"67, rue des Cinquante Otages",Nantes,44000,France,Labrune,Janine,Small,23,7,2019
2682,10284,32,64.41,9,2061.12,2967,Shipped,Planes,74,S700_4002,"Norway Gifts By Mail, Co.",+47 2212 1555,"Drammensveien 126 A, PB 744 Sentrum",Oslo,N 0106,Norway,Klaeboe,Jan,Small,21,8,2019
2683,10296,47,86.62,5,4071.14,2943,Shipped,Planes,74,S700_4002,"Bavarian Collectables Imports, Co.",+49 89 61 08 9555,Hansastr. 15,Munich,80686,Germany,Donnermeyer,Michael,Medium,15,9,2019
2684,10308,39,68.11,15,2656.29,2914,Shipped,Planes,74,S700_4002,Mini Classics,9145554562,3758 North Pendale Street,White Plains,24067,USA,Frick,Steve,Small,15,10,2019
2685,10316,44,62.19,7,2736.36,2898,Shipped,Planes,74,S700_4002,giftsbymail.co.uk,(198) 555-8888,Garden House Crowther Way,Cowes,PO31 7PJ,UK,Bennett,Helen,Small,1,11,2019
2686,10328,39,85.87,12,3348.93,2888,Shipped,Planes,74,S700_4002,Rovelli Gifts,035-640555,Via Ludovico il Moro 22,Bergamo,24100,Italy,Rovelli,Giovanni,Medium,12,11,2019
2687,10339,50,57.86,8,2893.0,2878,Shipped,Planes,74,S700_4002,"Tokyo Collectables, Ltd",+81 3 3584 0555,2-2-8 Roppongi,Minato-ku,106-0032,Japan,Shimamura,Akiko,Small,23,11,2019
2688,10352,22,75.51,1,1661.22,2869,Shipped,Planes,74,S700_4002,Auto-Moto Classics Inc.,6175558428,16780 Pompton St.,Brickhaven,58339,USA,Taylor,Leslie,Small,3,12,2019
2689,10361,35,122.21,11,4277.35,2856,Shipped,Planes,74,S700_4002,Souveniers And Things Co.,+61 2 9495 8555,"Monitor Money Building, 815 Pacific Hwy",Chatswood,2067,Australia,Huxley,Adrian,Medium,17,12,2019
2690,10373,45,55.62,17,2502.9,2812,Shipped,Planes,74,S700_4002,"Oulu Toy Supplies, Inc.",981-443655,Torikatu 38,Oulu,90110,Finland,Koskitalo,Pirkko,Small,31,1,2020
2691,10386,44,86.4,15,3801.6,2783,Resolved,Planes,74,S700_4002,Euro Shopping Channel,(91) 555 94 44,"C/ Moralzarzal, 86",Madrid,28034,Spain,Freyre,Diego,Medium,1,3,2020
2692,10398,36,87.36,12,3144.96,2755,Shipped,Planes,74,S700_4002,Reims Collectables,26.47.1555,59 rue de l'Abbaye,Reims,51100,France,Henriot,Paul,Medium,30,3,2020
2693,10401,28,72.55,11,2031.4,2752,On Hold,Planes,74,S700_4002,Tekni Collectables Inc.,2015559350,7476 Moss Rd.,Newark,94019,USA,Brown,William,Small,3,4,2020
2694,10416,43,62.19,12,2674.17,2716,Shipped,Planes,74,S700_4002,L'ordine Souveniers,0522-556555,Strada Provinciale 124,Reggio Emilia,42100,Italy,Moroni,Maurizio,Small,10,5,2020
2695,10106,48,52.64,15,2526.72,3530,Shipped,Planes,49,S72_1253,Rovelli Gifts,035-640555,Via Ludovico il Moro 22,Bergamo,24100,Italy,Rovelli,Giovanni,Small,17,2,2018
2696,10119,28,48.17,6,1348.76,3461,Shipped,Planes,49,S72_1253,Salzburg Collectables,6562-9555,Geislweg 14,Salzburg,5020,Austria,Pipps,Georg,Small,28,4,2018
2697,10131,21,41.71,7,875.91,3413,Shipped,Planes,49,S72_1253,Gift Ideas Corp.,2035554407,2440 Pompton St.,Glendale,97561,USA,Lewis,Dan,Small,16,6,2018
2698,10143,37,50.65,10,1874.05,3359,Shipped,Planes,49,S72_1253,Mini Creations Ltd.,5085559555,4575 Hillside Dr.,New Bedford,50553,USA,Tam,Wing C,Small,10,8,2018
2699,10155,34,49.16,8,1671.44,3303,Shipped,Planes,49,S72_1253,"Toys of Finland, Co.",90-224 8555,Keskuskatu 45,Helsinki,21240,Finland,Karttunen,Matti,Small,6,10,2018
2700,10167,40,41.71,4,1668.4,3287,Cancelled,Planes,49,S72_1253,Scandinavian Gift Ideas,0695-34 6555,?kergatan 24,Boras,S-844 67,Sweden,Larsson,Maria,Small,23,10,2018
2701,10178,45,51.15,7,2301.75,3272,Shipped,Planes,49,S72_1253,Alpha Cognac,61.77.6555,1 rue Alsace-Lorraine,Toulouse,31000,France,Roulet,Annette,Small,8,11,2018
2702,10186,28,52.14,4,1459.92,3267,Shipped,Planes,49,S72_1253,"Double Decker Gift Stores, Ltd",(171) 555-7555,120 Hanover Sq.,London,WA1 1DP,UK,Hardy,Thomas,Small,14,11,2018
2703,10197,29,41.71,1,1209.59,3256,Shipped,Planes,49,S72_1253,Enaco Distributors,(93) 203 4555,"Rambla de Catalu¤a, 23",Barcelona,8022,Spain,Saavedra,Eduardo,Small,26,11,2018
2704,10222,31,45.69,7,1416.39,3172,Shipped,Planes,49,S72_1253,Collectable Mini Designs Co.,7605558146,361 Furth Circle,San Diego,91217,USA,Thompson,Valarie,Small,19,2,2019
2705,10249,32,57.61,3,1843.52,3095,Shipped,Planes,49,S72_1253,Cambridge Collectables Co.,6175555555,4658 Baden Av.,Cambridge,51247,USA,Tseng,Kyung,Small,8,5,2019
2706,10262,21,57.11,12,1199.31,3049,Cancelled,Planes,49,S72_1253,Euro Shopping Channel,(91) 555 94 44,"C/ Moralzarzal, 86",Madrid,28034,Spain,Freyre,Diego,Small,24,6,2019
2707,10274,32,58.6,4,1875.2,3023,Shipped,Planes,49,S72_1253,Collectables For Less Inc.,6175558555,7825 Douglas Av.,Brickhaven,58339,USA,Nelson,Allen,Small,21,7,2019
2708,10283,43,57.61,1,2477.23,2994,Shipped,Planes,49,S72_1253,"Royal Canadian Collectables, Ltd.",(604) 555-4555,23 Tsawassen Blvd.,Tsawassen,T2F 8M4,Canada,Lincoln,Elizabeth,Small,20,8,2019
2709,10296,21,45.19,10,948.99,2969,Shipped,Planes,49,S72_1253,"Bavarian Collectables Imports, Co.",+49 89 61 08 9555,Hansastr. 15,Munich,80686,Germany,Donnermeyer,Michael,Small,15,9,2019
2710,10307,34,53.63,4,1823.42,2941,Shipped,Planes,49,S72_1253,"Classic Gift Ideas, Inc",2155554695,782 First Street,Philadelphia,71270,USA,Cervantes,Francisca,Small,14,10,2019
2711,10316,34,43.7,12,1485.8,2924,Shipped,Planes,49,S72_1253,giftsbymail.co.uk,(198) 555-8888,Garden House Crowther Way,Cowes,PO31 7PJ,UK,Bennett,Helen,Small,1,11,2019
2712,10329,44,86.13,8,3789.72,2911,Shipped,Planes,49,S72_1253,Land of Toys Inc.,2125557818,897 Long Airport Avenue,NYC,10022,USA,Yu,Kwai,Medium,15,11,2019
2713,10339,27,76.31,6,2060.37,2904,Shipped,Planes,49,S72_1253,"Tokyo Collectables, Ltd",+81 3 3584 0555,2-2-8 Roppongi,Minato-ku,106-0032,Japan,Shimamura,Akiko,Small,23,11,2019
2714,10352,49,52.64,4,2579.36,2895,Shipped,Planes,49,S72_1253,Auto-Moto Classics Inc.,6175558428,16780 Pompton St.,Brickhaven,58339,USA,Taylor,Leslie,Small,3,12,2019
2715,10361,23,95.2,12,2189.6,2882,Shipped,Planes,49,S72_1253,Souveniers And Things Co.,+61 2 9495 8555,"Monitor Money Building, 815 Pacific Hwy",Chatswood,2067,Australia,Huxley,Adrian,Small,17,12,2019
2716,10373,25,64.97,9,1624.25,2838,Shipped,Planes,49,S72_1253,"Oulu Toy Supplies, Inc.",981-443655,Torikatu 38,Oulu,90110,Finland,Koskitalo,Pirkko,Small,31,1,2020
2717,10386,50,87.15,16,4357.5,2809,Resolved,Planes,49,S72_1253,Euro Shopping Channel,(91) 555 94 44,"C/ Moralzarzal, 86",Madrid,28034,Spain,Freyre,Diego,Medium,1,3,2020
2718,10398,34,40.22,1,1367.48,2781,Shipped,Planes,49,S72_1253,Reims Collectables,26.47.1555,59 rue de l'Abbaye,Reims,51100,France,Henriot,Paul,Small,30,3,2020
2719,10400,20,56.12,4,1122.4,2780,Shipped,Planes,49,S72_1253,The Sharp Gifts Warehouse,4085553659,3086 Ingle Ln.,San Jose,94217,USA,Frick,Sue,Small,1,4,2020
2720,10415,42,57.61,3,2419.62,2743,Disputed,Planes,49,S72_1253,"Australian Collectables, Ltd",61-9-3844-6555,7 Allen Street,Glen Waverly,3150,Australia,Connery,Sean,Small,9,5,2020
2721,10105,25,56.78,8,1419.5,3562,Shipped,Ships,54,S72_3212,Danish Wholesale Imports,31 12 3555,Vinb'ltet 34,Kobenhavn,1734,Denmark,Petersen,Jytte,Small,11,2,2018
2722,10117,50,43.68,2,2184.0,3499,Shipped,Ships,54,S72_3212,"Dragon Souveniers, Ltd.",+65 221 7555,"Bronz Sok., Bronz Apt. 3/6 Tesvikiye",Singapore,79903,Singapore,Natividad,Eric,Small,16,4,2018
2723,10129,32,64.97,8,2079.04,3443,Shipped,Ships,54,S72_3212,"Stylish Desk Decors, Co.",(171) 555-0297,35 King George,London,WX3 6FW,UK,Brown,Ann,Small,12,6,2018
2724,10142,39,44.23,5,1724.97,3387,Shipped,Ships,54,S72_3212,Mini Gifts Distributors Ltd.,4155551450,5677 Strong St.,San Rafael,97562,USA,Nelson,Valarie,Small,8,8,2018
2725,10153,50,60.06,4,3003.0,3337,Shipped,Ships,54,S72_3212,Euro Shopping Channel,(91) 555 94 44,"C/ Moralzarzal, 86",Madrid,28034,Spain,Freyre,Diego,Medium,28,9,2018
2726,10167,38,48.59,15,1846.42,3313,Cancelled,Ships,54,S72_3212,Scandinavian Gift Ideas,0695-34 6555,?kergatan 24,Boras,S-844 67,Sweden,Larsson,Maria,Small,23,10,2018
2727,10177,40,50.23,6,2009.2,3299,Shipped,Ships,54,S72_3212,CAF Imports,+34 913 728 555,"Merchants House, 27-30 Merchant's Quay",Madrid,28023,Spain,Fernandez,Jesus,Small,7,11,2018
2728,10185,28,64.43,6,1804.04,3293,Shipped,Ships,54,S72_3212,Mini Creations Ltd.,5085559555,4575 Hillside Dr.,New Bedford,50553,USA,Tam,Wing C,Small,14,11,2018
2729,10197,42,50.23,12,2109.66,3282,Shipped,Ships,54,S72_3212,Enaco Distributors,(93) 203 4555,"Rambla de Catalu¤a, 23",Barcelona,8022,Spain,Saavedra,Eduardo,Small,26,11,2018
2730,10208,42,63.88,6,2682.96,3246,Shipped,Ships,54,S72_3212,"Saveley & Henriot, Co.",78.32.5555,"2, rue du Commerce",Lyon,69004,France,Saveley,Mary,Small,2,1,2019
2731,10222,36,63.34,18,2280.24,3199,Shipped,Ships,54,S72_3212,Collectable Mini Designs Co.,7605558146,361 Furth Circle,San Diego,91217,USA,Thompson,Valarie,Small,19,2,2019
2732,10232,24,49.69,3,1192.56,3171,Shipped,Ships,54,S72_3212,giftsbymail.co.uk,(198) 555-8888,Garden House Crowther Way,Cowes,PO31 7PJ,UK,Bennett,Helen,Small,20,3,2019
2733,10248,23,65.52,9,1506.96,3124,Cancelled,Ships,54,S72_3212,Land of Toys Inc.,2125557818,897 Long Airport Avenue,NYC,10022,USA,Yu,Kwai,Small,7,5,2019
2734,10261,29,50.78,7,1472.62,3084,Shipped,Ships,54,S72_3212,Quebec Home Shopping Network,(514) 555-8054,43 rue St. Laurent,Montreal,H1J 1C3,Canada,Fresnisre,Jean,Small,17,6,2019
2735,10273,37,45.86,10,1696.82,3051,Shipped,Ships,54,S72_3212,Petit Auto,(02) 5554 67,Rue Joseph-Bens 532,Bruxelles,B-1180,Belgium,Dewey,Catherine,Small,21,7,2019
2736,10283,33,51.32,12,1693.56,3022,Shipped,Ships,54,S72_3212,"Royal Canadian Collectables, Ltd.",(604) 555-4555,23 Tsawassen Blvd.,Tsawassen,T2F 8M4,Canada,Lincoln,Elizabeth,Small,20,8,2019
2737,10293,32,60.06,1,1921.92,3003,Shipped,Ships,54,S72_3212,Amica Models & Co.,011-4988555,Via Monte Bianco 34,Torino,10100,Italy,Accorti,Paolo,Small,9,9,2019
2738,10306,35,59.51,6,2082.85,2969,Shipped,Ships,54,S72_3212,"AV Stores, Co.",(171) 555-1555,Fauntleroy Circus,Manchester,EC2 5NT,UK,Ashworth,Victoria,Small,14,10,2019
2739,10315,40,55.69,5,2227.6,2955,Shipped,Ships,54,S72_3212,La Rochelle Gifts,40.67.8555,"67, rue des Cinquante Otages",Nantes,44000,France,Labrune,Janine,Small,29,10,2019
2740,10327,37,86.74,4,3209.38,2944,Resolved,Ships,54,S72_3212,Danish Wholesale Imports,31 12 3555,Vinb'ltet 34,Kobenhavn,1734,Denmark,Petersen,Jytte,Medium,10,11,2019
2741,10337,42,97.16,5,4080.72,2934,Shipped,Ships,54,S72_3212,Classic Legends Inc.,2125558493,5905 Pompton St.,NYC,10022,USA,Hernandez,Maria,Medium,21,11,2019
2742,10350,20,112.22,15,2244.4,2924,Shipped,Ships,54,S72_3212,Euro Shopping Channel,(91) 555 94 44,"C/ Moralzarzal, 86",Madrid,28034,Spain,Freyre,Diego,Small,2,12,2019
2743,10373,29,137.19,1,3978.51,2865,Shipped,Ships,54,S72_3212,"Oulu Toy Supplies, Inc.",981-443655,Torikatu 38,Oulu,90110,Finland,Koskitalo,Pirkko,Medium,31,1,2020
2744,10386,43,125.99,4,5417.57,2836,Resolved,Ships,54,S72_3212,Euro Shopping Channel,(91) 555 94 44,"C/ Moralzarzal, 86",Madrid,28034,Spain,Freyre,Diego,Medium,1,3,2020
2745,10397,34,62.24,1,2116.16,2810,Shipped,Ships,54,S72_3212,Alpha Cognac,61.77.6555,1 rue Alsace-Lorraine,Toulouse,31000,France,Roulet,Annette,Small,28,3,2020
2746,10414,47,65.52,9,3079.44,2772,On Hold,Ships,54,S72_3212,Gifts4AllAges.com,6175559555,8616 Spinnaker Dr.,Boston,51003,USA,Yoshido,Juri,Medium,6,5,2020
